carrier_name,name_normalized,cert_date,reason,line_count,metric_ton_total,candidate_pool_size,fgis_record_id,ambiguous_vessel_keys,resolved_vessel_key,reviewer_note
AQUITANIA,AQUITANIA,2024-10-13,unmatched_ambiguous,3,67442.0,11,UNMATCHED-AQUITANIA-20241013,"1199, 5239",,
AGHIA SKEPI,AGHIASKEPI,2019-03-27,unmatched_no_candidate,2,49490.0,6,UNMATCHED-AGHIASKEPI-20190327,,,
MAESTRO PEARL,MAESTROPEARL,2019-08-14,unmatched_no_candidate,1,27231.0,5,UNMATCHED-MAESTROPEARL-20190814,,,
SUNSHINE,SUNSHINE,2019-08-16,unmatched_no_candidate,1,13530.0,11,UNMATCHED-SUNSHINE-20190816,,,
SEAS I,SEASI,2019-10-09,unmatched_no_candidate,1,22976.0,5,UNMATCHED-SEASI-20191009,,,
CRISTINA B,CRISTINAB,2019-10-12,unmatched_no_candidate,1,66055.0,7,UNMATCHED-CRISTINAB-20191012,,,
TRUSTIN TRADER II,TRUSTINTRADERII,2019-11-02,unmatched_no_candidate,1,69890.0,11,UNMATCHED-TRUSTINTRADERII-20191102,,,
CEMTEX INNOVATION,CEMTEXINNOVATION,2019-11-14,unmatched_no_candidate,1,40117.0,4,UNMATCHED-CEMTEXINNOVATION-20191114,,,
CEMTEX INNOVATION,CEMTEXINNOVATION,2019-11-15,unmatched_no_candidate,1,29095.0,6,UNMATCHED-CEMTEXINNOVATION-20191115,,,
NIKKEI PROGERSSO,NIKKEIPROGERSSO,2019-12-20,unmatched_no_candidate,1,9232.0,7,UNMATCHED-NIKKEIPROGERSSO-20191220,,,
CEMTEX HONOR,CEMTEXHONOR,2020-01-01,unmatched_no_candidate,1,72599.0,4,UNMATCHED-CEMTEXHONOR-20200101,,,
STORM RIDER,STORMRIDER,2020-08-04,unmatched_no_candidate,1,22000.0,7,UNMATCHED-STORMRIDER-20200804,,,
HAMBURG PEARL,HAMBURGPEARL,2020-08-09,unmatched_no_candidate,1,27973.0,3,UNMATCHED-HAMBURGPEARL-20200809,,,
NAVIOS PROSPERITY I,NAVIOSPROSPERITYI,2020-08-13,unmatched_no_candidate,1,63046.0,9,UNMATCHED-NAVIOSPROSPERITYI-20200813,,,
HARVEST TIME,HARVESTTIME,2020-08-14,unmatched_no_candidate,1,85560.0,5,UNMATCHED-HARVESTTIME-20200814,,,
REGO,REGO,2020-08-16,unmatched_no_candidate,1,30632.0,5,UNMATCHED-REGO-20200816,,,
ABYSSINIAN,ABYSSINIAN,2020-08-29,unmatched_no_candidate,1,22000.0,6,UNMATCHED-ABYSSINIAN-20200829,,,
LUBIE,LUBIE,2020-09-05,unmatched_no_candidate,1,13412.0,6,UNMATCHED-LUBIE-20200905,,,
CEMTEX SINCERITY,CEMTEXSINCERITY,2020-09-20,unmatched_no_candidate,2,70572.0,3,UNMATCHED-CEMTEXSINCERITY-20200920,,,
OREGON HARMONY,OREGONHARMONY,2020-09-24,unmatched_no_candidate,1,35683.0,7,UNMATCHED-OREGONHARMONY-20200924,,,
ZHOUSHAN ISLAND,ZHOUSHANISLAND,2020-10-16,unmatched_no_candidate,1,54999.0,11,UNMATCHED-ZHOUSHANISLAND-20201016,,,
OREGON HARMONY,OREGONHARMONY,2020-10-21,unmatched_no_candidate,1,35503.0,5,UNMATCHED-OREGONHARMONY-20201021,,,
AETORIA,AETORIA,2020-11-05,unmatched_no_candidate,1,19615.0,14,UNMATCHED-AETORIA-20201105,,,
GENCO AQUITAINE,GENCOAQUITAINE,2020-11-18,unmatched_no_candidate,1,34611.0,8,UNMATCHED-GENCOAQUITAINE-20201118,,,
MITOSE,MITOSE,2020-11-22,unmatched_no_candidate,1,66003.0,9,UNMATCHED-MITOSE-20201122,,,
CEMTEX LEADER,CEMTEXLEADER,2020-11-23,unmatched_no_candidate,1,76280.0,9,UNMATCHED-CEMTEXLEADER-20201123,,,
TOMINI FELICITY,TOMINIFELICITY,2020-12-02,unmatched_no_candidate,1,10982.0,7,UNMATCHED-TOMINIFELICITY-20201202,,,
CEMTEX INNOVATION,CEMTEXINNOVATION,2020-12-15,unmatched_no_candidate,1,71260.0,11,UNMATCHED-CEMTEXINNOVATION-20201215,,,
TAI HONESTY,TAIHONESTY,2020-12-23,unmatched_no_candidate,1,50000.0,9,UNMATCHED-TAIHONESTY-20201223,,,
DORIC SHOGUN,DORICSHOGUN,2020-12-27,unmatched_no_candidate,1,59320.0,8,UNMATCHED-DORICSHOGUN-20201227,,,
SAITA l,SAITAL,2020-12-29,unmatched_no_candidate,1,71039.0,12,UNMATCHED-SAITAL-20201229,,,
ASTORIA HARMONY,ASTORIAHARMONY,2021-01-11,unmatched_no_candidate,1,35405.0,2,UNMATCHED-ASTORIAHARMONY-20210111,,,
NANJING CONFIDENCE,NANJINGCONFIDENCE,2021-01-20,unmatched_no_candidate,2,37497.0,8,UNMATCHED-NANJINGCONFIDENCE-20210120,,,
ULTRA LANIGAN,ULTRALANIGAN,2021-01-25,unmatched_no_candidate,1,50792.0,3,UNMATCHED-ULTRALANIGAN-20210125,,,
SATIGNY,SATIGNY,2021-02-01,unmatched_no_candidate,1,32473.0,7,UNMATCHED-SATIGNY-20210201,,,
SAILING SKY,SAILINGSKY,2021-02-08,unmatched_no_candidate,1,10955.0,6,UNMATCHED-SAILINGSKY-20210208,,,
SAILING SKY,SAILINGSKY,2021-02-09,unmatched_no_candidate,1,17930.0,10,UNMATCHED-SAILINGSKY-20210209,,,
SEABONI,SEABONI,2021-02-19,unmatched_no_candidate,1,54999.0,4,UNMATCHED-SEABONI-20210219,,,
ANNE METTE BULKER,ANNEMETTEBULKER,2021-03-11,unmatched_no_candidate,1,23034.0,7,UNMATCHED-ANNEMETTEBULKER-20210311,,,
ISE HARMONY,ISEHARMONY,2021-03-15,unmatched_no_candidate,1,23650.0,7,UNMATCHED-ISEHARMONY-20210315,,,
CEMTEX INNOVATION,CEMTEXINNOVATION,2021-04-06,unmatched_no_candidate,1,70730.0,8,UNMATCHED-CEMTEXINNOVATION-20210406,,,
SHELIA,SHELIA,2021-06-05,unmatched_no_candidate,1,2900.0,4,UNMATCHED-SHELIA-20210605,,,
CHICAGO HARMONY,CHICAGOHARMONY,2021-06-25,unmatched_no_candidate,1,7903.0,5,UNMATCHED-CHICAGOHARMONY-20210625,,,
CEMTEX INNOVATION,CEMTEXINNOVATION,2021-07-28,unmatched_no_candidate,1,70718.0,8,UNMATCHED-CEMTEXINNOVATION-20210728,,,
HAMBURG CITY,HAMBURGCITY,2021-09-11,unmatched_no_candidate,1,30815.0,3,UNMATCHED-HAMBURGCITY-20210911,,,
BEKS CEYDA,BEKSCEYDA,2021-10-23,unmatched_no_candidate,1,57182.0,8,UNMATCHED-BEKSCEYDA-20211023,,,
HONEY BADGER,HONEYBADGER,2021-10-29,unmatched_no_candidate,1,56438.0,9,UNMATCHED-HONEYBADGER-20211029,,,
ULTRA DYNAMIC,ULTRADYNAMIC,2021-11-03,unmatched_no_candidate,1,34552.0,8,UNMATCHED-ULTRADYNAMIC-20211103,,,
NORDSUN,NORDSUN,2021-11-07,unmatched_no_candidate,1,22967.0,10,UNMATCHED-NORDSUN-20211107,,,
GEIKO K,GEIKOK,2021-11-19,unmatched_no_candidate,1,21150.0,9,UNMATCHED-GEIKOK-20211119,,,
JIA SHENG SHAN,JIASHENGSHAN,2021-11-26,unmatched_no_candidate,1,37299.0,7,UNMATCHED-JIASHENGSHAN-20211126,,,
BELFUJI,BELFUJI,2021-12-09,unmatched_no_candidate,1,39307.0,5,UNMATCHED-BELFUJI-20211209,,,
PILON,PILON,2021-12-21,unmatched_no_candidate,1,44503.0,6,UNMATCHED-PILON-20211221,,,
ALTANTIC MONTERREY,ALTANTICMONTERREY,2022-01-03,unmatched_no_candidate,1,32118.0,6,UNMATCHED-ALTANTICMONTERREY-20220103,,,
NAVIGARE BOREAS,NAVIGAREBOREAS,2022-01-09,unmatched_no_candidate,1,25923.0,10,UNMATCHED-NAVIGAREBOREAS-20220109,,,
DREAM ACEAN,DREAMACEAN,2022-01-11,unmatched_no_candidate,1,5220.0,6,UNMATCHED-DREAMACEAN-20220111,,,
SPAR VEGA,SPARVEGA,2022-02-23,unmatched_no_candidate,1,11871.0,3,UNMATCHED-SPARVEGA-20220223,,,
SPAR VEGA,SPARVEGA,2022-02-24,unmatched_no_candidate,1,11607.0,7,UNMATCHED-SPARVEGA-20220224,,,
PAPAYIANNIS lll,PAPAYIANNISLLL,2022-03-26,unmatched_no_candidate,1,34467.0,7,UNMATCHED-PAPAYIANNISLLL-20220326,,,
SSl TRIUMPH,SSLTRIUMPH,2022-04-02,unmatched_no_candidate,1,26119.0,9,UNMATCHED-SSLTRIUMPH-20220402,,,
GENCO FREEDOM,GENCOFREEDOM,2022-04-03,unmatched_no_candidate,1,11000.0,7,UNMATCHED-GENCOFREEDOM-20220403,,,
GENCO FREEDOM,GENCOFREEDOM,2022-04-04,unmatched_no_candidate,1,12100.0,8,UNMATCHED-GENCOFREEDOM-20220404,,,
BULK JAMAICA,BULKJAMAICA,2022-04-23,unmatched_no_candidate,1,10559.0,4,UNMATCHED-BULKJAMAICA-20220423,,,
BULK JAMAICA,BULKJAMAICA,2022-04-24,unmatched_no_candidate,1,50018.0,7,UNMATCHED-BULKJAMAICA-20220424,,,
CS SATIRA,CSSATIRA,2022-05-02,unmatched_no_candidate,1,31499.0,6,UNMATCHED-CSSATIRA-20220502,,,
ERNST OLDENDORFF,ERNSTOLDENDORFF,2022-05-29,unmatched_no_candidate,1,8354.0,7,UNMATCHED-ERNSTOLDENDORFF-20220529,,,
FEDERAL MASMUNE,FEDERALMASMUNE,2022-10-13,unmatched_no_candidate,1,57207.0,8,UNMATCHED-FEDERALMASMUNE-20221013,,,
GL GENEVA,GLGENEVA,2022-12-15,unmatched_no_candidate,1,78099.0,7,UNMATCHED-GLGENEVA-20221215,,,
KK PROGESSION,KKPROGESSION,2022-12-23,unmatched_no_candidate,1,50235.0,5,UNMATCHED-KKPROGESSION-20221223,,,
SCARET ROSELLA,SCARETROSELLA,2023-01-10,unmatched_no_candidate,1,72281.0,11,UNMATCHED-SCARETROSELLA-20230110,,,
STRATEGIC SAVANNAH,STRATEGICSAVANNAH,2023-03-09,unmatched_no_candidate,1,22773.0,7,UNMATCHED-STRATEGICSAVANNAH-20230309,,,
HANDY HEIDI,HANDYHEIDI,2023-06-30,unmatched_no_candidate,1,26059.0,5,UNMATCHED-HANDYHEIDI-20230630,,,
AOM SOPHIE ll,AOMSOPHIELL,2023-10-31,unmatched_no_candidate,1,70082.0,5,UNMATCHED-AOMSOPHIELL-20231031,,,
UBC STRAVANGER,UBCSTRAVANGER,2024-01-25,unmatched_no_candidate,1,13922.0,2,UNMATCHED-UBCSTRAVANGER-20240125,,,
MG MECURY,MGMECURY,2024-02-07,unmatched_no_candidate,1,55001.0,8,UNMATCHED-MGMECURY-20240207,,,
LIBERTY GRACE,LIBERTYGRACE,2024-02-14,unmatched_no_candidate,2,11000.0,9,UNMATCHED-LIBERTYGRACE-20240214,,,
LIBERTY GRACE,LIBERTYGRACE,2024-02-15,unmatched_no_candidate,1,16497.0,9,UNMATCHED-LIBERTYGRACE-20240215,,,
XIN AN XING,XINANXING,2024-03-11,unmatched_no_candidate,1,33187.0,9,UNMATCHED-XINANXING-20240311,,,
TARRAGONA,TARRAGONA,2024-04-03,unmatched_no_candidate,1,21001.0,4,UNMATCHED-TARRAGONA-20240403,,,
FOREST TRADER,FORESTTRADER,2024-06-05,unmatched_no_candidate,1,31741.0,6,UNMATCHED-FORESTTRADER-20240605,,,
KOTOR,KOTOR,2024-09-28,unmatched_no_candidate,1,25146.0,6,UNMATCHED-KOTOR-20240928,,,
CHARILE,CHARILE,2024-10-07,unmatched_no_candidate,1,7120.0,7,UNMATCHED-CHARILE-20241007,,,
UBC HALFAX,UBCHALFAX,2024-11-28,unmatched_no_candidate,1,13486.0,7,UNMATCHED-UBCHALFAX-20241128,,,
UBC HALIFAX,UBCHALIFAX,2024-12-04,unmatched_no_candidate,1,2820.0,6,UNMATCHED-UBCHALIFAX-20241204,,,
/V ARKLOW SPIRIT,VARKLOWSPIRIT,2025-03-12,unmatched_no_candidate,1,4400.0,4,UNMATCHED-VARKLOWSPIRIT-20250312,,,
LIBERTY GRACE,LIBERTYGRACE,2025-05-06,unmatched_no_candidate,1,21500.0,4,UNMATCHED-LIBERTYGRACE-20250506,,,
COREFORTUNE,COREFORTUNE,2025-08-21,unmatched_no_candidate,1,11505.0,8,UNMATCHED-COREFORTUNE-20250821,,,
LOWALANDS HOPE,LOWALANDSHOPE,2025-10-23,unmatched_no_candidate,1,32932.0,4,UNMATCHED-LOWALANDSHOPE-20251023,,,
PERTH l,PERTHL,2026-03-17,unmatched_no_candidate,2,47887.0,12,UNMATCHED-PERTHL-20260317,,,
SYROS l,SYROSL,2026-03-27,unmatched_no_candidate,1,74695.0,9,UNMATCHED-SYROSL-20260327,,,
SAKURA L,SAKURAL,2026-03-28,unmatched_no_candidate,1,61017.0,9,UNMATCHED-SAKURAL-20260328,,,
ALORA,ALORA,2026-04-28,unmatched_no_candidate,1,43998.0,5,UNMATCHED-ALORA-20260428,,,
AEOLOS,AEOLOS,2026-06-22,unmatched_no_candidate,1,60020.0,8,UNMATCHED-AEOLOS-20260622,,,
OCEAN HELOS,OCEANHELOS,2026-07-03,unmatched_no_candidate,1,22646.0,5,UNMATCHED-OCEANHELOS-20260703,,,
COLUMBIA RIVER,COLUMBIARIVER,2018-01-01,unmatched_outside_coverage,1,53850.0,0,UNMATCHED-COLUMBIARIVER-20180101,,,
GREENWICH EAGLE,GREENWICHEAGLE,2018-01-01,unmatched_outside_coverage,1,6015.0,0,UNMATCHED-GREENWICHEAGLE-20180101,,,
HARVEST FROST,HARVESTFROST,2018-01-01,unmatched_outside_coverage,1,85188.0,0,UNMATCHED-HARVESTFROST-20180101,,,
INA,INA,2018-01-01,unmatched_outside_coverage,1,7784.0,0,UNMATCHED-INA-20180101,,,
MIEDWIE,MIEDWIE,2018-01-01,unmatched_outside_coverage,1,21999.0,0,UNMATCHED-MIEDWIE-20180101,,,
POLA INDIAN,POLAINDIAN,2018-01-01,unmatched_outside_coverage,2,36003.0,0,UNMATCHED-POLAINDIAN-20180101,,,
YARRAWONGA,YARRAWONGA,2018-01-01,unmatched_outside_coverage,1,71737.0,0,UNMATCHED-YARRAWONGA-20180101,,,
ZHENG ZHI,ZHENGZHI,2018-01-01,unmatched_outside_coverage,1,72237.0,0,UNMATCHED-ZHENGZHI-20180101,,,
AOM MILENA,AOMMILENA,2018-01-02,unmatched_outside_coverage,1,67586.0,0,UNMATCHED-AOMMILENA-20180102,,,
HELGA BULKER,HELGABULKER,2018-01-02,unmatched_outside_coverage,1,33000.0,0,UNMATCHED-HELGABULKER-20180102,,,
HUAYANG SPIRIT,HUAYANGSPIRIT,2018-01-02,unmatched_outside_coverage,1,64918.0,0,UNMATCHED-HUAYANGSPIRIT-20180102,,,
NEWSEAS PEARL,NEWSEASPEARL,2018-01-02,unmatched_outside_coverage,1,31369.0,0,UNMATCHED-NEWSEASPEARL-20180102,,,
PROMISE 1,PROMISE1,2018-01-02,unmatched_outside_coverage,1,7296.0,0,UNMATCHED-PROMISE1-20180102,,,
SILVERFJORD,SILVERFJORD,2018-01-02,unmatched_outside_coverage,1,8800.0,0,UNMATCHED-SILVERFJORD-20180102,,,
CENTURY EMERALD,CENTURYEMERALD,2018-01-03,unmatched_outside_coverage,2,13200.0,0,UNMATCHED-CENTURYEMERALD-20180103,,,
FARAH LOUISE,FARAHLOUISE,2018-01-03,unmatched_outside_coverage,1,71499.0,0,UNMATCHED-FARAHLOUISE-20180103,,,
GENCO CHARGER,GENCOCHARGER,2018-01-03,unmatched_outside_coverage,2,24728.0,0,UNMATCHED-GENCOCHARGER-20180103,,,
GREENWICH EAGLE,GREENWICHEAGLE,2018-01-03,unmatched_outside_coverage,1,30088.0,0,UNMATCHED-GREENWICHEAGLE-20180103,,,
INTERLINK CAPACITY,INTERLINKCAPACITY,2018-01-03,unmatched_outside_coverage,1,36919.0,0,UNMATCHED-INTERLINKCAPACITY-20180103,,,
PROMISE 1,PROMISE1,2018-01-03,unmatched_outside_coverage,1,19029.0,0,UNMATCHED-PROMISE1-20180103,,,
RILA,RILA,2018-01-04,unmatched_outside_coverage,1,38502.0,0,UNMATCHED-RILA-20180104,,,
ULTRA TOLHUACA,ULTRATOLHUACA,2018-01-04,unmatched_outside_coverage,1,33545.0,0,UNMATCHED-ULTRATOLHUACA-20180104,,,
UNITED HARMONY,UNITEDHARMONY,2018-01-04,unmatched_outside_coverage,1,3850.0,0,UNMATCHED-UNITEDHARMONY-20180104,,,
DESERT HARRIER,DESERTHARRIER,2018-01-05,unmatched_outside_coverage,1,11602.0,0,UNMATCHED-DESERTHARRIER-20180105,,,
DESERT RHAPSODY,DESERTRHAPSODY,2018-01-05,unmatched_outside_coverage,1,29246.0,0,UNMATCHED-DESERTRHAPSODY-20180105,,,
GOLDENEYE,GOLDENEYE,2018-01-05,unmatched_outside_coverage,1,38498.0,0,UNMATCHED-GOLDENEYE-20180105,,,
KEY PACIFICO,KEYPACIFICO,2018-01-05,unmatched_outside_coverage,1,69583.0,0,UNMATCHED-KEYPACIFICO-20180105,,,
STRATEGIC VISION,STRATEGICVISION,2018-01-05,unmatched_outside_coverage,1,6600.0,0,UNMATCHED-STRATEGICVISION-20180105,,,
UNITED HARMONY,UNITEDHARMONY,2018-01-05,unmatched_outside_coverage,2,19080.0,0,UNMATCHED-UNITEDHARMONY-20180105,,,
BBG DREAM,BBGDREAM,2018-01-06,unmatched_outside_coverage,1,70621.0,0,UNMATCHED-BBGDREAM-20180106,,,
CALIPSO,CALIPSO,2018-01-06,unmatched_outside_coverage,1,56450.0,0,UNMATCHED-CALIPSO-20180106,,,
DESERT HARRIER,DESERTHARRIER,2018-01-06,unmatched_outside_coverage,1,32230.0,0,UNMATCHED-DESERTHARRIER-20180106,,,
DRAGONERA,DRAGONERA,2018-01-06,unmatched_outside_coverage,1,30000.0,0,UNMATCHED-DRAGONERA-20180106,,,
KEA,KEA,2018-01-06,unmatched_outside_coverage,1,65223.0,0,UNMATCHED-KEA-20180106,,,
NANNING,NANNING,2018-01-06,unmatched_outside_coverage,1,24863.0,0,UNMATCHED-NANNING-20180106,,,
SIMURGH,SIMURGH,2018-01-06,unmatched_outside_coverage,2,12118.0,0,UNMATCHED-SIMURGH-20180106,,,
SUNNY ROYAL,SUNNYROYAL,2018-01-06,unmatched_outside_coverage,2,54954.0,0,UNMATCHED-SUNNYROYAL-20180106,,,
ANACAPA LIGHT,ANACAPALIGHT,2018-01-07,unmatched_outside_coverage,1,16828.0,0,UNMATCHED-ANACAPALIGHT-20180107,,,
IVS KINGLET,IVSKINGLET,2018-01-07,unmatched_outside_coverage,1,31701.0,0,UNMATCHED-IVSKINGLET-20180107,,,
NANNING,NANNING,2018-01-07,unmatched_outside_coverage,1,11550.0,0,UNMATCHED-NANNING-20180107,,,
SIMURGH,SIMURGH,2018-01-07,unmatched_outside_coverage,1,10395.0,0,UNMATCHED-SIMURGH-20180107,,,
PALAIS,PALAIS,2018-01-08,unmatched_outside_coverage,2,64999.0,0,UNMATCHED-PALAIS-20180108,,,
SASEBO ECO,SASEBOECO,2018-01-08,unmatched_outside_coverage,1,69422.0,0,UNMATCHED-SASEBOECO-20180108,,,
CYMONA PROGRESS,CYMONAPROGRESS,2018-01-09,unmatched_outside_coverage,1,71499.0,0,UNMATCHED-CYMONAPROGRESS-20180109,,,
GIORGIS,GIORGIS,2018-01-09,unmatched_outside_coverage,1,70664.0,0,UNMATCHED-GIORGIS-20180109,,,
INTERLINK AFFINITY,INTERLINKAFFINITY,2018-01-09,unmatched_outside_coverage,1,24898.0,0,UNMATCHED-INTERLINKAFFINITY-20180109,,,
LUNITA,LUNITA,2018-01-09,unmatched_outside_coverage,1,49094.0,0,UNMATCHED-LUNITA-20180109,,,
SIMURGH,SIMURGH,2018-01-09,unmatched_outside_coverage,1,27352.0,0,UNMATCHED-SIMURGH-20180109,,,
STAMFORD EAGLE,STAMFORDEAGLE,2018-01-09,unmatched_outside_coverage,1,21824.0,0,UNMATCHED-STAMFORDEAGLE-20180109,,,
DRAGON,DRAGON,2018-01-10,unmatched_outside_coverage,1,69216.0,0,UNMATCHED-DRAGON-20180110,,,
SAGE AMAZON,SAGEAMAZON,2018-01-10,unmatched_outside_coverage,1,3902.0,0,UNMATCHED-SAGEAMAZON-20180110,,,
UBC STAVANGER,UBCSTAVANGER,2018-01-10,unmatched_outside_coverage,1,30467.0,0,UNMATCHED-UBCSTAVANGER-20180110,,,
ELBABE,ELBABE,2018-01-11,unmatched_outside_coverage,1,56097.0,0,UNMATCHED-ELBABE-20180111,,,
JIAN GUO HAI,JIANGUOHAI,2018-01-11,unmatched_outside_coverage,1,6866.0,0,UNMATCHED-JIANGUOHAI-20180111,,,
ROSCO CYPRESS,ROSCOCYPRESS,2018-01-11,unmatched_outside_coverage,1,66713.0,0,UNMATCHED-ROSCOCYPRESS-20180111,,,
UBC BATON ROUGE,UBCBATONROUGE,2018-01-11,unmatched_outside_coverage,2,21207.0,0,UNMATCHED-UBCBATONROUGE-20180111,,,
ABY JEANNETTE,ABYJEANNETTE,2018-01-12,unmatched_outside_coverage,2,68970.0,0,UNMATCHED-ABYJEANNETTE-20180112,,,
ANITA N,ANITAN,2018-01-12,unmatched_outside_coverage,1,11423.0,0,UNMATCHED-ANITAN-20180112,,,
PEGASOS,PEGASOS,2018-01-12,unmatched_outside_coverage,1,71499.0,0,UNMATCHED-PEGASOS-20180112,,,
SERVET ANA,SERVETANA,2018-01-12,unmatched_outside_coverage,1,23907.0,0,UNMATCHED-SERVETANA-20180112,,,
AFRICAN RAPTOR,AFRICANRAPTOR,2018-01-13,unmatched_outside_coverage,1,52421.0,0,UNMATCHED-AFRICANRAPTOR-20180113,,,
ANDROS,ANDROS,2018-01-13,unmatched_outside_coverage,1,71715.0,0,UNMATCHED-ANDROS-20180113,,,
CF DIAMOND,CFDIAMOND,2018-01-13,unmatched_outside_coverage,1,64617.0,0,UNMATCHED-CFDIAMOND-20180113,,,
CS JENNA,CSJENNA,2018-01-13,unmatched_outside_coverage,1,32551.0,0,UNMATCHED-CSJENNA-20180113,,,
FEDERAL MARGAREE,FEDERALMARGAREE,2018-01-13,unmatched_outside_coverage,1,4152.0,0,UNMATCHED-FEDERALMARGAREE-20180113,,,
JIAN GUO HAI,JIANGUOHAI,2018-01-13,unmatched_outside_coverage,1,22351.0,0,UNMATCHED-JIANGUOHAI-20180113,,,
SAGE AMAZON,SAGEAMAZON,2018-01-13,unmatched_outside_coverage,2,27768.0,0,UNMATCHED-SAGEAMAZON-20180113,,,
ST PAUL,STPAUL,2018-01-13,unmatched_outside_coverage,1,53315.0,0,UNMATCHED-STPAUL-20180113,,,
ANITA N,ANITAN,2018-01-14,unmatched_outside_coverage,2,31982.0,0,UNMATCHED-ANITAN-20180114,,,
FEDERAL MARGAREE,FEDERALMARGAREE,2018-01-14,unmatched_outside_coverage,2,17778.0,0,UNMATCHED-FEDERALMARGAREE-20180114,,,
INSPIRATION LAKE,INSPIRATIONLAKE,2018-01-14,unmatched_outside_coverage,1,21567.0,0,UNMATCHED-INSPIRATIONLAKE-20180114,,,
LBC EARTH,LBCEARTH,2018-01-14,unmatched_outside_coverage,1,65996.0,0,UNMATCHED-LBCEARTH-20180114,,,
MARCO,MARCO,2018-01-14,unmatched_outside_coverage,1,71358.0,0,UNMATCHED-MARCO-20180114,,,
AMADEUS,AMADEUS,2018-01-15,unmatched_outside_coverage,1,69408.0,0,UNMATCHED-AMADEUS-20180115,,,
AMANDA C,AMANDAC,2018-01-15,unmatched_outside_coverage,1,3680.0,0,UNMATCHED-AMANDAC-20180115,,,
BTG RAINIER,BTGRAINIER,2018-01-15,unmatched_outside_coverage,1,19950.0,0,UNMATCHED-BTGRAINIER-20180115,,,
CHICAGO HARMONY,CHICAGOHARMONY,2018-01-15,unmatched_outside_coverage,1,2530.0,0,UNMATCHED-CHICAGOHARMONY-20180115,,,
OCEAN PRINCESS,OCEANPRINCESS,2018-01-15,unmatched_outside_coverage,2,18140.0,0,UNMATCHED-OCEANPRINCESS-20180115,,,
SARITA NAREE,SARITANAREE,2018-01-15,unmatched_outside_coverage,1,32999.0,0,UNMATCHED-SARITANAREE-20180115,,,
TR PRINCE,TRPRINCE,2018-01-15,unmatched_outside_coverage,1,54999.0,0,UNMATCHED-TRPRINCE-20180115,,,
AMANDA C,AMANDAC,2018-01-16,unmatched_outside_coverage,2,22167.0,0,UNMATCHED-AMANDAC-20180116,,,
UBC BREMEN,UBCBREMEN,2018-01-16,unmatched_outside_coverage,1,6446.0,0,UNMATCHED-UBCBREMEN-20180116,,,
CHICAGO HARMONY,CHICAGOHARMONY,2018-01-17,unmatched_outside_coverage,1,15641.0,0,UNMATCHED-CHICAGOHARMONY-20180117,,,
OCEAN CENTURY,OCEANCENTURY,2018-01-17,unmatched_outside_coverage,2,41767.0,0,UNMATCHED-OCEANCENTURY-20180117,,,
OCEAN PRINCESS,OCEANPRINCESS,2018-01-17,unmatched_outside_coverage,1,30867.0,0,UNMATCHED-OCEANPRINCESS-20180117,,,
GENCO PREDATOR,GENCOPREDATOR,2018-01-18,unmatched_outside_coverage,1,49510.0,0,UNMATCHED-GENCOPREDATOR-20180118,,,
UBC BREMEN,UBCBREMEN,2018-01-18,unmatched_outside_coverage,1,6269.0,0,UNMATCHED-UBCBREMEN-20180118,,,
UBC TAMPA,UBCTAMPA,2018-01-18,unmatched_outside_coverage,1,30182.0,0,UNMATCHED-UBCTAMPA-20180118,,,
BALSA 92,BALSA92,2018-01-19,unmatched_outside_coverage,1,6930.0,0,UNMATCHED-BALSA92-20180119,,,
CHICAGO HARMONY,CHICAGOHARMONY,2018-01-19,unmatched_outside_coverage,1,9790.0,0,UNMATCHED-CHICAGOHARMONY-20180119,,,
LOCOMOTION,LOCOMOTION,2018-01-19,unmatched_outside_coverage,1,21019.0,0,UNMATCHED-LOCOMOTION-20180119,,,
SILVER DRAGON,SILVERDRAGON,2018-01-19,unmatched_outside_coverage,1,67372.0,0,UNMATCHED-SILVERDRAGON-20180119,,,
TRANS FRIENDSHIP II,TRANSFRIENDSHIPII,2018-01-19,unmatched_outside_coverage,1,13797.0,0,UNMATCHED-TRANSFRIENDSHIPII-20180119,,,
UBC BREMEN,UBCBREMEN,2018-01-19,unmatched_outside_coverage,1,8084.0,0,UNMATCHED-UBCBREMEN-20180119,,,
DARYA MA,DARYAMA,2018-01-20,unmatched_outside_coverage,1,70446.0,0,UNMATCHED-DARYAMA-20180120,,,
TS ECHO,TSECHO,2018-01-20,unmatched_outside_coverage,1,32989.0,0,UNMATCHED-TSECHO-20180120,,,
UBC BALBOA,UBCBALBOA,2018-01-20,unmatched_outside_coverage,1,11972.0,0,UNMATCHED-UBCBALBOA-20180120,,,
UBC TILBURY,UBCTILBURY,2018-01-20,unmatched_outside_coverage,2,36153.0,0,UNMATCHED-UBCTILBURY-20180120,,,
BALTIC WIND,BALTICWIND,2018-01-21,unmatched_outside_coverage,1,7004.0,0,UNMATCHED-BALTICWIND-20180121,,,
ELVIA,ELVIA,2018-01-21,unmatched_outside_coverage,1,76355.0,0,UNMATCHED-ELVIA-20180121,,,
OCEAN HARVEST,OCEANHARVEST,2018-01-21,unmatched_outside_coverage,2,19728.0,0,UNMATCHED-OCEANHARVEST-20180121,,,
ALEXANDRA,ALEXANDRA,2018-01-22,unmatched_outside_coverage,1,72014.0,0,UNMATCHED-ALEXANDRA-20180122,,,
LONG DAR,LONGDAR,2018-01-22,unmatched_outside_coverage,1,71296.0,0,UNMATCHED-LONGDAR-20180122,,,
OCEAN HARVEST,OCEANHARVEST,2018-01-22,unmatched_outside_coverage,1,29777.0,0,UNMATCHED-OCEANHARVEST-20180122,,,
ORIENT TIGER,ORIENTTIGER,2018-01-22,unmatched_outside_coverage,1,25538.0,0,UNMATCHED-ORIENTTIGER-20180122,,,
ORIENT TRIBUNE,ORIENTTRIBUNE,2018-01-22,unmatched_outside_coverage,1,27349.0,0,UNMATCHED-ORIENTTRIBUNE-20180122,,,
QUEEN KOBE,QUEENKOBE,2018-01-22,unmatched_outside_coverage,2,4362.0,0,UNMATCHED-QUEENKOBE-20180122,,,
SKALA,SKALA,2018-01-22,unmatched_outside_coverage,1,25262.0,0,UNMATCHED-SKALA-20180122,,,
THREE SASKIAS,THREESASKIAS,2018-01-22,unmatched_outside_coverage,1,68901.0,0,UNMATCHED-THREESASKIAS-20180122,,,
UBC SAVANNAH,UBCSAVANNAH,2018-01-22,unmatched_outside_coverage,1,30000.0,0,UNMATCHED-UBCSAVANNAH-20180122,,,
ANSAC WYOMING,ANSACWYOMING,2018-01-23,unmatched_outside_coverage,1,7754.0,0,UNMATCHED-ANSACWYOMING-20180123,,,
CIELO DI IYO,CIELODIIYO,2018-01-23,unmatched_outside_coverage,1,35690.0,0,UNMATCHED-CIELODIIYO-20180123,,,
INDRA OLDENDORFF,INDRAOLDENDORFF,2018-01-23,unmatched_outside_coverage,1,1501.0,0,UNMATCHED-INDRAOLDENDORFF-20180123,,,
OCEAN ECHO,OCEANECHO,2018-01-23,unmatched_outside_coverage,1,29999.0,0,UNMATCHED-OCEANECHO-20180123,,,
ORIENTAL ANGEL,ORIENTALANGEL,2018-01-23,unmatched_outside_coverage,1,3294.0,0,UNMATCHED-ORIENTALANGEL-20180123,,,
QUEEN KOBE,QUEENKOBE,2018-01-23,unmatched_outside_coverage,2,41838.0,0,UNMATCHED-QUEENKOBE-20180123,,,
SHANDONG FU ZE,SHANDONGFUZE,2018-01-23,unmatched_outside_coverage,1,71612.0,0,UNMATCHED-SHANDONGFUZE-20180123,,,
ANSAC WYOMING,ANSACWYOMING,2018-01-24,unmatched_outside_coverage,3,23676.0,0,UNMATCHED-ANSACWYOMING-20180124,,,
ANTON TOPIC,ANTONTOPIC,2018-01-24,unmatched_outside_coverage,1,24236.0,0,UNMATCHED-ANTONTOPIC-20180124,,,
BLUEWING,BLUEWING,2018-01-24,unmatched_outside_coverage,1,10958.0,0,UNMATCHED-BLUEWING-20180124,,,
GOLDENEYE,GOLDENEYE,2018-01-24,unmatched_outside_coverage,2,28000.0,0,UNMATCHED-GOLDENEYE-20180124,,,
INDIAN OCEAN,INDIANOCEAN,2018-01-24,unmatched_outside_coverage,1,27500.0,0,UNMATCHED-INDIANOCEAN-20180124,,,
INDRA OLDENDORFF,INDRAOLDENDORFF,2018-01-24,unmatched_outside_coverage,3,50449.0,0,UNMATCHED-INDRAOLDENDORFF-20180124,,,
ST GEORGE,STGEORGE,2018-01-24,unmatched_outside_coverage,1,29272.0,0,UNMATCHED-STGEORGE-20180124,,,
WESTERN TOSCA,WESTERNTOSCA,2018-01-24,unmatched_outside_coverage,1,31484.0,0,UNMATCHED-WESTERNTOSCA-20180124,,,
ANASA,ANASA,2018-01-25,unmatched_outside_coverage,1,51705.0,0,UNMATCHED-ANASA-20180125,,,
BLUEWING,BLUEWING,2018-01-25,unmatched_outside_coverage,1,10072.0,0,UNMATCHED-BLUEWING-20180125,,,
EVER GRACE,EVERGRACE,2018-01-25,unmatched_outside_coverage,1,71652.0,0,UNMATCHED-EVERGRACE-20180125,,,
GOLDENEYE,GOLDENEYE,2018-01-25,unmatched_outside_coverage,1,14006.0,0,UNMATCHED-GOLDENEYE-20180125,,,
INTREPID EAGLE,INTREPIDEAGLE,2018-01-25,unmatched_outside_coverage,1,22087.0,0,UNMATCHED-INTREPIDEAGLE-20180125,,,
IVS KINGLET,IVSKINGLET,2018-01-25,unmatched_outside_coverage,1,7687.0,0,UNMATCHED-IVSKINGLET-20180125,,,
ORIENTAL ANGEL,ORIENTALANGEL,2018-01-25,unmatched_outside_coverage,1,16454.0,0,UNMATCHED-ORIENTALANGEL-20180125,,,
UBC TAMPICO,UBCTAMPICO,2018-01-25,unmatched_outside_coverage,1,20600.0,0,UNMATCHED-UBCTAMPICO-20180125,,,
V GREEN HERON,VGREENHERON,2018-01-25,unmatched_outside_coverage,1,27499.0,0,UNMATCHED-VGREENHERON-20180125,,,
BLUEWING,BLUEWING,2018-01-26,unmatched_outside_coverage,1,3965.0,0,UNMATCHED-BLUEWING-20180126,,,
ORIENTAL ANGEL,ORIENTALANGEL,2018-01-26,unmatched_outside_coverage,2,29855.0,0,UNMATCHED-ORIENTALANGEL-20180126,,,
PAC ALTAIR,PACALTAIR,2018-01-26,unmatched_outside_coverage,1,24423.0,0,UNMATCHED-PACALTAIR-20180126,,,
V GREEN HERON,VGREENHERON,2018-01-26,unmatched_outside_coverage,1,19381.0,0,UNMATCHED-VGREENHERON-20180126,,,
HUA SHENG HAI,HUASHENGHAI,2018-01-27,unmatched_outside_coverage,1,71192.0,0,UNMATCHED-HUASHENGHAI-20180127,,,
INSPIRATION,INSPIRATION,2018-01-27,unmatched_outside_coverage,1,39835.0,0,UNMATCHED-INSPIRATION-20180127,,,
ERIA COLOSSUS,ERIACOLOSSUS,2018-01-28,unmatched_outside_coverage,1,48548.0,0,UNMATCHED-ERIACOLOSSUS-20180128,,,
FEDERAL CHURCHILL,FEDERALCHURCHILL,2018-01-28,unmatched_outside_coverage,1,29287.0,0,UNMATCHED-FEDERALCHURCHILL-20180128,,,
INSPIRATION,INSPIRATION,2018-01-28,unmatched_outside_coverage,1,29718.0,0,UNMATCHED-INSPIRATION-20180128,,,
IONIC HAWK,IONICHAWK,2018-01-28,unmatched_outside_coverage,1,11971.0,0,UNMATCHED-IONICHAWK-20180128,,,
COLUMBIA RIVER,COLUMBIARIVER,2018-01-29,unmatched_outside_coverage,1,3163.0,0,UNMATCHED-COLUMBIARIVER-20180129,,,
FEDERAL CHURCHILL,FEDERALCHURCHILL,2018-01-29,unmatched_outside_coverage,1,3040.0,0,UNMATCHED-FEDERALCHURCHILL-20180129,,,
LARA VENTURE,LARAVENTURE,2018-01-29,unmatched_outside_coverage,1,79302.0,0,UNMATCHED-LARAVENTURE-20180129,,,
LONE STAR,LONESTAR,2018-01-29,unmatched_outside_coverage,2,22671.0,0,UNMATCHED-LONESTAR-20180129,,,
MOLESON,MOLESON,2018-01-29,unmatched_outside_coverage,1,31499.0,0,UNMATCHED-MOLESON-20180129,,,
PAUL OLDENDORFF,PAULOLDENDORFF,2018-01-29,unmatched_outside_coverage,1,52397.0,0,UNMATCHED-PAULOLDENDORFF-20180129,,,
VITAKOSMOS,VITAKOSMOS,2018-01-29,unmatched_outside_coverage,1,69917.0,0,UNMATCHED-VITAKOSMOS-20180129,,,
ZEN NOH GRAIN MAGNOLIA,ZENNOHGRAINMAGNOLIA,2018-01-29,unmatched_outside_coverage,2,57953.0,0,UNMATCHED-ZENNOHGRAINMAGNOLIA-20180129,,,
CIELO DI VIRGIN GORDA,CIELODIVIRGINGORDA,2018-01-30,unmatched_outside_coverage,1,36298.0,0,UNMATCHED-CIELODIVIRGINGORDA-20180130,,,
COLUMBIA RIVER,COLUMBIARIVER,2018-01-30,unmatched_outside_coverage,2,46939.0,0,UNMATCHED-COLUMBIARIVER-20180130,,,
EVER SOVEREIGN,EVERSOVEREIGN,2018-01-30,unmatched_outside_coverage,1,5000.0,0,UNMATCHED-EVERSOVEREIGN-20180130,,,
INTERLINK ACUITY,INTERLINKACUITY,2018-01-30,unmatched_outside_coverage,1,35195.0,0,UNMATCHED-INTERLINKACUITY-20180130,,,
IOLCOS VISION,IOLCOSVISION,2018-01-30,unmatched_outside_coverage,1,71498.0,0,UNMATCHED-IOLCOSVISION-20180130,,,
KING ISLAND,KINGISLAND,2018-01-30,unmatched_outside_coverage,2,13069.0,0,UNMATCHED-KINGISLAND-20180130,,,
NESTOR I,NESTORI,2018-01-30,unmatched_outside_coverage,1,30000.0,0,UNMATCHED-NESTORI-20180130,,,
SAN,SAN,2018-01-30,unmatched_outside_coverage,4,15766.0,0,UNMATCHED-SAN-20180130,,,
THERESA JILIN,THERESAJILIN,2018-01-30,unmatched_outside_coverage,1,68934.0,0,UNMATCHED-THERESAJILIN-20180130,,,
UNITED HARMONY,UNITEDHARMONY,2018-01-30,unmatched_outside_coverage,1,35466.0,0,UNMATCHED-UNITEDHARMONY-20180130,,,
BUNUN ACE,BUNUNACE,2018-01-31,unmatched_outside_coverage,1,22483.0,0,UNMATCHED-BUNUNACE-20180131,,,
EVER SOVEREIGN,EVERSOVEREIGN,2018-01-31,unmatched_outside_coverage,3,51607.0,0,UNMATCHED-EVERSOVEREIGN-20180131,,,
KING ISLAND,KINGISLAND,2018-01-31,unmatched_outside_coverage,2,19843.0,0,UNMATCHED-KINGISLAND-20180131,,,
TIWAI POINT,TIWAIPOINT,2018-01-31,unmatched_outside_coverage,1,18658.0,0,UNMATCHED-TIWAIPOINT-20180131,,,
CHARANA NAREE,CHARANANAREE,2018-02-01,unmatched_outside_coverage,1,30000.0,0,UNMATCHED-CHARANANAREE-20180201,,,
KING ISLAND,KINGISLAND,2018-02-01,unmatched_outside_coverage,3,16957.0,0,UNMATCHED-KINGISLAND-20180201,,,
SANYU,SANYU,2018-02-01,unmatched_outside_coverage,2,49154.0,0,UNMATCHED-SANYU-20180201,,,
TAI SUMMIT,TAISUMMIT,2018-02-01,unmatched_outside_coverage,1,19373.0,0,UNMATCHED-TAISUMMIT-20180201,,,
TANSANIT,TANSANIT,2018-02-01,unmatched_outside_coverage,1,75599.0,0,UNMATCHED-TANSANIT-20180201,,,
TTM DRAGON,TTMDRAGON,2018-02-01,unmatched_outside_coverage,3,18335.0,0,UNMATCHED-TTMDRAGON-20180201,,,
YOU & ISLAND,YOUISLAND,2018-02-01,unmatched_outside_coverage,1,27498.0,0,UNMATCHED-YOUISLAND-20180201,,,
DE XIN HAI,DEXINHAI,2018-02-02,unmatched_outside_coverage,1,65981.0,0,UNMATCHED-DEXINHAI-20180202,,,
FEDERAL CLYDE,FEDERALCLYDE,2018-02-02,unmatched_outside_coverage,3,15400.0,0,UNMATCHED-FEDERALCLYDE-20180202,,,
SDTR BELLONA,SDTRBELLONA,2018-02-02,unmatched_outside_coverage,1,71700.0,0,UNMATCHED-SDTRBELLONA-20180202,,,
TAI SUMMIT,TAISUMMIT,2018-02-02,unmatched_outside_coverage,1,32572.0,0,UNMATCHED-TAISUMMIT-20180202,,,
TTM DRAGON,TTMDRAGON,2018-02-02,unmatched_outside_coverage,2,26259.0,0,UNMATCHED-TTMDRAGON-20180202,,,
UBC STOCKHOLM,UBCSTOCKHOLM,2018-02-02,unmatched_outside_coverage,1,29998.0,0,UNMATCHED-UBCSTOCKHOLM-20180202,,,
BALSA 83,BALSA83,2018-02-03,unmatched_outside_coverage,1,7190.0,0,UNMATCHED-BALSA83-20180203,,,
ERIKOUSSA,ERIKOUSSA,2018-02-03,unmatched_outside_coverage,1,65900.0,0,UNMATCHED-ERIKOUSSA-20180203,,,
FEDERAL CLYDE,FEDERALCLYDE,2018-02-03,unmatched_outside_coverage,1,8800.0,0,UNMATCHED-FEDERALCLYDE-20180203,,,
ILLOVO RIVER,ILLOVORIVER,2018-02-03,unmatched_outside_coverage,1,21732.0,0,UNMATCHED-ILLOVORIVER-20180203,,,
SAM EAGLE,SAMEAGLE,2018-02-03,unmatched_outside_coverage,2,10376.0,0,UNMATCHED-SAMEAGLE-20180203,,,
SHANDONG HAI CHANG,SHANDONGHAICHANG,2018-02-03,unmatched_outside_coverage,2,65229.0,0,UNMATCHED-SHANDONGHAICHANG-20180203,,,
YOGA,YOGA,2018-02-03,unmatched_outside_coverage,1,38499.0,0,UNMATCHED-YOGA-20180203,,,
AREQUIPA QUEEN,AREQUIPAQUEEN,2018-02-04,unmatched_outside_coverage,1,20235.0,0,UNMATCHED-AREQUIPAQUEEN-20180204,,,
CLIPPER KALAVRYTA,CLIPPERKALAVRYTA,2018-02-04,unmatched_outside_coverage,1,57511.0,0,UNMATCHED-CLIPPERKALAVRYTA-20180204,,,
CMB WEIHAI,CMBWEIHAI,2018-02-04,unmatched_outside_coverage,1,5068.0,0,UNMATCHED-CMBWEIHAI-20180204,,,
SAM EAGLE,SAMEAGLE,2018-02-04,unmatched_outside_coverage,1,5366.0,0,UNMATCHED-SAMEAGLE-20180204,,,
SHELDUCK,SHELDUCK,2018-02-04,unmatched_outside_coverage,1,29598.0,0,UNMATCHED-SHELDUCK-20180204,,,
AFRICAN LION,AFRICANLION,2018-02-05,unmatched_outside_coverage,1,60401.0,0,UNMATCHED-AFRICANLION-20180205,,,
AGRI PRINCESS,AGRIPRINCESS,2018-02-05,unmatched_outside_coverage,1,69598.0,0,UNMATCHED-AGRIPRINCESS-20180205,,,
CLIPPER LASCO,CLIPPERLASCO,2018-02-05,unmatched_outside_coverage,1,16669.0,0,UNMATCHED-CLIPPERLASCO-20180205,,,
FEDERAL DANUBE,FEDERALDANUBE,2018-02-05,unmatched_outside_coverage,1,34111.0,0,UNMATCHED-FEDERALDANUBE-20180205,,,
ISMENE,ISMENE,2018-02-05,unmatched_outside_coverage,2,52904.0,0,UNMATCHED-ISMENE-20180205,,,
LUNITA,LUNITA,2018-02-05,unmatched_outside_coverage,1,5501.0,0,UNMATCHED-LUNITA-20180205,,,
UBC TARRAGONA,UBCTARRAGONA,2018-02-05,unmatched_outside_coverage,2,25786.0,0,UNMATCHED-UBCTARRAGONA-20180205,,,
AEOLIAN FORTUNE,AEOLIANFORTUNE,2018-02-06,unmatched_outside_coverage,2,70488.0,0,UNMATCHED-AEOLIANFORTUNE-20180206,,,
LUNITA,LUNITA,2018-02-06,unmatched_outside_coverage,1,21180.0,0,UNMATCHED-LUNITA-20180206,,,
PRIVLAKA,PRIVLAKA,2018-02-06,unmatched_outside_coverage,1,15499.0,0,UNMATCHED-PRIVLAKA-20180206,,,
HARVEST RAIN,HARVESTRAIN,2018-02-07,unmatched_outside_coverage,1,84426.0,0,UNMATCHED-HARVESTRAIN-20180207,,,
LUNITA,LUNITA,2018-02-07,unmatched_outside_coverage,1,4304.0,0,UNMATCHED-LUNITA-20180207,,,
MEDI MATSUURA,MEDIMATSUURA,2018-02-07,unmatched_outside_coverage,1,71944.0,0,UNMATCHED-MEDIMATSUURA-20180207,,,
OCEAN STAR,OCEANSTAR,2018-02-07,unmatched_outside_coverage,2,31751.0,0,UNMATCHED-OCEANSTAR-20180207,,,
SNOWY,SNOWY,2018-02-07,unmatched_outside_coverage,1,32999.0,0,UNMATCHED-SNOWY-20180207,,,
YANGTZE HAPPINESS,YANGTZEHAPPINESS,2018-02-07,unmatched_outside_coverage,1,13200.0,0,UNMATCHED-YANGTZEHAPPINESS-20180207,,,
LUNITA,LUNITA,2018-02-08,unmatched_outside_coverage,2,19267.0,0,UNMATCHED-LUNITA-20180208,,,
SAKURA DREAM,SAKURADREAM,2018-02-08,unmatched_outside_coverage,3,32188.0,0,UNMATCHED-SAKURADREAM-20180208,,,
SNOWY,SNOWY,2018-02-08,unmatched_outside_coverage,1,11000.0,0,UNMATCHED-SNOWY-20180208,,,
TC GOLD,TCGOLD,2018-02-08,unmatched_outside_coverage,1,49330.0,0,UNMATCHED-TCGOLD-20180208,,,
TOMINI ABILITY,TOMINIABILITY,2018-02-08,unmatched_outside_coverage,2,33497.0,0,UNMATCHED-TOMINIABILITY-20180208,,,
UBC SALAVERRY,UBCSALAVERRY,2018-02-08,unmatched_outside_coverage,1,7536.0,0,UNMATCHED-UBCSALAVERRY-20180208,,,
LUMINOUS HALO,LUMINOUSHALO,2018-02-09,unmatched_outside_coverage,1,4500.0,0,UNMATCHED-LUMINOUSHALO-20180209,,,
NAVIOS ORBITER,NAVIOSORBITER,2018-02-09,unmatched_outside_coverage,1,67108.0,0,UNMATCHED-NAVIOSORBITER-20180209,,,
NIKKEI SIRIUS,NIKKEISIRIUS,2018-02-09,unmatched_outside_coverage,1,47194.0,0,UNMATCHED-NIKKEISIRIUS-20180209,,,
UBC SALAVERRY,UBCSALAVERRY,2018-02-09,unmatched_outside_coverage,2,11627.0,0,UNMATCHED-UBCSALAVERRY-20180209,,,
BALTIC COVE,BALTICCOVE,2018-02-10,unmatched_outside_coverage,1,30000.0,0,UNMATCHED-BALTICCOVE-20180210,,,
DOGAN,DOGAN,2018-02-10,unmatched_outside_coverage,1,15554.0,0,UNMATCHED-DOGAN-20180210,,,
LUMINOUS HALO,LUMINOUSHALO,2018-02-10,unmatched_outside_coverage,2,43749.0,0,UNMATCHED-LUMINOUSHALO-20180210,,,
YASA UNSAL SUNAR,YASAUNSALSUNAR,2018-02-10,unmatched_outside_coverage,1,49270.0,0,UNMATCHED-YASAUNSALSUNAR-20180210,,,
BRIGHT OCEAN,BRIGHTOCEAN,2018-02-11,unmatched_outside_coverage,2,34082.0,0,UNMATCHED-BRIGHTOCEAN-20180211,,,
DOGAN,DOGAN,2018-02-11,unmatched_outside_coverage,1,2400.0,0,UNMATCHED-DOGAN-20180211,,,
GOLDEN ENDURER,GOLDENENDURER,2018-02-11,unmatched_outside_coverage,1,70614.0,0,UNMATCHED-GOLDENENDURER-20180211,,,
KEY HUNTER,KEYHUNTER,2018-02-11,unmatched_outside_coverage,1,41178.0,0,UNMATCHED-KEYHUNTER-20180211,,,
ATLANTIC PROGRESS,ATLANTICPROGRESS,2018-02-12,unmatched_outside_coverage,1,25294.0,0,UNMATCHED-ATLANTICPROGRESS-20180212,,,
DIMITRIS APESAKIS,DIMITRISAPESAKIS,2018-02-12,unmatched_outside_coverage,1,72126.0,0,UNMATCHED-DIMITRISAPESAKIS-20180212,,,
DOGAN,DOGAN,2018-02-12,unmatched_outside_coverage,2,11578.0,0,UNMATCHED-DOGAN-20180212,,,
KEY HUNTER,KEYHUNTER,2018-02-12,unmatched_outside_coverage,1,30709.0,0,UNMATCHED-KEYHUNTER-20180212,,,
PICTOR,PICTOR,2018-02-12,unmatched_outside_coverage,1,9960.0,0,UNMATCHED-PICTOR-20180212,,,
SERVET ANA,SERVETANA,2018-02-12,unmatched_outside_coverage,1,28921.0,0,UNMATCHED-SERVETANA-20180212,,,
SHANDONG FU HUI,SHANDONGFUHUI,2018-02-12,unmatched_outside_coverage,1,71889.0,0,UNMATCHED-SHANDONGFUHUI-20180212,,,
ATLANTIC VENUS,ATLANTICVENUS,2018-02-13,unmatched_outside_coverage,1,24299.0,0,UNMATCHED-ATLANTICVENUS-20180213,,,
INTERLINK AFFINITY,INTERLINKAFFINITY,2018-02-13,unmatched_outside_coverage,1,34689.0,0,UNMATCHED-INTERLINKAFFINITY-20180213,,,
PAC SUHAIL,PACSUHAIL,2018-02-13,unmatched_outside_coverage,1,24620.0,0,UNMATCHED-PACSUHAIL-20180213,,,
UBC STAVANGER,UBCSTAVANGER,2018-02-13,unmatched_outside_coverage,1,15260.0,0,UNMATCHED-UBCSTAVANGER-20180213,,,
UNITED HARMONY,UNITEDHARMONY,2018-02-13,unmatched_outside_coverage,1,35805.0,0,UNMATCHED-UNITEDHARMONY-20180213,,,
BRIGITTE,BRIGITTE,2018-02-14,unmatched_outside_coverage,2,41666.0,0,UNMATCHED-BRIGITTE-20180214,,,
KM KEELUNG,KMKEELUNG,2018-02-14,unmatched_outside_coverage,1,68800.0,0,UNMATCHED-KMKEELUNG-20180214,,,
TIGER SOUTH,TIGERSOUTH,2018-02-14,unmatched_outside_coverage,1,67124.0,0,UNMATCHED-TIGERSOUTH-20180214,,,
WHITE HAWK,WHITEHAWK,2018-02-14,unmatched_outside_coverage,1,49846.0,0,UNMATCHED-WHITEHAWK-20180214,,,
CECILIA B,CECILIAB,2018-02-15,unmatched_outside_coverage,1,66002.0,0,UNMATCHED-CECILIAB-20180215,,,
ORCHID ISLAND,ORCHIDISLAND,2018-02-15,unmatched_outside_coverage,1,36673.0,0,UNMATCHED-ORCHIDISLAND-20180215,,,
UBC TOKYO,UBCTOKYO,2018-02-15,unmatched_outside_coverage,1,36500.0,0,UNMATCHED-UBCTOKYO-20180215,,,
WESTERN TOSCA,WESTERNTOSCA,2018-02-15,unmatched_outside_coverage,1,34540.0,0,UNMATCHED-WESTERNTOSCA-20180215,,,
GENCO RAPTOR,GENCORAPTOR,2018-02-16,unmatched_outside_coverage,1,57849.0,0,UNMATCHED-GENCORAPTOR-20180216,,,
NAVIGATION OL,NAVIGATIONOL,2018-02-16,unmatched_outside_coverage,1,35864.0,0,UNMATCHED-NAVIGATIONOL-20180216,,,
JAWOR,JAWOR,2018-02-17,unmatched_outside_coverage,1,37191.0,0,UNMATCHED-JAWOR-20180217,,,
SKY KNIGHT,SKYKNIGHT,2018-02-17,unmatched_outside_coverage,1,49843.0,0,UNMATCHED-SKYKNIGHT-20180217,,,
TAMARACK,TAMARACK,2018-02-17,unmatched_outside_coverage,2,42947.0,0,UNMATCHED-TAMARACK-20180217,,,
TATE J,TATEJ,2018-02-17,unmatched_outside_coverage,1,15228.0,0,UNMATCHED-TATEJ-20180217,,,
EIRINI P,EIRINIP,2018-02-18,unmatched_outside_coverage,1,66747.0,0,UNMATCHED-EIRINIP-20180218,,,
KING ISLAND,KINGISLAND,2018-02-18,unmatched_outside_coverage,1,31362.0,0,UNMATCHED-KINGISLAND-20180218,,,
KYDONIA,KYDONIA,2018-02-18,unmatched_outside_coverage,1,72885.0,0,UNMATCHED-KYDONIA-20180218,,,
LILA II,LILAII,2018-02-18,unmatched_outside_coverage,1,19799.0,0,UNMATCHED-LILAII-20180218,,,
SALFORD QUAY,SALFORDQUAY,2018-02-18,unmatched_outside_coverage,1,19235.0,0,UNMATCHED-SALFORDQUAY-20180218,,,
TRANS FREINDSHIP II,TRANSFREINDSHIPII,2018-02-18,unmatched_outside_coverage,1,6386.0,0,UNMATCHED-TRANSFREINDSHIPII-20180218,,,
TRANS FRIENDSHIP II,TRANSFRIENDSHIPII,2018-02-18,unmatched_outside_coverage,1,23768.0,0,UNMATCHED-TRANSFRIENDSHIPII-20180218,,,
TR PRINCESS,TRPRINCESS,2018-02-18,unmatched_outside_coverage,1,60490.0,0,UNMATCHED-TRPRINCESS-20180218,,,
UBC TORONTO,UBCTORONTO,2018-02-18,unmatched_outside_coverage,1,26193.0,0,UNMATCHED-UBCTORONTO-20180218,,,
ADS GALTESUND,ADSGALTESUND,2018-02-19,unmatched_outside_coverage,1,66111.0,0,UNMATCHED-ADSGALTESUND-20180219,,,
MYRTO,MYRTO,2018-02-19,unmatched_outside_coverage,1,69962.0,0,UNMATCHED-MYRTO-20180219,,,
SALFORD QUAY,SALFORDQUAY,2018-02-19,unmatched_outside_coverage,1,26854.0,0,UNMATCHED-SALFORDQUAY-20180219,,,
ADMIRALTY SPIRIT,ADMIRALTYSPIRIT,2018-02-20,unmatched_outside_coverage,1,18698.0,0,UNMATCHED-ADMIRALTYSPIRIT-20180220,,,
GENCO SPIRIT,GENCOSPIRIT,2018-02-20,unmatched_outside_coverage,1,6423.0,0,UNMATCHED-GENCOSPIRIT-20180220,,,
RUBY ENTERPRISE,RUBYENTERPRISE,2018-02-20,unmatched_outside_coverage,1,32225.0,0,UNMATCHED-RUBYENTERPRISE-20180220,,,
STAR JENNIFER,STARJENNIFER,2018-02-20,unmatched_outside_coverage,3,55472.0,0,UNMATCHED-STARJENNIFER-20180220,,,
UBC BALBOA,UBCBALBOA,2018-02-20,unmatched_outside_coverage,1,6368.0,0,UNMATCHED-UBCBALBOA-20180220,,,
UNIVERSAL DURBAN,UNIVERSALDURBAN,2018-02-20,unmatched_outside_coverage,1,9120.0,0,UNMATCHED-UNIVERSALDURBAN-20180220,,,
VSC TRITON,VSCTRITON,2018-02-20,unmatched_outside_coverage,3,48467.0,0,UNMATCHED-VSCTRITON-20180220,,,
CAPTAIN ADAMS,CAPTAINADAMS,2018-02-21,unmatched_outside_coverage,1,54319.0,0,UNMATCHED-CAPTAINADAMS-20180221,,,
CLIPPER SELO,CLIPPERSELO,2018-02-21,unmatched_outside_coverage,1,28999.0,0,UNMATCHED-CLIPPERSELO-20180221,,,
CMB ARIANE,CMBARIANE,2018-02-21,unmatched_outside_coverage,1,20350.0,0,UNMATCHED-CMBARIANE-20180221,,,
KIWI TRADER,KIWITRADER,2018-02-21,unmatched_outside_coverage,1,30000.0,0,UNMATCHED-KIWITRADER-20180221,,,
UBC BALBOA,UBCBALBOA,2018-02-21,unmatched_outside_coverage,2,14330.0,0,UNMATCHED-UBCBALBOA-20180221,,,
UBC TAMPICO,UBCTAMPICO,2018-02-21,unmatched_outside_coverage,1,20460.0,0,UNMATCHED-UBCTAMPICO-20180221,,,
BULK POLAND,BULKPOLAND,2018-02-22,unmatched_outside_coverage,1,75455.0,0,UNMATCHED-BULKPOLAND-20180222,,,
EUROSTAR,EUROSTAR,2018-02-22,unmatched_outside_coverage,1,4950.0,0,UNMATCHED-EUROSTAR-20180222,,,
STAMFORD EAGLE,STAMFORDEAGLE,2018-02-22,unmatched_outside_coverage,2,59335.0,0,UNMATCHED-STAMFORDEAGLE-20180222,,,
ASHIYA STAR,ASHIYASTAR,2018-02-23,unmatched_outside_coverage,1,47136.0,0,UNMATCHED-ASHIYASTAR-20180223,,,
BULK ATACAMA,BULKATACAMA,2018-02-23,unmatched_outside_coverage,1,49477.0,0,UNMATCHED-BULKATACAMA-20180223,,,
EUROSTAR,EUROSTAR,2018-02-23,unmatched_outside_coverage,1,9325.0,0,UNMATCHED-EUROSTAR-20180223,,,
HAI CHANG,HAICHANG,2018-02-23,unmatched_outside_coverage,1,27736.0,0,UNMATCHED-HAICHANG-20180223,,,
TOMINI UNITY,TOMINIUNITY,2018-02-23,unmatched_outside_coverage,1,57491.0,0,UNMATCHED-TOMINIUNITY-20180223,,,
UBC TAMPA,UBCTAMPA,2018-02-23,unmatched_outside_coverage,2,36271.0,0,UNMATCHED-UBCTAMPA-20180223,,,
AMIS CHAMPION,AMISCHAMPION,2018-02-24,unmatched_outside_coverage,1,54972.0,0,UNMATCHED-AMISCHAMPION-20180224,,,
CIELO DI CARTAGENA,CIELODICARTAGENA,2018-02-24,unmatched_outside_coverage,3,29561.0,0,UNMATCHED-CIELODICARTAGENA-20180224,,,
SAKIZAYA CHAMPION,SAKIZAYACHAMPION,2018-02-24,unmatched_outside_coverage,1,65999.0,0,UNMATCHED-SAKIZAYACHAMPION-20180224,,,
UBC TILBURY,UBCTILBURY,2018-02-24,unmatched_outside_coverage,3,26244.0,0,UNMATCHED-UBCTILBURY-20180224,,,
ANTON TOPIC,ANTONTOPIC,2018-02-25,unmatched_outside_coverage,1,8019.0,0,UNMATCHED-ANTONTOPIC-20180225,,,
BALSA 91,BALSA91,2018-02-25,unmatched_outside_coverage,1,7200.0,0,UNMATCHED-BALSA91-20180225,,,
CORAL OCEAN,CORALOCEAN,2018-02-25,unmatched_outside_coverage,1,20753.0,0,UNMATCHED-CORALOCEAN-20180225,,,
GREAT RAINBOW,GREATRAINBOW,2018-02-25,unmatched_outside_coverage,1,57585.0,0,UNMATCHED-GREATRAINBOW-20180225,,,
HARVEST TIME,HARVESTTIME,2018-02-25,unmatched_outside_coverage,1,85048.0,0,UNMATCHED-HARVESTTIME-20180225,,,
OSLO BULK 6,OSLOBULK6,2018-02-25,unmatched_outside_coverage,2,6939.0,0,UNMATCHED-OSLOBULK6-20180225,,,
SFL HUMBER,SFLHUMBER,2018-02-25,unmatched_outside_coverage,1,22322.0,0,UNMATCHED-SFLHUMBER-20180225,,,
AMSTEL FALCON,AMSTELFALCON,2018-02-26,unmatched_outside_coverage,2,22948.0,0,UNMATCHED-AMSTELFALCON-20180226,,,
BEN NEVIS,BENNEVIS,2018-02-26,unmatched_outside_coverage,1,25743.0,0,UNMATCHED-BENNEVIS-20180226,,,
CLIPPER TARPON,CLIPPERTARPON,2018-02-26,unmatched_outside_coverage,1,28503.0,0,UNMATCHED-CLIPPERTARPON-20180226,,,
LOWLANDS SAGUENAY,LOWLANDSSAGUENAY,2018-02-26,unmatched_outside_coverage,1,6385.0,0,UNMATCHED-LOWLANDSSAGUENAY-20180226,,,
MACCOA,MACCOA,2018-02-26,unmatched_outside_coverage,1,24056.0,0,UNMATCHED-MACCOA-20180226,,,
SFL HUMBER,SFLHUMBER,2018-02-26,unmatched_outside_coverage,2,16069.0,0,UNMATCHED-SFLHUMBER-20180226,,,
TOMINI ABILITY,TOMINIABILITY,2018-02-26,unmatched_outside_coverage,1,36564.0,0,UNMATCHED-TOMINIABILITY-20180226,,,
AMSTEL FALCON,AMSTELFALCON,2018-02-27,unmatched_outside_coverage,2,26376.0,0,UNMATCHED-AMSTELFALCON-20180227,,,
ARIETTA LILLY,ARIETTALILLY,2018-02-27,unmatched_outside_coverage,1,66003.0,0,UNMATCHED-ARIETTALILLY-20180227,,,
BALSA 86,BALSA86,2018-02-27,unmatched_outside_coverage,1,6900.0,0,UNMATCHED-BALSA86-20180227,,,
INA,INA,2018-02-27,unmatched_outside_coverage,2,10136.0,0,UNMATCHED-INA-20180227,,,
LOWLANDS SAGUENAY,LOWLANDSSAGUENAY,2018-02-27,unmatched_outside_coverage,1,6734.0,0,UNMATCHED-LOWLANDSSAGUENAY-20180227,,,
NAVIOS SOUTHERN STAR,NAVIOSSOUTHERNSTAR,2018-02-27,unmatched_outside_coverage,3,50473.0,0,UNMATCHED-NAVIOSSOUTHERNSTAR-20180227,,,
BUNUN ACE,BUNUNACE,2018-02-28,unmatched_outside_coverage,1,33000.0,0,UNMATCHED-BUNUNACE-20180228,,,
CIELO DI MONACO,CIELODIMONACO,2018-02-28,unmatched_outside_coverage,1,20999.0,0,UNMATCHED-CIELODIMONACO-20180228,,,
CLIPPER LASCO,CLIPPERLASCO,2018-02-28,unmatched_outside_coverage,2,27226.0,0,UNMATCHED-CLIPPERLASCO-20180228,,,
INA,INA,2018-02-28,unmatched_outside_coverage,1,2561.0,0,UNMATCHED-INA-20180228,,,
OCEAN ECHO,OCEANECHO,2018-02-28,unmatched_outside_coverage,1,34703.0,0,UNMATCHED-OCEANECHO-20180228,,,
TALIA,TALIA,2018-02-28,unmatched_outside_coverage,1,75620.0,0,UNMATCHED-TALIA-20180228,,,
CANVASBACK,CANVASBACK,2018-03-01,unmatched_outside_coverage,1,31568.0,0,UNMATCHED-CANVASBACK-20180301,,,
LOCH MELFORT,LOCHMELFORT,2018-03-01,unmatched_outside_coverage,1,7359.0,0,UNMATCHED-LOCHMELFORT-20180301,,,
POLARSTAR,POLARSTAR,2018-03-01,unmatched_outside_coverage,2,24466.0,0,UNMATCHED-POLARSTAR-20180301,,,
SBI BOLERO,SBIBOLERO,2018-03-01,unmatched_outside_coverage,1,71496.0,0,UNMATCHED-SBIBOLERO-20180301,,,
SBI URSA,SBIURSA,2018-03-01,unmatched_outside_coverage,2,47036.0,0,UNMATCHED-SBIURSA-20180301,,,
TIGER NORTH,TIGERNORTH,2018-03-01,unmatched_outside_coverage,1,71398.0,0,UNMATCHED-TIGERNORTH-20180301,,,
DESERT CALM,DESERTCALM,2018-03-02,unmatched_outside_coverage,1,27494.0,0,UNMATCHED-DESERTCALM-20180302,,,
DORIC SHOGUN,DORICSHOGUN,2018-03-02,unmatched_outside_coverage,1,51799.0,0,UNMATCHED-DORICSHOGUN-20180302,,,
LOCH MELFORT,LOCHMELFORT,2018-03-02,unmatched_outside_coverage,1,6600.0,0,UNMATCHED-LOCHMELFORT-20180302,,,
ALTAIR SKY,ALTAIRSKY,2018-03-03,unmatched_outside_coverage,1,21595.0,0,UNMATCHED-ALTAIRSKY-20180303,,,
ATLANTIC PROGRESS,ATLANTICPROGRESS,2018-03-03,unmatched_outside_coverage,1,25194.0,0,UNMATCHED-ATLANTICPROGRESS-20180303,,,
CONCORDIA,CONCORDIA,2018-03-03,unmatched_outside_coverage,1,72277.0,0,UNMATCHED-CONCORDIA-20180303,,,
DESERT CALM,DESERTCALM,2018-03-03,unmatched_outside_coverage,1,6150.0,0,UNMATCHED-DESERTCALM-20180303,,,
GH SEABIRD,GHSEABIRD,2018-03-03,unmatched_outside_coverage,1,60135.0,0,UNMATCHED-GHSEABIRD-20180303,,,
OLZA,OLZA,2018-03-03,unmatched_outside_coverage,1,6899.0,0,UNMATCHED-OLZA-20180303,,,
SAGE PIONEER,SAGEPIONEER,2018-03-03,unmatched_outside_coverage,1,50072.0,0,UNMATCHED-SAGEPIONEER-20180303,,,
SPRING AEOLIAN,SPRINGAEOLIAN,2018-03-03,unmatched_outside_coverage,1,4002.0,0,UNMATCHED-SPRINGAEOLIAN-20180303,,,
SUMMIT,SUMMIT,2018-03-03,unmatched_outside_coverage,1,7333.0,0,UNMATCHED-SUMMIT-20180303,,,
TAIZHOU PIONEER,TAIZHOUPIONEER,2018-03-03,unmatched_outside_coverage,1,7581.0,0,UNMATCHED-TAIZHOUPIONEER-20180303,,,
ANNA MARIA,ANNAMARIA,2018-03-04,unmatched_outside_coverage,1,66843.0,0,UNMATCHED-ANNAMARIA-20180304,,,
NORD SEAL,NORDSEAL,2018-03-04,unmatched_outside_coverage,1,28887.0,0,UNMATCHED-NORDSEAL-20180304,,,
SPRING AEOLIAN,SPRINGAEOLIAN,2018-03-04,unmatched_outside_coverage,1,11040.0,0,UNMATCHED-SPRINGAEOLIAN-20180304,,,
SUMMIT,SUMMIT,2018-03-04,unmatched_outside_coverage,1,17850.0,0,UNMATCHED-SUMMIT-20180304,,,
SUNDA,SUNDA,2018-03-04,unmatched_outside_coverage,1,24226.0,0,UNMATCHED-SUNDA-20180304,,,
TAIZHOU PIONEER,TAIZHOUPIONEER,2018-03-04,unmatched_outside_coverage,1,23520.0,0,UNMATCHED-TAIZHOUPIONEER-20180304,,,
ULTRA LANIGAN,ULTRALANIGAN,2018-03-04,unmatched_outside_coverage,1,54999.0,0,UNMATCHED-ULTRALANIGAN-20180304,,,
CLIPPER BARI-STAR,CLIPPERBARISTAR,2018-03-05,unmatched_outside_coverage,1,13563.0,0,UNMATCHED-CLIPPERBARISTAR-20180305,,,
OCEAN GALAXY,OCEANGALAXY,2018-03-05,unmatched_outside_coverage,2,35121.0,0,UNMATCHED-OCEANGALAXY-20180305,,,
SPRING AEOLIAN,SPRINGAEOLIAN,2018-03-05,unmatched_outside_coverage,2,46620.0,0,UNMATCHED-SPRINGAEOLIAN-20180305,,,
AM BREMEN,AMBREMEN,2018-03-06,unmatched_outside_coverage,1,49060.0,0,UNMATCHED-AMBREMEN-20180306,,,
CIELO DI IYO,CIELODIIYO,2018-03-06,unmatched_outside_coverage,1,17651.0,0,UNMATCHED-CIELODIIYO-20180306,,,
HC NADJA MARIA,HCNADJAMARIA,2018-03-06,unmatched_outside_coverage,1,4291.0,0,UNMATCHED-HCNADJAMARIA-20180306,,,
INDIGO SPICA,INDIGOSPICA,2018-03-06,unmatched_outside_coverage,2,49549.0,0,UNMATCHED-INDIGOSPICA-20180306,,,
THOR MAGNHILD,THORMAGNHILD,2018-03-06,unmatched_outside_coverage,1,47630.0,0,UNMATCHED-THORMAGNHILD-20180306,,,
AGIOS FANOURIOS,AGIOSFANOURIOS,2018-03-07,unmatched_outside_coverage,1,25261.0,0,UNMATCHED-AGIOSFANOURIOS-20180307,,,
BOTAFOGO SW,BOTAFOGOSW,2018-03-07,unmatched_outside_coverage,1,70415.0,0,UNMATCHED-BOTAFOGOSW-20180307,,,
CRYSTAL CONFIDENCE,CRYSTALCONFIDENCE,2018-03-07,unmatched_outside_coverage,1,7700.0,0,UNMATCHED-CRYSTALCONFIDENCE-20180307,,,
LOWLANDS SCHELDT,LOWLANDSSCHELDT,2018-03-07,unmatched_outside_coverage,2,24929.0,0,UNMATCHED-LOWLANDSSCHELDT-20180307,,,
SBI RUMBA,SBIRUMBA,2018-03-07,unmatched_outside_coverage,1,71496.0,0,UNMATCHED-SBIRUMBA-20180307,,,
UBC TARRAGONA,UBCTARRAGONA,2018-03-07,unmatched_outside_coverage,1,33000.0,0,UNMATCHED-UBCTARRAGONA-20180307,,,
MYSTRAS,MYSTRAS,2018-03-08,unmatched_outside_coverage,1,45668.0,0,UNMATCHED-MYSTRAS-20180308,,,
TOMORROW,TOMORROW,2018-03-08,unmatched_outside_coverage,1,16557.0,0,UNMATCHED-TOMORROW-20180308,,,
UBC SALAVERRY,UBCSALAVERRY,2018-03-08,unmatched_outside_coverage,1,18922.0,0,UNMATCHED-UBCSALAVERRY-20180308,,,
CLIPPER VALOUR,CLIPPERVALOUR,2018-03-09,unmatched_outside_coverage,1,33000.0,0,UNMATCHED-CLIPPERVALOUR-20180309,,,
CRYSTAL CONFIDENCE,CRYSTALCONFIDENCE,2018-03-09,unmatched_outside_coverage,1,25419.0,0,UNMATCHED-CRYSTALCONFIDENCE-20180309,,,
IRYDA,IRYDA,2018-03-09,unmatched_outside_coverage,1,3850.0,0,UNMATCHED-IRYDA-20180309,,,
MIN SHENG 1,MINSHENG1,2018-03-09,unmatched_outside_coverage,1,72798.0,0,UNMATCHED-MINSHENG1-20180309,,,
NAVIOS MARCO POLO,NAVIOSMARCOPOLO,2018-03-09,unmatched_outside_coverage,1,72598.0,0,UNMATCHED-NAVIOSMARCOPOLO-20180309,,,
SEAGULL,SEAGULL,2018-03-09,unmatched_outside_coverage,1,38499.0,0,UNMATCHED-SEAGULL-20180309,,,
TOMORROW,TOMORROW,2018-03-09,unmatched_outside_coverage,2,32845.0,0,UNMATCHED-TOMORROW-20180309,,,
TRANS FRIENDSHIP II,TRANSFRIENDSHIPII,2018-03-09,unmatched_outside_coverage,2,7808.0,0,UNMATCHED-TRANSFRIENDSHIPII-20180309,,,
UBC STAVANGER,UBCSTAVANGER,2018-03-09,unmatched_outside_coverage,1,13200.0,0,UNMATCHED-UBCSTAVANGER-20180309,,,
VINCENT GENESIS,VINCENTGENESIS,2018-03-09,unmatched_outside_coverage,1,48700.0,0,UNMATCHED-VINCENTGENESIS-20180309,,,
IRYDA,IRYDA,2018-03-10,unmatched_outside_coverage,1,12383.0,0,UNMATCHED-IRYDA-20180310,,,
RECCO,RECCO,2018-03-10,unmatched_outside_coverage,1,4499.0,0,UNMATCHED-RECCO-20180310,,,
SSI SPRING,SSISPRING,2018-03-10,unmatched_outside_coverage,1,30275.0,0,UNMATCHED-SSISPRING-20180310,,,
SUMAQ QUEEN,SUMAQQUEEN,2018-03-10,unmatched_outside_coverage,1,32266.0,0,UNMATCHED-SUMAQQUEEN-20180310,,,
DIAS,DIAS,2018-03-11,unmatched_outside_coverage,1,65499.0,0,UNMATCHED-DIAS-20180311,,,
FEDERAL TRIDENT,FEDERALTRIDENT,2018-03-11,unmatched_outside_coverage,1,6600.0,0,UNMATCHED-FEDERALTRIDENT-20180311,,,
IRYDA,IRYDA,2018-03-11,unmatched_outside_coverage,1,4376.0,0,UNMATCHED-IRYDA-20180311,,,
RECCO,RECCO,2018-03-11,unmatched_outside_coverage,2,50815.0,0,UNMATCHED-RECCO-20180311,,,
UBC TAMPA,UBCTAMPA,2018-03-11,unmatched_outside_coverage,1,36320.0,0,UNMATCHED-UBCTAMPA-20180311,,,
FEDERAL COLUMBIA,FEDERALCOLUMBIA,2018-03-12,unmatched_outside_coverage,1,6050.0,0,UNMATCHED-FEDERALCOLUMBIA-20180312,,,
LOUISIANA MAMA,LOUISIANAMAMA,2018-03-12,unmatched_outside_coverage,1,1425.0,0,UNMATCHED-LOUISIANAMAMA-20180312,,,
NORD FUJI,NORDFUJI,2018-03-12,unmatched_outside_coverage,3,38015.0,0,UNMATCHED-NORDFUJI-20180312,,,
YANGZE 8,YANGZE8,2018-03-12,unmatched_outside_coverage,2,52031.0,0,UNMATCHED-YANGZE8-20180312,,,
FEDERAL COLUMBIA,FEDERALCOLUMBIA,2018-03-13,unmatched_outside_coverage,1,6050.0,0,UNMATCHED-FEDERALCOLUMBIA-20180313,,,
FEDERAL TRIDENT,FEDERALTRIDENT,2018-03-13,unmatched_outside_coverage,3,42726.0,0,UNMATCHED-FEDERALTRIDENT-20180313,,,
LONE STAR,LONESTAR,2018-03-13,unmatched_outside_coverage,1,34399.0,0,UNMATCHED-LONESTAR-20180313,,,
LOUISIANA MAMA,LOUISIANAMAMA,2018-03-13,unmatched_outside_coverage,2,48976.0,0,UNMATCHED-LOUISIANAMAMA-20180313,,,
MARTIN ISLAND,MARTINISLAND,2018-03-13,unmatched_outside_coverage,1,4650.0,0,UNMATCHED-MARTINISLAND-20180313,,,
SHRIKE,SHRIKE,2018-03-13,unmatched_outside_coverage,1,26565.0,0,UNMATCHED-SHRIKE-20180313,,,
TAI SPLENDOR,TAISPLENDOR,2018-03-13,unmatched_outside_coverage,1,58590.0,0,UNMATCHED-TAISPLENDOR-20180313,,,
ZHI XIANG,ZHIXIANG,2018-03-13,unmatched_outside_coverage,1,69099.0,0,UNMATCHED-ZHIXIANG-20180313,,,
ELSA,ELSA,2018-03-14,unmatched_outside_coverage,1,49000.0,0,UNMATCHED-ELSA-20180314,,,
MARTIN ISLAND,MARTINISLAND,2018-03-14,unmatched_outside_coverage,2,14370.0,0,UNMATCHED-MARTINISLAND-20180314,,,
AEOLOS,AEOLOS,2018-03-15,unmatched_outside_coverage,1,28479.0,0,UNMATCHED-AEOLOS-20180315,,,
ANSAC AMITY,ANSACAMITY,2018-03-15,unmatched_outside_coverage,1,22286.0,0,UNMATCHED-ANSACAMITY-20180315,,,
LILA II,LILAII,2018-03-15,unmatched_outside_coverage,1,23226.0,0,UNMATCHED-LILAII-20180315,,,
NORTHERN CONFIDENCE,NORTHERNCONFIDENCE,2018-03-15,unmatched_outside_coverage,1,27500.0,0,UNMATCHED-NORTHERNCONFIDENCE-20180315,,,
SCARLET ROBIN,SCARLETROBIN,2018-03-15,unmatched_outside_coverage,1,70257.0,0,UNMATCHED-SCARLETROBIN-20180315,,,
UBC BALBOA,UBCBALBOA,2018-03-15,unmatched_outside_coverage,2,20951.0,0,UNMATCHED-UBCBALBOA-20180315,,,
GENCO HUNTER,GENCOHUNTER,2018-03-16,unmatched_outside_coverage,1,10732.0,0,UNMATCHED-GENCOHUNTER-20180316,,,
GRAND BREAKER,GRANDBREAKER,2018-03-16,unmatched_outside_coverage,2,52568.0,0,UNMATCHED-GRANDBREAKER-20180316,,,
SBI APOLLO,SBIAPOLLO,2018-03-16,unmatched_outside_coverage,1,58524.0,0,UNMATCHED-SBIAPOLLO-20180316,,,
V UNO,VUNO,2018-03-16,unmatched_outside_coverage,1,36001.0,0,UNMATCHED-VUNO-20180316,,,
ASIA PEARL V,ASIAPEARLV,2018-03-17,unmatched_outside_coverage,1,30000.0,0,UNMATCHED-ASIAPEARLV-20180317,,,
GENCO HUNTER,GENCOHUNTER,2018-03-17,unmatched_outside_coverage,1,40346.0,0,UNMATCHED-GENCOHUNTER-20180317,,,
ROMANDIE,ROMANDIE,2018-03-17,unmatched_outside_coverage,1,31285.0,0,UNMATCHED-ROMANDIE-20180317,,,
AFRICAN SETO,AFRICANSETO,2018-03-18,unmatched_outside_coverage,1,54999.0,0,UNMATCHED-AFRICANSETO-20180318,,,
ALKYON,ALKYON,2018-03-18,unmatched_outside_coverage,1,26396.0,0,UNMATCHED-ALKYON-20180318,,,
ARIZONA,ARIZONA,2018-03-18,unmatched_outside_coverage,1,5167.0,0,UNMATCHED-ARIZONA-20180318,,,
HARVEST FROST,HARVESTFROST,2018-03-18,unmatched_outside_coverage,1,39460.0,0,UNMATCHED-HARVESTFROST-20180318,,,
MAMRY,MAMRY,2018-03-18,unmatched_outside_coverage,1,10738.0,0,UNMATCHED-MAMRY-20180318,,,
ATLANTIC FAIRY,ATLANTICFAIRY,2018-03-19,unmatched_outside_coverage,1,18387.0,0,UNMATCHED-ATLANTICFAIRY-20180319,,,
SPAR ARIES,SPARARIES,2018-03-19,unmatched_outside_coverage,1,57017.0,0,UNMATCHED-SPARARIES-20180319,,,
TEQUILA SUNRISE,TEQUILASUNRISE,2018-03-19,unmatched_outside_coverage,2,30043.0,0,UNMATCHED-TEQUILASUNRISE-20180319,,,
ARIZONA,ARIZONA,2018-03-20,unmatched_outside_coverage,1,20898.0,0,UNMATCHED-ARIZONA-20180320,,,
SAGE COLORADO,SAGECOLORADO,2018-03-20,unmatched_outside_coverage,2,51352.0,0,UNMATCHED-SAGECOLORADO-20180320,,,
WARRIOR,WARRIOR,2018-03-20,unmatched_outside_coverage,1,48044.0,0,UNMATCHED-WARRIOR-20180320,,,
WHITE HAWK,WHITEHAWK,2018-03-20,unmatched_outside_coverage,1,57161.0,0,UNMATCHED-WHITEHAWK-20180320,,,
ARGO B,ARGOB,2018-03-21,unmatched_outside_coverage,1,29996.0,0,UNMATCHED-ARGOB-20180321,,,
GREEN CAPE,GREENCAPE,2018-03-21,unmatched_outside_coverage,1,7733.0,0,UNMATCHED-GREENCAPE-20180321,,,
INTERLINK AUDACITY,INTERLINKAUDACITY,2018-03-21,unmatched_outside_coverage,3,16937.0,0,UNMATCHED-INTERLINKAUDACITY-20180321,,,
OCEAN VISION,OCEANVISION,2018-03-21,unmatched_outside_coverage,1,62032.0,0,UNMATCHED-OCEANVISION-20180321,,,
PAC ACRUX,PACACRUX,2018-03-21,unmatched_outside_coverage,1,24997.0,0,UNMATCHED-PACACRUX-20180321,,,
UBC TAMPICO,UBCTAMPICO,2018-03-21,unmatched_outside_coverage,1,32997.0,0,UNMATCHED-UBCTAMPICO-20180321,,,
ALAM MANIS,ALAMMANIS,2018-03-22,unmatched_outside_coverage,1,27330.0,0,UNMATCHED-ALAMMANIS-20180322,,,
ANGELE N,ANGELEN,2018-03-22,unmatched_outside_coverage,1,53344.0,0,UNMATCHED-ANGELEN-20180322,,,
ANSAC PRIDE,ANSACPRIDE,2018-03-22,unmatched_outside_coverage,1,22887.0,0,UNMATCHED-ANSACPRIDE-20180322,,,
BALSA 87,BALSA87,2018-03-22,unmatched_outside_coverage,1,7171.0,0,UNMATCHED-BALSA87-20180322,,,
CHARMEY,CHARMEY,2018-03-22,unmatched_outside_coverage,2,17600.0,0,UNMATCHED-CHARMEY-20180322,,,
SUNLEAF STAR,SUNLEAFSTAR,2018-03-22,unmatched_outside_coverage,3,46514.0,0,UNMATCHED-SUNLEAFSTAR-20180322,,,
UBC TILBURY,UBCTILBURY,2018-03-22,unmatched_outside_coverage,1,25794.0,0,UNMATCHED-UBCTILBURY-20180322,,,
ALAM MANIS,ALAMMANIS,2018-03-23,unmatched_outside_coverage,2,21662.0,0,UNMATCHED-ALAMMANIS-20180323,,,
GRAND CONCORD,GRANDCONCORD,2018-03-23,unmatched_outside_coverage,1,5309.0,0,UNMATCHED-GRANDCONCORD-20180323,,,
QUEENA,QUEENA,2018-03-23,unmatched_outside_coverage,1,70243.0,0,UNMATCHED-QUEENA-20180323,,,
SMART LISA,SMARTLISA,2018-03-23,unmatched_outside_coverage,1,33000.0,0,UNMATCHED-SMARTLISA-20180323,,,
ATLANTIC PROGRESS,ATLANTICPROGRESS,2018-03-24,unmatched_outside_coverage,1,23098.0,0,UNMATCHED-ATLANTICPROGRESS-20180324,,,
GRAND CONCORD,GRANDCONCORD,2018-03-24,unmatched_outside_coverage,3,47025.0,0,UNMATCHED-GRANDCONCORD-20180324,,,
HANZE GDANSK,HANZEGDANSK,2018-03-24,unmatched_outside_coverage,1,31696.0,0,UNMATCHED-HANZEGDANSK-20180324,,,
INA,INA,2018-03-24,unmatched_outside_coverage,1,850.0,0,UNMATCHED-INA-20180324,,,
NORD SINCERE,NORDSINCERE,2018-03-24,unmatched_outside_coverage,1,12735.0,0,UNMATCHED-NORDSINCERE-20180324,,,
UBC SYDNEY,UBCSYDNEY,2018-03-24,unmatched_outside_coverage,1,17000.0,0,UNMATCHED-UBCSYDNEY-20180324,,,
AFRICAN LEOPARD,AFRICANLEOPARD,2018-03-25,unmatched_outside_coverage,1,51160.0,0,UNMATCHED-AFRICANLEOPARD-20180325,,,
INA,INA,2018-03-25,unmatched_outside_coverage,3,14896.0,0,UNMATCHED-INA-20180325,,,
SAROCHA NAREE,SAROCHANAREE,2018-03-25,unmatched_outside_coverage,1,51699.0,0,UNMATCHED-SAROCHANAREE-20180325,,,
AFRICAN JOSEPH R,AFRICANJOSEPHR,2018-03-26,unmatched_outside_coverage,2,10048.0,0,UNMATCHED-AFRICANJOSEPHR-20180326,,,
AKILI PERROTIS,AKILIPERROTIS,2018-03-26,unmatched_outside_coverage,1,54997.0,0,UNMATCHED-AKILIPERROTIS-20180326,,,
DARYA JYOTI,DARYAJYOTI,2018-03-26,unmatched_outside_coverage,1,68304.0,0,UNMATCHED-DARYAJYOTI-20180326,,,
EOS VICTORY,EOSVICTORY,2018-03-26,unmatched_outside_coverage,1,5533.0,0,UNMATCHED-EOSVICTORY-20180326,,,
AFRICAN JOSEPH R,AFRICANJOSEPHR,2018-03-27,unmatched_outside_coverage,1,7264.0,0,UNMATCHED-AFRICANJOSEPHR-20180327,,,
GOLDEN EAGLE,GOLDENEAGLE,2018-03-27,unmatched_outside_coverage,1,4000.0,0,UNMATCHED-GOLDENEAGLE-20180327,,,
KYZIKOS,KYZIKOS,2018-03-27,unmatched_outside_coverage,2,77368.0,0,UNMATCHED-KYZIKOS-20180327,,,
TSL ROSEMARY,TSLROSEMARY,2018-03-27,unmatched_outside_coverage,2,30574.0,0,UNMATCHED-TSLROSEMARY-20180327,,,
ARDENNES,ARDENNES,2018-03-28,unmatched_outside_coverage,1,31829.0,0,UNMATCHED-ARDENNES-20180328,,,
BELGRANO,BELGRANO,2018-03-28,unmatched_outside_coverage,1,10504.0,0,UNMATCHED-BELGRANO-20180328,,,
CLIPPER TARGET,CLIPPERTARGET,2018-03-28,unmatched_outside_coverage,1,29264.0,0,UNMATCHED-CLIPPERTARGET-20180328,,,
EUROPA BAY,EUROPABAY,2018-03-28,unmatched_outside_coverage,1,4072.0,0,UNMATCHED-EUROPABAY-20180328,,,
GOLDEN EAGLE,GOLDENEAGLE,2018-03-28,unmatched_outside_coverage,1,20600.0,0,UNMATCHED-GOLDENEAGLE-20180328,,,
NORDIC ALIANCA,NORDICALIANCA,2018-03-28,unmatched_outside_coverage,1,31168.0,0,UNMATCHED-NORDICALIANCA-20180328,,,
SEADUTY,SEADUTY,2018-03-28,unmatched_outside_coverage,1,70184.0,0,UNMATCHED-SEADUTY-20180328,,,
TIWAI POINT,TIWAIPOINT,2018-03-28,unmatched_outside_coverage,1,29460.0,0,UNMATCHED-TIWAIPOINT-20180328,,,
ELVIA,ELVIA,2018-03-29,unmatched_outside_coverage,1,76304.0,0,UNMATCHED-ELVIA-20180329,,,
BACCO,BACCO,2018-03-30,unmatched_outside_coverage,1,61109.0,0,UNMATCHED-BACCO-20180330,,,
EOS VICTORY,EOSVICTORY,2018-03-30,unmatched_outside_coverage,1,26267.0,0,UNMATCHED-EOSVICTORY-20180330,,,
EUROPA BAY,EUROPABAY,2018-03-30,unmatched_outside_coverage,3,26363.0,0,UNMATCHED-EUROPABAY-20180330,,,
GOLDEN EAGLE,GOLDENEAGLE,2018-03-30,unmatched_outside_coverage,2,8015.0,0,UNMATCHED-GOLDENEAGLE-20180330,,,
NORD SEAL,NORDSEAL,2018-03-30,unmatched_outside_coverage,2,32730.0,0,UNMATCHED-NORDSEAL-20180330,,,
PACIFIC NEXUS,PACIFICNEXUS,2018-03-30,unmatched_outside_coverage,1,4500.0,0,UNMATCHED-PACIFICNEXUS-20180330,,,
SOUTHEND,SOUTHEND,2018-03-30,unmatched_outside_coverage,1,26655.0,0,UNMATCHED-SOUTHEND-20180330,,,
AFRICAN CHEETAH,AFRICANCHEETAH,2018-03-31,unmatched_outside_coverage,1,61481.0,0,UNMATCHED-AFRICANCHEETAH-20180331,,,
AKRA,AKRA,2018-03-31,unmatched_outside_coverage,1,11000.0,0,UNMATCHED-AKRA-20180331,,,
BAHRI BULK,BAHRIBULK,2018-03-31,unmatched_outside_coverage,1,69727.0,0,UNMATCHED-BAHRIBULK-20180331,,,
EUROPA BAY,EUROPABAY,2018-03-31,unmatched_outside_coverage,1,20847.0,0,UNMATCHED-EUROPABAY-20180331,,,
GLOBAL GENESIS,GLOBALGENESIS,2018-03-31,unmatched_outside_coverage,1,34424.0,0,UNMATCHED-GLOBALGENESIS-20180331,,,
OCEAN GALAXY,OCEANGALAXY,2018-03-31,unmatched_outside_coverage,2,21398.0,0,UNMATCHED-OCEANGALAXY-20180331,,,
PACIFIC NEXUS,PACIFICNEXUS,2018-03-31,unmatched_outside_coverage,3,36477.0,0,UNMATCHED-PACIFICNEXUS-20180331,,,
SBI LIBRA,SBILIBRA,2018-03-31,unmatched_outside_coverage,1,10226.0,0,UNMATCHED-SBILIBRA-20180331,,,
SOUTHEND,SOUTHEND,2018-03-31,unmatched_outside_coverage,1,6300.0,0,UNMATCHED-SOUTHEND-20180331,,,
AKRA,AKRA,2018-04-01,unmatched_outside_coverage,1,44002.0,0,UNMATCHED-AKRA-20180401,,,
CHARADE,CHARADE,2018-04-01,unmatched_outside_coverage,4,15488.0,0,UNMATCHED-CHARADE-20180401,,,
CIELO DI CARTAGENA,CIELODICARTAGENA,2018-04-01,unmatched_outside_coverage,1,30000.0,0,UNMATCHED-CIELODICARTAGENA-20180401,,,
CLIPPER VALOUR,CLIPPERVALOUR,2018-04-01,unmatched_outside_coverage,3,20959.0,0,UNMATCHED-CLIPPERVALOUR-20180401,,,
SBI LIBRA,SBILIBRA,2018-04-01,unmatched_outside_coverage,1,42687.0,0,UNMATCHED-SBILIBRA-20180401,,,
UBC TARRAGONA,UBCTARRAGONA,2018-04-01,unmatched_outside_coverage,3,22297.0,0,UNMATCHED-UBCTARRAGONA-20180401,,,
BRIDGEGATE,BRIDGEGATE,2018-04-02,unmatched_outside_coverage,1,19627.0,0,UNMATCHED-BRIDGEGATE-20180402,,,
CHARADE,CHARADE,2018-04-02,unmatched_outside_coverage,3,35276.0,0,UNMATCHED-CHARADE-20180402,,,
CLIPPER SELO,CLIPPERSELO,2018-04-02,unmatched_outside_coverage,1,29410.0,0,UNMATCHED-CLIPPERSELO-20180402,,,
NORD CAPELLA,NORDCAPELLA,2018-04-02,unmatched_outside_coverage,1,70931.0,0,UNMATCHED-NORDCAPELLA-20180402,,,
TAI SPRING,TAISPRING,2018-04-02,unmatched_outside_coverage,3,51815.0,0,UNMATCHED-TAISPRING-20180402,,,
UBC TARRAGONA,UBCTARRAGONA,2018-04-02,unmatched_outside_coverage,1,7295.0,0,UNMATCHED-UBCTARRAGONA-20180402,,,
ADMIRALTY SPIRIT,ADMIRALTYSPIRIT,2018-04-03,unmatched_outside_coverage,1,27482.0,0,UNMATCHED-ADMIRALTYSPIRIT-20180403,,,
BRIDGEGATE,BRIDGEGATE,2018-04-03,unmatched_outside_coverage,1,29118.0,0,UNMATCHED-BRIDGEGATE-20180403,,,
CIELO DI MONACO,CIELODIMONACO,2018-04-03,unmatched_outside_coverage,1,33000.0,0,UNMATCHED-CIELODIMONACO-20180403,,,
MBA LIBERTY,MBALIBERTY,2018-04-03,unmatched_outside_coverage,1,70886.0,0,UNMATCHED-MBALIBERTY-20180403,,,
OCEAN OPAL,OCEANOPAL,2018-04-03,unmatched_outside_coverage,2,33136.0,0,UNMATCHED-OCEANOPAL-20180403,,,
SUMMIT,SUMMIT,2018-04-03,unmatched_outside_coverage,1,35149.0,0,UNMATCHED-SUMMIT-20180403,,,
ISADORA,ISADORA,2018-04-04,unmatched_outside_coverage,1,19448.0,0,UNMATCHED-ISADORA-20180404,,,
NEW LEADER,NEWLEADER,2018-04-04,unmatched_outside_coverage,1,28999.0,0,UNMATCHED-NEWLEADER-20180404,,,
OCEAN GOLD,OCEANGOLD,2018-04-04,unmatched_outside_coverage,1,18734.0,0,UNMATCHED-OCEANGOLD-20180404,,,
ORIOLE,ORIOLE,2018-04-04,unmatched_outside_coverage,1,33000.0,0,UNMATCHED-ORIOLE-20180404,,,
ATLANTIC RUBY,ATLANTICRUBY,2018-04-05,unmatched_outside_coverage,1,18291.0,0,UNMATCHED-ATLANTICRUBY-20180405,,,
KINATSI,KINATSI,2018-04-05,unmatched_outside_coverage,1,16500.0,0,UNMATCHED-KINATSI-20180405,,,
ORION BAY,ORIONBAY,2018-04-05,unmatched_outside_coverage,1,28251.0,0,UNMATCHED-ORIONBAY-20180405,,,
REGALICA,REGALICA,2018-04-05,unmatched_outside_coverage,2,8869.0,0,UNMATCHED-REGALICA-20180405,,,
SAN ANTONIO,SANANTONIO,2018-04-05,unmatched_outside_coverage,1,1636.0,0,UNMATCHED-SANANTONIO-20180405,,,
S BRONCO,SBRONCO,2018-04-05,unmatched_outside_coverage,1,1500.0,0,UNMATCHED-SBRONCO-20180405,,,
SEA BREEZE,SEABREEZE,2018-04-05,unmatched_outside_coverage,1,33750.0,0,UNMATCHED-SEABREEZE-20180405,,,
TAI PROSPERITY,TAIPROSPERITY,2018-04-05,unmatched_outside_coverage,2,53667.0,0,UNMATCHED-TAIPROSPERITY-20180405,,,
ULTRA CALBUCO,ULTRACALBUCO,2018-04-05,unmatched_outside_coverage,1,28599.0,0,UNMATCHED-ULTRACALBUCO-20180405,,,
BIOGRAD,BIOGRAD,2018-04-06,unmatched_outside_coverage,1,1889.0,0,UNMATCHED-BIOGRAD-20180406,,,
CALYPSO GR,CALYPSOGR,2018-04-06,unmatched_outside_coverage,1,11001.0,0,UNMATCHED-CALYPSOGR-20180406,,,
SAN ANTONIO,SANANTONIO,2018-04-06,unmatched_outside_coverage,3,47039.0,0,UNMATCHED-SANANTONIO-20180406,,,
S BRONCO,SBRONCO,2018-04-06,unmatched_outside_coverage,2,15653.0,0,UNMATCHED-SBRONCO-20180406,,,
TRANS FRIENDSHIP II,TRANSFRIENDSHIPII,2018-04-06,unmatched_outside_coverage,2,24313.0,0,UNMATCHED-TRANSFRIENDSHIPII-20180406,,,
UBC TOKYO,UBCTOKYO,2018-04-06,unmatched_outside_coverage,1,25300.0,0,UNMATCHED-UBCTOKYO-20180406,,,
AEOLOS,AEOLOS,2018-04-07,unmatched_outside_coverage,1,30823.0,0,UNMATCHED-AEOLOS-20180407,,,
BALSA 85,BALSA85,2018-04-07,unmatched_outside_coverage,1,7156.0,0,UNMATCHED-BALSA85-20180407,,,
BIOGRAD,BIOGRAD,2018-04-07,unmatched_outside_coverage,2,28267.0,0,UNMATCHED-BIOGRAD-20180407,,,
CALYPSO GR,CALYPSOGR,2018-04-07,unmatched_outside_coverage,1,10220.0,0,UNMATCHED-CALYPSOGR-20180407,,,
NERAIDA,NERAIDA,2018-04-07,unmatched_outside_coverage,1,10976.0,0,UNMATCHED-NERAIDA-20180407,,,
SOHO MERCHANT,SOHOMERCHANT,2018-04-07,unmatched_outside_coverage,1,56429.0,0,UNMATCHED-SOHOMERCHANT-20180407,,,
TRANS FRIENDSHIP II,TRANSFRIENDSHIPII,2018-04-07,unmatched_outside_coverage,1,5775.0,0,UNMATCHED-TRANSFRIENDSHIPII-20180407,,,
LESEDI QUEEN,LESEDIQUEEN,2018-04-08,unmatched_outside_coverage,1,3003.0,0,UNMATCHED-LESEDIQUEEN-20180408,,,
NERAIDA,NERAIDA,2018-04-08,unmatched_outside_coverage,1,41744.0,0,UNMATCHED-NERAIDA-20180408,,,
SBI THALIA,SBITHALIA,2018-04-08,unmatched_outside_coverage,2,47818.0,0,UNMATCHED-SBITHALIA-20180408,,,
S BRONCO,SBRONCO,2018-04-08,unmatched_outside_coverage,2,12180.0,0,UNMATCHED-SBRONCO-20180408,,,
UBC TORONTO,UBCTORONTO,2018-04-08,unmatched_outside_coverage,1,30367.0,0,UNMATCHED-UBCTORONTO-20180408,,,
WESTGATE,WESTGATE,2018-04-08,unmatched_outside_coverage,1,21939.0,0,UNMATCHED-WESTGATE-20180408,,,
WHISTLER,WHISTLER,2018-04-08,unmatched_outside_coverage,1,8800.0,0,UNMATCHED-WHISTLER-20180408,,,
DEVON BAY,DEVONBAY,2018-04-09,unmatched_outside_coverage,3,49575.0,0,UNMATCHED-DEVONBAY-20180409,,,
GENCO MUSE,GENCOMUSE,2018-04-09,unmatched_outside_coverage,1,30062.0,0,UNMATCHED-GENCOMUSE-20180409,,,
HOKKAIDO BULKER,HOKKAIDOBULKER,2018-04-09,unmatched_outside_coverage,2,30233.0,0,UNMATCHED-HOKKAIDOBULKER-20180409,,,
LESEDI QUEEN,LESEDIQUEEN,2018-04-09,unmatched_outside_coverage,2,35107.0,0,UNMATCHED-LESEDIQUEEN-20180409,,,
SEASTAR TITAN,SEASTARTITAN,2018-04-09,unmatched_outside_coverage,1,27499.0,0,UNMATCHED-SEASTARTITAN-20180409,,,
SOCRATIS,SOCRATIS,2018-04-09,unmatched_outside_coverage,1,53925.0,0,UNMATCHED-SOCRATIS-20180409,,,
WHISTLER,WHISTLER,2018-04-09,unmatched_outside_coverage,1,4187.0,0,UNMATCHED-WHISTLER-20180409,,,
CMB PAULE,CMBPAULE,2018-04-10,unmatched_outside_coverage,1,20416.0,0,UNMATCHED-CMBPAULE-20180410,,,
GENCO MUSE,GENCOMUSE,2018-04-10,unmatched_outside_coverage,1,16499.0,0,UNMATCHED-GENCOMUSE-20180410,,,
GLOBAL ANDES,GLOBALANDES,2018-04-10,unmatched_outside_coverage,2,46049.0,0,UNMATCHED-GLOBALANDES-20180410,,,
TRITON WIND I,TRITONWINDI,2018-04-10,unmatched_outside_coverage,1,26801.0,0,UNMATCHED-TRITONWINDI-20180410,,,
CRYSTAL CONFIDENCE,CRYSTALCONFIDENCE,2018-04-11,unmatched_outside_coverage,1,26118.0,0,UNMATCHED-CRYSTALCONFIDENCE-20180411,,,
GENCO ARDENNES,GENCOARDENNES,2018-04-11,unmatched_outside_coverage,2,38974.0,0,UNMATCHED-GENCOARDENNES-20180411,,,
LOWLANDS HOPE,LOWLANDSHOPE,2018-04-11,unmatched_outside_coverage,1,55099.0,0,UNMATCHED-LOWLANDSHOPE-20180411,,,
SANTA FRANCESCA,SANTAFRANCESCA,2018-04-11,unmatched_outside_coverage,1,54996.0,0,UNMATCHED-SANTAFRANCESCA-20180411,,,
SINOP,SINOP,2018-04-11,unmatched_outside_coverage,1,54999.0,0,UNMATCHED-SINOP-20180411,,,
AMIS JUSTICE,AMISJUSTICE,2018-04-12,unmatched_outside_coverage,2,18519.0,0,UNMATCHED-AMISJUSTICE-20180412,,,
ANGLO BARINTHUS,ANGLOBARINTHUS,2018-04-12,unmatched_outside_coverage,1,65069.0,0,UNMATCHED-ANGLOBARINTHUS-20180412,,,
GENCO EXPLORER,GENCOEXPLORER,2018-04-12,unmatched_outside_coverage,1,21919.0,0,UNMATCHED-GENCOEXPLORER-20180412,,,
STAR ATHENA,STARATHENA,2018-04-12,unmatched_outside_coverage,1,49172.0,0,UNMATCHED-STARATHENA-20180412,,,
UNION GROOVE,UNIONGROOVE,2018-04-12,unmatched_outside_coverage,2,18411.0,0,UNMATCHED-UNIONGROOVE-20180412,,,
AMIS JUSTICE,AMISJUSTICE,2018-04-13,unmatched_outside_coverage,1,32645.0,0,UNMATCHED-AMISJUSTICE-20180413,,,
BOTTIGLIERI CHALLENGER,BOTTIGLIERICHALLENGER,2018-04-13,unmatched_outside_coverage,1,70095.0,0,UNMATCHED-BOTTIGLIERICHALLENGER-20180413,,,
TORENIA,TORENIA,2018-04-13,unmatched_outside_coverage,2,6686.0,0,UNMATCHED-TORENIA-20180413,,,
W-EAGLE,WEAGLE,2018-04-13,unmatched_outside_coverage,1,61487.0,0,UNMATCHED-WEAGLE-20180413,,,
BULK HERO,BULKHERO,2018-04-14,unmatched_outside_coverage,1,51783.0,0,UNMATCHED-BULKHERO-20180414,,,
NORD EMPEROR,NORDEMPEROR,2018-04-14,unmatched_outside_coverage,1,49830.0,0,UNMATCHED-NORDEMPEROR-20180414,,,
TORENIA,TORENIA,2018-04-14,unmatched_outside_coverage,1,9327.0,0,UNMATCHED-TORENIA-20180414,,,
UBC TAMPICO,UBCTAMPICO,2018-04-14,unmatched_outside_coverage,1,36300.0,0,UNMATCHED-UBCTAMPICO-20180414,,,
ANDREA ENTERPRISE,ANDREAENTERPRISE,2018-04-15,unmatched_outside_coverage,3,22555.0,0,UNMATCHED-ANDREAENTERPRISE-20180415,,,
GENCO OCEAN,GENCOOCEAN,2018-04-15,unmatched_outside_coverage,2,33002.0,0,UNMATCHED-GENCOOCEAN-20180415,,,
INTERLINK CELERITY,INTERLINKCELERITY,2018-04-15,unmatched_outside_coverage,1,20877.0,0,UNMATCHED-INTERLINKCELERITY-20180415,,,
ROYAL JUSTICE,ROYALJUSTICE,2018-04-15,unmatched_outside_coverage,1,7110.0,0,UNMATCHED-ROYALJUSTICE-20180415,,,
TORENIA,TORENIA,2018-04-15,unmatched_outside_coverage,2,34620.0,0,UNMATCHED-TORENIA-20180415,,,
ANDREA ENTERPRISE,ANDREAENTERPRISE,2018-04-16,unmatched_outside_coverage,1,9623.0,0,UNMATCHED-ANDREAENTERPRISE-20180416,,,
CYRENAICA G,CYRENAICAG,2018-04-16,unmatched_outside_coverage,1,53400.0,0,UNMATCHED-CYRENAICAG-20180416,,,
DESERT RHAPSODY,DESERTRHAPSODY,2018-04-16,unmatched_outside_coverage,2,40348.0,0,UNMATCHED-DESERTRHAPSODY-20180416,,,
HARVEST MOON,HARVESTMOON,2018-04-16,unmatched_outside_coverage,1,61595.0,0,UNMATCHED-HARVESTMOON-20180416,,,
PANORIA,PANORIA,2018-04-16,unmatched_outside_coverage,1,48748.0,0,UNMATCHED-PANORIA-20180416,,,
ROYAL JUSTICE,ROYALJUSTICE,2018-04-16,unmatched_outside_coverage,1,27059.0,0,UNMATCHED-ROYALJUSTICE-20180416,,,
UBC TAMPA,UBCTAMPA,2018-04-16,unmatched_outside_coverage,1,23397.0,0,UNMATCHED-UBCTAMPA-20180416,,,
FEDERAL COLUMBIA,FEDERALCOLUMBIA,2018-04-17,unmatched_outside_coverage,3,21450.0,0,UNMATCHED-FEDERALCOLUMBIA-20180417,,,
SBI URSA,SBIURSA,2018-04-17,unmatched_outside_coverage,4,52486.0,0,UNMATCHED-SBIURSA-20180417,,,
AEOLOS,AEOLOS,2018-04-18,unmatched_outside_coverage,2,56787.0,0,UNMATCHED-AEOLOS-20180418,,,
ARMIA KRAJOWA,ARMIAKRAJOWA,2018-04-18,unmatched_outside_coverage,1,29699.0,0,UNMATCHED-ARMIAKRAJOWA-20180418,,,
NORD SEOUL,NORDSEOUL,2018-04-18,unmatched_outside_coverage,1,35367.0,0,UNMATCHED-NORDSEOUL-20180418,,,
OLZA,OLZA,2018-04-18,unmatched_outside_coverage,3,12703.0,0,UNMATCHED-OLZA-20180418,,,
PORT ESTRELA,PORTESTRELA,2018-04-18,unmatched_outside_coverage,3,52167.0,0,UNMATCHED-PORTESTRELA-20180418,,,
THEBE,THEBE,2018-04-18,unmatched_outside_coverage,1,21551.0,0,UNMATCHED-THEBE-20180418,,,
UNITED HARMONY,UNITEDHARMONY,2018-04-18,unmatched_outside_coverage,1,35652.0,0,UNMATCHED-UNITEDHARMONY-20180418,,,
VOGE EMMA,VOGEEMMA,2018-04-18,unmatched_outside_coverage,1,24019.0,0,UNMATCHED-VOGEEMMA-20180418,,,
HARVEST RAIN,HARVESTRAIN,2018-04-19,unmatched_outside_coverage,1,82016.0,0,UNMATCHED-HARVESTRAIN-20180419,,,
LANNA NAREE,LANNANAREE,2018-04-19,unmatched_outside_coverage,1,32135.0,0,UNMATCHED-LANNANAREE-20180419,,,
SBI POSEIDON,SBIPOSEIDON,2018-04-19,unmatched_outside_coverage,2,43380.0,0,UNMATCHED-SBIPOSEIDON-20180419,,,
BULK ECUADOR,BULKECUADOR,2018-04-20,unmatched_outside_coverage,2,54440.0,0,UNMATCHED-BULKECUADOR-20180420,,,
NORD SUMMIT,NORDSUMMIT,2018-04-20,unmatched_outside_coverage,1,33921.0,0,UNMATCHED-NORDSUMMIT-20180420,,,
SEASTAR TROJAN,SEASTARTROJAN,2018-04-20,unmatched_outside_coverage,1,22930.0,0,UNMATCHED-SEASTARTROJAN-20180420,,,
TOMINI ABILITY,TOMINIABILITY,2018-04-20,unmatched_outside_coverage,2,47144.0,0,UNMATCHED-TOMINIABILITY-20180420,,,
TSL ROSEMARY,TSLROSEMARY,2018-04-20,unmatched_outside_coverage,1,30852.0,0,UNMATCHED-TSLROSEMARY-20180420,,,
UBC TARRAGONA,UBCTARRAGONA,2018-04-20,unmatched_outside_coverage,1,20200.0,0,UNMATCHED-UBCTARRAGONA-20180420,,,
BALSA 92,BALSA92,2018-04-21,unmatched_outside_coverage,1,6960.0,0,UNMATCHED-BALSA92-20180421,,,
JUMEIRAH BEACH,JUMEIRAHBEACH,2018-04-21,unmatched_outside_coverage,1,3600.0,0,UNMATCHED-JUMEIRAHBEACH-20180421,,,
PORTO LEONE,PORTOLEONE,2018-04-21,unmatched_outside_coverage,1,56701.0,0,UNMATCHED-PORTOLEONE-20180421,,,
AFRICAN GRIFFON,AFRICANGRIFFON,2018-04-22,unmatched_outside_coverage,1,56327.0,0,UNMATCHED-AFRICANGRIFFON-20180422,,,
ELIKON,ELIKON,2018-04-22,unmatched_outside_coverage,1,53070.0,0,UNMATCHED-ELIKON-20180422,,,
JUMEIRAH BEACH,JUMEIRAHBEACH,2018-04-22,unmatched_outside_coverage,1,11000.0,0,UNMATCHED-JUMEIRAHBEACH-20180422,,,
PAC ALNATH,PACALNATH,2018-04-22,unmatched_outside_coverage,1,25086.0,0,UNMATCHED-PACALNATH-20180422,,,
RR AUSTRALIA,RRAUSTRALIA,2018-04-22,unmatched_outside_coverage,1,64016.0,0,UNMATCHED-RRAUSTRALIA-20180422,,,
WARMIA,WARMIA,2018-04-22,unmatched_outside_coverage,1,24842.0,0,UNMATCHED-WARMIA-20180422,,,
XENIA,XENIA,2018-04-22,unmatched_outside_coverage,1,71499.0,0,UNMATCHED-XENIA-20180422,,,
FOUR BUTTERFLY,FOURBUTTERFLY,2018-04-23,unmatched_outside_coverage,1,32732.0,0,UNMATCHED-FOURBUTTERFLY-20180423,,,
N DISCOVERY,NDISCOVERY,2018-04-23,unmatched_outside_coverage,1,7777.0,0,UNMATCHED-NDISCOVERY-20180423,,,
OSLO BULK 9,OSLOBULK9,2018-04-23,unmatched_outside_coverage,2,6751.0,0,UNMATCHED-OSLOBULK9-20180423,,,
RED DAISY,REDDAISY,2018-04-23,unmatched_outside_coverage,1,49874.0,0,UNMATCHED-REDDAISY-20180423,,,
SOUTHEND,SOUTHEND,2018-04-23,unmatched_outside_coverage,1,3134.0,0,UNMATCHED-SOUTHEND-20180423,,,
VANESSA OLDENDORFF,VANESSAOLDENDORFF,2018-04-23,unmatched_outside_coverage,1,20259.0,0,UNMATCHED-VANESSAOLDENDORFF-20180423,,,
FUAT BEY,FUATBEY,2018-04-24,unmatched_outside_coverage,1,32599.0,0,UNMATCHED-FUATBEY-20180424,,,
N DISCOVERY,NDISCOVERY,2018-04-24,unmatched_outside_coverage,1,15960.0,0,UNMATCHED-NDISCOVERY-20180424,,,
OCEAN BEAUTY,OCEANBEAUTY,2018-04-24,unmatched_outside_coverage,1,32896.0,0,UNMATCHED-OCEANBEAUTY-20180424,,,
OCEAN GALAXY,OCEANGALAXY,2018-04-24,unmatched_outside_coverage,1,23247.0,0,UNMATCHED-OCEANGALAXY-20180424,,,
OCEAN OPAL,OCEANOPAL,2018-04-24,unmatched_outside_coverage,1,30000.0,0,UNMATCHED-OCEANOPAL-20180424,,,
SOUTHEND,SOUTHEND,2018-04-24,unmatched_outside_coverage,3,44686.0,0,UNMATCHED-SOUTHEND-20180424,,,
ATLANTIC PROGRESS,ATLANTICPROGRESS,2018-04-25,unmatched_outside_coverage,1,14164.0,0,UNMATCHED-ATLANTICPROGRESS-20180425,,,
INA,INA,2018-04-25,unmatched_outside_coverage,1,8550.0,0,UNMATCHED-INA-20180425,,,
MAGIC STRIKER,MAGICSTRIKER,2018-04-25,unmatched_outside_coverage,1,38668.0,0,UNMATCHED-MAGICSTRIKER-20180425,,,
ULTRA SASKATCHEWAN,ULTRASASKATCHEWAN,2018-04-25,unmatched_outside_coverage,1,56510.0,0,UNMATCHED-ULTRASASKATCHEWAN-20180425,,,
ZEN-NOH GRAIN PEGASUS,ZENNOHGRAINPEGASUS,2018-04-25,unmatched_outside_coverage,1,11703.0,0,UNMATCHED-ZENNOHGRAINPEGASUS-20180425,,,
HARVEST LEGEND,HARVESTLEGEND,2018-04-26,unmatched_outside_coverage,1,25297.0,0,UNMATCHED-HARVESTLEGEND-20180426,,,
OCEAN PRINCE,OCEANPRINCE,2018-04-26,unmatched_outside_coverage,3,49724.0,0,UNMATCHED-OCEANPRINCE-20180426,,,
ORIENT RISE,ORIENTRISE,2018-04-26,unmatched_outside_coverage,1,16500.0,0,UNMATCHED-ORIENTRISE-20180426,,,
TOMINI HARMONY,TOMINIHARMONY,2018-04-26,unmatched_outside_coverage,2,19710.0,0,UNMATCHED-TOMINIHARMONY-20180426,,,
ZEN-NOH GRAIN PEGASUS,ZENNOHGRAINPEGASUS,2018-04-26,unmatched_outside_coverage,2,35409.0,0,UNMATCHED-ZENNOHGRAINPEGASUS-20180426,,,
ATACAMA QUEEN,ATACAMAQUEEN,2018-04-27,unmatched_outside_coverage,1,5500.0,0,UNMATCHED-ATACAMAQUEEN-20180427,,,
FYLA,FYLA,2018-04-27,unmatched_outside_coverage,1,70492.0,0,UNMATCHED-FYLA-20180427,,,
LEVANTO,LEVANTO,2018-04-27,unmatched_outside_coverage,1,64644.0,0,UNMATCHED-LEVANTO-20180427,,,
ORIENT RISE,ORIENTRISE,2018-04-27,unmatched_outside_coverage,1,8248.0,0,UNMATCHED-ORIENTRISE-20180427,,,
SANTIAGO BASIN,SANTIAGOBASIN,2018-04-27,unmatched_outside_coverage,1,6618.0,0,UNMATCHED-SANTIAGOBASIN-20180427,,,
TOMINI HARMONY,TOMINIHARMONY,2018-04-27,unmatched_outside_coverage,2,27336.0,0,UNMATCHED-TOMINIHARMONY-20180427,,,
AMAZON,AMAZON,2018-04-28,unmatched_outside_coverage,1,13365.0,0,UNMATCHED-AMAZON-20180428,,,
ATACAMA QUEEN,ATACAMAQUEEN,2018-04-28,unmatched_outside_coverage,1,33000.0,0,UNMATCHED-ATACAMAQUEEN-20180428,,,
CARINA OCEAN,CARINAOCEAN,2018-04-28,unmatched_outside_coverage,1,7201.0,0,UNMATCHED-CARINAOCEAN-20180428,,,
FAIR OCEAN,FAIROCEAN,2018-04-28,unmatched_outside_coverage,1,18535.0,0,UNMATCHED-FAIROCEAN-20180428,,,
IRIS HALO,IRISHALO,2018-04-28,unmatched_outside_coverage,2,44591.0,0,UNMATCHED-IRISHALO-20180428,,,
LILA II,LILAII,2018-04-28,unmatched_outside_coverage,2,24742.0,0,UNMATCHED-LILAII-20180428,,,
ORIENT RISE,ORIENTRISE,2018-04-28,unmatched_outside_coverage,1,5500.0,0,UNMATCHED-ORIENTRISE-20180428,,,
SANTIAGO BASIN,SANTIAGOBASIN,2018-04-28,unmatched_outside_coverage,1,17291.0,0,UNMATCHED-SANTIAGOBASIN-20180428,,,
SBI REGGAE,SBIREGGAE,2018-04-28,unmatched_outside_coverage,1,62917.0,0,UNMATCHED-SBIREGGAE-20180428,,,
STAR ZETA,STARZETA,2018-04-28,unmatched_outside_coverage,3,22265.0,0,UNMATCHED-STARZETA-20180428,,,
VIRGO COLOSSUS,VIRGOCOLOSSUS,2018-04-28,unmatched_outside_coverage,1,54999.0,0,UNMATCHED-VIRGOCOLOSSUS-20180428,,,
CARINA OCEAN,CARINAOCEAN,2018-04-29,unmatched_outside_coverage,1,43572.0,0,UNMATCHED-CARINAOCEAN-20180429,,,
HARVEST TIME,HARVESTTIME,2018-04-29,unmatched_outside_coverage,1,85067.0,0,UNMATCHED-HARVESTTIME-20180429,,,
INTERLINK PARITY,INTERLINKPARITY,2018-04-29,unmatched_outside_coverage,1,35062.0,0,UNMATCHED-INTERLINKPARITY-20180429,,,
NIKOLAS XL,NIKOLASXL,2018-04-29,unmatched_outside_coverage,1,5251.0,0,UNMATCHED-NIKOLASXL-20180429,,,
SEASTAR TRADITION,SEASTARTRADITION,2018-04-29,unmatched_outside_coverage,2,23200.0,0,UNMATCHED-SEASTARTRADITION-20180429,,,
CIELO DI VALPARAISO,CIELODIVALPARAISO,2018-04-30,unmatched_outside_coverage,1,37784.0,0,UNMATCHED-CIELODIVALPARAISO-20180430,,,
ISHIZUCHI STAR,ISHIZUCHISTAR,2018-04-30,unmatched_outside_coverage,1,23100.0,0,UNMATCHED-ISHIZUCHISTAR-20180430,,,
NIKOLAS XL,NIKOLASXL,2018-04-30,unmatched_outside_coverage,3,56131.0,0,UNMATCHED-NIKOLASXL-20180430,,,
ORIENT TRIBUNE,ORIENTTRIBUNE,2018-04-30,unmatched_outside_coverage,1,32394.0,0,UNMATCHED-ORIENTTRIBUNE-20180430,,,
AM LIBERIA,AMLIBERIA,2018-05-01,unmatched_outside_coverage,2,83607.0,0,UNMATCHED-AMLIBERIA-20180501,,,
SBI PISCES,SBIPISCES,2018-05-01,unmatched_outside_coverage,2,45858.0,0,UNMATCHED-SBIPISCES-20180501,,,
SREDNA GORA,SREDNAGORA,2018-05-01,unmatched_outside_coverage,1,31822.0,0,UNMATCHED-SREDNAGORA-20180501,,,
KIRAN ADRIATIC,KIRANADRIATIC,2018-05-02,unmatched_outside_coverage,1,33000.0,0,UNMATCHED-KIRANADRIATIC-20180502,,,
LAMBI,LAMBI,2018-05-02,unmatched_outside_coverage,1,14420.0,0,UNMATCHED-LAMBI-20180502,,,
STAHLA,STAHLA,2018-05-02,unmatched_outside_coverage,1,65862.0,0,UNMATCHED-STAHLA-20180502,,,
STAR NORITA,STARNORITA,2018-05-02,unmatched_outside_coverage,1,34354.0,0,UNMATCHED-STARNORITA-20180502,,,
UBC BALBOA,UBCBALBOA,2018-05-02,unmatched_outside_coverage,2,21220.0,0,UNMATCHED-UBCBALBOA-20180502,,,
VSC CASTOR,VSCCASTOR,2018-05-02,unmatched_outside_coverage,1,10118.0,0,UNMATCHED-VSCCASTOR-20180502,,,
IKAN KERAPU,IKANKERAPU,2018-05-03,unmatched_outside_coverage,1,67207.0,0,UNMATCHED-IKANKERAPU-20180503,,,
INTERLINK TENACITY,INTERLINKTENACITY,2018-05-03,unmatched_outside_coverage,2,27176.0,0,UNMATCHED-INTERLINKTENACITY-20180503,,,
TIGER HENAN,TIGERHENAN,2018-05-03,unmatched_outside_coverage,1,3506.0,0,UNMATCHED-TIGERHENAN-20180503,,,
VSC CASTOR,VSCCASTOR,2018-05-03,unmatched_outside_coverage,1,27120.0,0,UNMATCHED-VSCCASTOR-20180503,,,
WARRIOR,WARRIOR,2018-05-03,unmatched_outside_coverage,1,26357.0,0,UNMATCHED-WARRIOR-20180503,,,
ERASMOS,ERASMOS,2018-05-04,unmatched_outside_coverage,1,46649.0,0,UNMATCHED-ERASMOS-20180504,,,
KASZUBY,KASZUBY,2018-05-04,unmatched_outside_coverage,2,25619.0,0,UNMATCHED-KASZUBY-20180504,,,
TIGER HENAN,TIGERHENAN,2018-05-04,unmatched_outside_coverage,1,42031.0,0,UNMATCHED-TIGERHENAN-20180504,,,
TRANS FRIENDSHIP II,TRANSFRIENDSHIPII,2018-05-04,unmatched_outside_coverage,2,20991.0,0,UNMATCHED-TRANSFRIENDSHIPII-20180504,,,
CMB MAE,CMBMAE,2018-05-05,unmatched_outside_coverage,1,32515.0,0,UNMATCHED-CMBMAE-20180505,,,
GLOBAL PRIME,GLOBALPRIME,2018-05-05,unmatched_outside_coverage,1,6000.0,0,UNMATCHED-GLOBALPRIME-20180505,,,
LIBERTY,LIBERTY,2018-05-05,unmatched_outside_coverage,1,49835.0,0,UNMATCHED-LIBERTY-20180505,,,
PAC ADARA,PACADARA,2018-05-05,unmatched_outside_coverage,1,25256.0,0,UNMATCHED-PACADARA-20180505,,,
CLIPPER SELO,CLIPPERSELO,2018-05-06,unmatched_outside_coverage,2,30376.0,0,UNMATCHED-CLIPPERSELO-20180506,,,
GLOBAL PRIME,GLOBALPRIME,2018-05-06,unmatched_outside_coverage,2,42297.0,0,UNMATCHED-GLOBALPRIME-20180506,,,
UBC SYDNEY,UBCSYDNEY,2018-05-06,unmatched_outside_coverage,1,4510.0,0,UNMATCHED-UBCSYDNEY-20180506,,,
KYDONIA,KYDONIA,2018-05-07,unmatched_outside_coverage,1,75158.0,0,UNMATCHED-KYDONIA-20180507,,,
MY FAIR LADY,MYFAIRLADY,2018-05-07,unmatched_outside_coverage,2,33416.0,0,UNMATCHED-MYFAIRLADY-20180507,,,
STRATEGIC TENACITY,STRATEGICTENACITY,2018-05-07,unmatched_outside_coverage,1,16284.0,0,UNMATCHED-STRATEGICTENACITY-20180507,,,
SUNISA NAREE,SUNISANAREE,2018-05-07,unmatched_outside_coverage,1,57397.0,0,UNMATCHED-SUNISANAREE-20180507,,,
TAI SHINE,TAISHINE,2018-05-07,unmatched_outside_coverage,1,58676.0,0,UNMATCHED-TAISHINE-20180507,,,
TIGER NORTH,TIGERNORTH,2018-05-07,unmatched_outside_coverage,1,6994.0,0,UNMATCHED-TIGERNORTH-20180507,,,
UBC SYDNEY,UBCSYDNEY,2018-05-07,unmatched_outside_coverage,1,6910.0,0,UNMATCHED-UBCSYDNEY-20180507,,,
AGIOS NIKOLAS,AGIOSNIKOLAS,2018-05-08,unmatched_outside_coverage,1,53796.0,0,UNMATCHED-AGIOSNIKOLAS-20180508,,,
FLORIANA,FLORIANA,2018-05-08,unmatched_outside_coverage,1,27144.0,0,UNMATCHED-FLORIANA-20180508,,,
INGRID OLDENDORFF,INGRIDOLDENDORFF,2018-05-08,unmatched_outside_coverage,1,54999.0,0,UNMATCHED-INGRIDOLDENDORFF-20180508,,,
MARDINIK,MARDINIK,2018-05-08,unmatched_outside_coverage,1,14858.0,0,UNMATCHED-MARDINIK-20180508,,,
SEA BREEZE,SEABREEZE,2018-05-08,unmatched_outside_coverage,1,32581.0,0,UNMATCHED-SEABREEZE-20180508,,,
STRATEGIC TENACITY,STRATEGICTENACITY,2018-05-08,unmatched_outside_coverage,2,19484.0,0,UNMATCHED-STRATEGICTENACITY-20180508,,,
TIGER NORTH,TIGERNORTH,2018-05-08,unmatched_outside_coverage,1,43759.0,0,UNMATCHED-TIGERNORTH-20180508,,,
ANDREAS K,ANDREASK,2018-05-09,unmatched_outside_coverage,1,76993.0,0,UNMATCHED-ANDREASK-20180509,,,
EN MAY,ENMAY,2018-05-09,unmatched_outside_coverage,1,71498.0,0,UNMATCHED-ENMAY-20180509,,,
OMICRON SKY,OMICRONSKY,2018-05-09,unmatched_outside_coverage,2,48736.0,0,UNMATCHED-OMICRONSKY-20180509,,,
SIRIUS,SIRIUS,2018-05-09,unmatched_outside_coverage,1,32669.0,0,UNMATCHED-SIRIUS-20180509,,,
UBC SAGUNTO,UBCSAGUNTO,2018-05-09,unmatched_outside_coverage,2,21407.0,0,UNMATCHED-UBCSAGUNTO-20180509,,,
AMAPOLA,AMAPOLA,2018-05-10,unmatched_outside_coverage,2,32183.0,0,UNMATCHED-AMAPOLA-20180510,,,
KING COFFEE,KINGCOFFEE,2018-05-10,unmatched_outside_coverage,1,31191.0,0,UNMATCHED-KINGCOFFEE-20180510,,,
LISSA TOPIC,LISSATOPIC,2018-05-10,unmatched_outside_coverage,3,49001.0,0,UNMATCHED-LISSATOPIC-20180510,,,
TOMINI ABILITY,TOMINIABILITY,2018-05-10,unmatched_outside_coverage,1,11256.0,0,UNMATCHED-TOMINIABILITY-20180510,,,
TS CHALLENGE,TSCHALLENGE,2018-05-10,unmatched_outside_coverage,1,21709.0,0,UNMATCHED-TSCHALLENGE-20180510,,,
UGLJAN,UGLJAN,2018-05-10,unmatched_outside_coverage,1,24743.0,0,UNMATCHED-UGLJAN-20180510,,,
VIRTUOUS STRIKER,VIRTUOUSSTRIKER,2018-05-10,unmatched_outside_coverage,1,54799.0,0,UNMATCHED-VIRTUOUSSTRIKER-20180510,,,
FOUR BUTTERFLY,FOURBUTTERFLY,2018-05-11,unmatched_outside_coverage,1,32720.0,0,UNMATCHED-FOURBUTTERFLY-20180511,,,
IMABARI LOGGER,IMABARILOGGER,2018-05-11,unmatched_outside_coverage,1,6109.0,0,UNMATCHED-IMABARILOGGER-20180511,,,
TOMINI ABILITY,TOMINIABILITY,2018-05-11,unmatched_outside_coverage,1,33550.0,0,UNMATCHED-TOMINIABILITY-20180511,,,
TRUSTN TRADER II,TRUSTNTRADERII,2018-05-11,unmatched_outside_coverage,1,22000.0,0,UNMATCHED-TRUSTNTRADERII-20180511,,,
CI YUN SHAN,CIYUNSHAN,2018-05-12,unmatched_outside_coverage,1,52747.0,0,UNMATCHED-CIYUNSHAN-20180512,,,
IMABARI LOGGER,IMABARILOGGER,2018-05-12,unmatched_outside_coverage,1,11000.0,0,UNMATCHED-IMABARILOGGER-20180512,,,
ISABELA ISLAND,ISABELAISLAND,2018-05-12,unmatched_outside_coverage,2,32454.0,0,UNMATCHED-ISABELAISLAND-20180512,,,
NORDIC DALIAN,NORDICDALIAN,2018-05-12,unmatched_outside_coverage,2,23965.0,0,UNMATCHED-NORDICDALIAN-20180512,,,
TRUSTN TRADER II,TRUSTNTRADERII,2018-05-12,unmatched_outside_coverage,1,28854.0,0,UNMATCHED-TRUSTNTRADERII-20180512,,,
GENTLE SEAS,GENTLESEAS,2018-05-13,unmatched_outside_coverage,1,58236.0,0,UNMATCHED-GENTLESEAS-20180513,,,
SBI PHOENIX,SBIPHOENIX,2018-05-13,unmatched_outside_coverage,2,46907.0,0,UNMATCHED-SBIPHOENIX-20180513,,,
WUCHANG,WUCHANG,2018-05-13,unmatched_outside_coverage,1,8592.0,0,UNMATCHED-WUCHANG-20180513,,,
INCA QUEEN,INCAQUEEN,2018-05-14,unmatched_outside_coverage,1,47481.0,0,UNMATCHED-INCAQUEEN-20180514,,,
INTERLINK VERACITY,INTERLINKVERACITY,2018-05-14,unmatched_outside_coverage,1,33280.0,0,UNMATCHED-INTERLINKVERACITY-20180514,,,
MEDI BRISBANE,MEDIBRISBANE,2018-05-14,unmatched_outside_coverage,1,54999.0,0,UNMATCHED-MEDIBRISBANE-20180514,,,
ORIENT TRIBUNE,ORIENTTRIBUNE,2018-05-14,unmatched_outside_coverage,1,7666.0,0,UNMATCHED-ORIENTTRIBUNE-20180514,,,
UBC TAMPA,UBCTAMPA,2018-05-14,unmatched_outside_coverage,1,32999.0,0,UNMATCHED-UBCTAMPA-20180514,,,
WUCHANG,WUCHANG,2018-05-14,unmatched_outside_coverage,1,14452.0,0,UNMATCHED-WUCHANG-20180514,,,
INGMAR OLDENDORFF,INGMAROLDENDORFF,2018-05-15,unmatched_outside_coverage,1,58399.0,0,UNMATCHED-INGMAROLDENDORFF-20180515,,,
SIDARI,SIDARI,2018-05-15,unmatched_outside_coverage,1,63704.0,0,UNMATCHED-SIDARI-20180515,,,
DRAFTSLAYER,DRAFTSLAYER,2018-05-16,unmatched_outside_coverage,1,60375.0,0,UNMATCHED-DRAFTSLAYER-20180516,,,
ESSEX STRAIT,ESSEXSTRAIT,2018-05-16,unmatched_outside_coverage,2,48381.0,0,UNMATCHED-ESSEXSTRAIT-20180516,,,
OCEANLADY,OCEANLADY,2018-05-16,unmatched_outside_coverage,2,47816.0,0,UNMATCHED-OCEANLADY-20180516,,,
ORION BAY,ORIONBAY,2018-05-16,unmatched_outside_coverage,2,17732.0,0,UNMATCHED-ORIONBAY-20180516,,,
PEACE GARDEN,PEACEGARDEN,2018-05-16,unmatched_outside_coverage,1,66050.0,0,UNMATCHED-PEACEGARDEN-20180516,,,
UBC TOKYO,UBCTOKYO,2018-05-16,unmatched_outside_coverage,1,16650.0,0,UNMATCHED-UBCTOKYO-20180516,,,
ATLANTIC MEXICO,ATLANTICMEXICO,2018-05-17,unmatched_outside_coverage,1,48638.0,0,UNMATCHED-ATLANTICMEXICO-20180517,,,
DALMATIA G,DALMATIAG,2018-05-17,unmatched_outside_coverage,1,5050.0,0,UNMATCHED-DALMATIAG-20180517,,,
PANORIA,PANORIA,2018-05-17,unmatched_outside_coverage,1,31528.0,0,UNMATCHED-PANORIA-20180517,,,
SAN,SAN,2018-05-17,unmatched_outside_coverage,4,15966.0,0,UNMATCHED-SAN-20180517,,,
SBI MAIA,SBIMAIA,2018-05-17,unmatched_outside_coverage,1,57751.0,0,UNMATCHED-SBIMAIA-20180517,,,
SUNLEAF GRACE,SUNLEAFGRACE,2018-05-17,unmatched_outside_coverage,1,6752.0,0,UNMATCHED-SUNLEAFGRACE-20180517,,,
DALMATIA G,DALMATIAG,2018-05-18,unmatched_outside_coverage,1,11000.0,0,UNMATCHED-DALMATIAG-20180518,,,
GRIKOS,GRIKOS,2018-05-18,unmatched_outside_coverage,1,29001.0,0,UNMATCHED-GRIKOS-20180518,,,
PANORIA,PANORIA,2018-05-18,unmatched_outside_coverage,1,17723.0,0,UNMATCHED-PANORIA-20180518,,,
SHAKESPEARE BAY,SHAKESPEAREBAY,2018-05-18,unmatched_outside_coverage,1,13719.0,0,UNMATCHED-SHAKESPEAREBAY-20180518,,,
SUNLEAF GRACE,SUNLEAFGRACE,2018-05-18,unmatched_outside_coverage,2,46902.0,0,UNMATCHED-SUNLEAFGRACE-20180518,,,
DALMATIA G,DALMATIAG,2018-05-19,unmatched_outside_coverage,1,32661.0,0,UNMATCHED-DALMATIAG-20180519,,,
SEAPEARL,SEAPEARL,2018-05-19,unmatched_outside_coverage,1,29001.0,0,UNMATCHED-SEAPEARL-20180519,,,
SHAKESPEARE BAY,SHAKESPEAREBAY,2018-05-19,unmatched_outside_coverage,1,4102.0,0,UNMATCHED-SHAKESPEAREBAY-20180519,,,
ULTRA PANTHER,ULTRAPANTHER,2018-05-19,unmatched_outside_coverage,3,58393.0,0,UNMATCHED-ULTRAPANTHER-20180519,,,
AMANDA C,AMANDAC,2018-05-20,unmatched_outside_coverage,2,22256.0,0,UNMATCHED-AMANDAC-20180520,,,
BALSA 93,BALSA93,2018-05-20,unmatched_outside_coverage,1,6947.0,0,UNMATCHED-BALSA93-20180520,,,
EPTALOFOS,EPTALOFOS,2018-05-20,unmatched_outside_coverage,1,71499.0,0,UNMATCHED-EPTALOFOS-20180520,,,
GLOBAL SUCCESS,GLOBALSUCCESS,2018-05-20,unmatched_outside_coverage,2,7031.0,0,UNMATCHED-GLOBALSUCCESS-20180520,,,
JIA LONG SHAN,JIALONGSHAN,2018-05-20,unmatched_outside_coverage,1,54250.0,0,UNMATCHED-JIALONGSHAN-20180520,,,
JOBST OLDENDORFF,JOBSTOLDENDORFF,2018-05-20,unmatched_outside_coverage,1,47675.0,0,UNMATCHED-JOBSTOLDENDORFF-20180520,,,
TERESA OETKER,TERESAOETKER,2018-05-20,unmatched_outside_coverage,1,54298.0,0,UNMATCHED-TERESAOETKER-20180520,,,
WESTERN EYDE,WESTERNEYDE,2018-05-20,unmatched_outside_coverage,1,49480.0,0,UNMATCHED-WESTERNEYDE-20180520,,,
CLIPPER BLISS,CLIPPERBLISS,2018-05-21,unmatched_outside_coverage,1,7334.0,0,UNMATCHED-CLIPPERBLISS-20180521,,,
FURNESS SOUTHERN CROSS,FURNESSSOUTHERNCROSS,2018-05-21,unmatched_outside_coverage,2,22243.0,0,UNMATCHED-FURNESSSOUTHERNCROSS-20180521,,,
GLOBAL SUCCESS,GLOBALSUCCESS,2018-05-21,unmatched_outside_coverage,2,43568.0,0,UNMATCHED-GLOBALSUCCESS-20180521,,,
GLORY AMSTERDAM,GLORYAMSTERDAM,2018-05-21,unmatched_outside_coverage,1,65389.0,0,UNMATCHED-GLORYAMSTERDAM-20180521,,,
GOLDEN ENDURER,GOLDENENDURER,2018-05-21,unmatched_outside_coverage,1,65806.0,0,UNMATCHED-GOLDENENDURER-20180521,,,
OCEAN IBIS,OCEANIBIS,2018-05-21,unmatched_outside_coverage,1,27690.0,0,UNMATCHED-OCEANIBIS-20180521,,,
ATLANTIC YUCATAN,ATLANTICYUCATAN,2018-05-22,unmatched_outside_coverage,1,49874.0,0,UNMATCHED-ATLANTICYUCATAN-20180522,,,
LINDSAYLOU,LINDSAYLOU,2018-05-22,unmatched_outside_coverage,1,43996.0,0,UNMATCHED-LINDSAYLOU-20180522,,,
THEMISTOCLES,THEMISTOCLES,2018-05-22,unmatched_outside_coverage,3,42519.0,0,UNMATCHED-THEMISTOCLES-20180522,,,
ATHINOULA,ATHINOULA,2018-05-23,unmatched_outside_coverage,1,69399.0,0,UNMATCHED-ATHINOULA-20180523,,,
BULK ECUADOR,BULKECUADOR,2018-05-23,unmatched_outside_coverage,1,25984.0,0,UNMATCHED-BULKECUADOR-20180523,,,
BULK PORTUGAL,BULKPORTUGAL,2018-05-23,unmatched_outside_coverage,1,20635.0,0,UNMATCHED-BULKPORTUGAL-20180523,,,
CLIPPER BLISS,CLIPPERBLISS,2018-05-23,unmatched_outside_coverage,1,25285.0,0,UNMATCHED-CLIPPERBLISS-20180523,,,
FLORIANA,FLORIANA,2018-05-23,unmatched_outside_coverage,2,25639.0,0,UNMATCHED-FLORIANA-20180523,,,
INDIGO RIVER,INDIGORIVER,2018-05-23,unmatched_outside_coverage,2,48816.0,0,UNMATCHED-INDIGORIVER-20180523,,,
NORD POTOMAC,NORDPOTOMAC,2018-05-23,unmatched_outside_coverage,1,36409.0,0,UNMATCHED-NORDPOTOMAC-20180523,,,
TSCHAIKOWSKY,TSCHAIKOWSKY,2018-05-23,unmatched_outside_coverage,2,23675.0,0,UNMATCHED-TSCHAIKOWSKY-20180523,,,
NORDIC INCHEON,NORDICINCHEON,2018-05-24,unmatched_outside_coverage,1,31836.0,0,UNMATCHED-NORDICINCHEON-20180524,,,
TSCHAIKOWSKY,TSCHAIKOWSKY,2018-05-24,unmatched_outside_coverage,1,25942.0,0,UNMATCHED-TSCHAIKOWSKY-20180524,,,
COREWISE OL,COREWISEOL,2018-05-25,unmatched_outside_coverage,1,31502.0,0,UNMATCHED-COREWISEOL-20180525,,,
DESERT SPRING,DESERTSPRING,2018-05-25,unmatched_outside_coverage,1,11383.0,0,UNMATCHED-DESERTSPRING-20180525,,,
IOANNA D,IOANNAD,2018-05-25,unmatched_outside_coverage,1,20297.0,0,UNMATCHED-IOANNAD-20180525,,,
MOUNT ADAMS,MOUNTADAMS,2018-05-25,unmatched_outside_coverage,1,2750.0,0,UNMATCHED-MOUNTADAMS-20180525,,,
TRANS FRIENDSHIP II,TRANSFRIENDSHIPII,2018-05-25,unmatched_outside_coverage,1,4450.0,0,UNMATCHED-TRANSFRIENDSHIPII-20180525,,,
UNION VOYAGER,UNIONVOYAGER,2018-05-25,unmatched_outside_coverage,1,65999.0,0,UNMATCHED-UNIONVOYAGER-20180525,,,
DESERT SPRING,DESERTSPRING,2018-05-26,unmatched_outside_coverage,2,38043.0,0,UNMATCHED-DESERTSPRING-20180526,,,
HARVEST FROST,HARVESTFROST,2018-05-26,unmatched_outside_coverage,1,85326.0,0,UNMATCHED-HARVESTFROST-20180526,,,
KASZUBY,KASZUBY,2018-05-26,unmatched_outside_coverage,1,5453.0,0,UNMATCHED-KASZUBY-20180526,,,
MOUNT ADAMS,MOUNTADAMS,2018-05-26,unmatched_outside_coverage,1,23099.0,0,UNMATCHED-MOUNTADAMS-20180526,,,
TRANS FRIENDSHIP II,TRANSFRIENDSHIPII,2018-05-26,unmatched_outside_coverage,1,6890.0,0,UNMATCHED-TRANSFRIENDSHIPII-20180526,,,
ALWINE OLDENDORFF,ALWINEOLDENDORFF,2018-05-27,unmatched_outside_coverage,1,47596.0,0,UNMATCHED-ALWINEOLDENDORFF-20180527,,,
SEATTLE,SEATTLE,2018-05-27,unmatched_outside_coverage,1,15400.0,0,UNMATCHED-SEATTLE-20180527,,,
UNISON MEDAL,UNISONMEDAL,2018-05-27,unmatched_outside_coverage,1,14471.0,0,UNMATCHED-UNISONMEDAL-20180527,,,
APPALOOSA,APPALOOSA,2018-05-28,unmatched_outside_coverage,1,1813.0,0,UNMATCHED-APPALOOSA-20180528,,,
BAHRI WAFI,BAHRIWAFI,2018-05-28,unmatched_outside_coverage,1,69900.0,0,UNMATCHED-BAHRIWAFI-20180528,,,
FURNESS PORTLAND,FURNESSPORTLAND,2018-05-28,unmatched_outside_coverage,3,29441.0,0,UNMATCHED-FURNESSPORTLAND-20180528,,,
MADELEINE,MADELEINE,2018-05-28,unmatched_outside_coverage,1,65998.0,0,UNMATCHED-MADELEINE-20180528,,,
REGALICA,REGALICA,2018-05-28,unmatched_outside_coverage,1,10032.0,0,UNMATCHED-REGALICA-20180528,,,
SEAMEC GALLANT,SEAMECGALLANT,2018-05-28,unmatched_outside_coverage,1,27402.0,0,UNMATCHED-SEAMECGALLANT-20180528,,,
SEAS 3,SEAS3,2018-05-28,unmatched_outside_coverage,1,20437.0,0,UNMATCHED-SEAS3-20180528,,,
ALORA,ALORA,2018-05-29,unmatched_outside_coverage,1,56439.0,0,UNMATCHED-ALORA-20180529,,,
OCEAN VENUS,OCEANVENUS,2018-05-29,unmatched_outside_coverage,1,8550.0,0,UNMATCHED-OCEANVENUS-20180529,,,
APPALOOSA,APPALOOSA,2018-05-30,unmatched_outside_coverage,1,22793.0,0,UNMATCHED-APPALOOSA-20180530,,,
ATLANTIC TULUM,ATLANTICTULUM,2018-05-30,unmatched_outside_coverage,2,46309.0,0,UNMATCHED-ATLANTICTULUM-20180530,,,
HARVEST LEGEND,HARVESTLEGEND,2018-05-30,unmatched_outside_coverage,3,42614.0,0,UNMATCHED-HARVESTLEGEND-20180530,,,
SEAGLASS II,SEAGLASSII,2018-05-30,unmatched_outside_coverage,1,27499.0,0,UNMATCHED-SEAGLASSII-20180530,,,
SIMURGH,SIMURGH,2018-05-30,unmatched_outside_coverage,3,48813.0,0,UNMATCHED-SIMURGH-20180530,,,
SIRIUS,SIRIUS,2018-05-30,unmatched_outside_coverage,1,28000.0,0,UNMATCHED-SIRIUS-20180530,,,
WARRIOR,WARRIOR,2018-05-30,unmatched_outside_coverage,1,54758.0,0,UNMATCHED-WARRIOR-20180530,,,
WUHU,WUHU,2018-05-30,unmatched_outside_coverage,1,22041.0,0,UNMATCHED-WUHU-20180530,,,
INDIGO SILVA,INDIGOSILVA,2018-05-31,unmatched_outside_coverage,1,5999.0,0,UNMATCHED-INDIGOSILVA-20180531,,,
OCEAN VENUS,OCEANVENUS,2018-05-31,unmatched_outside_coverage,1,44099.0,0,UNMATCHED-OCEANVENUS-20180531,,,
SEASTAR TITAN,SEASTARTITAN,2018-05-31,unmatched_outside_coverage,1,28245.0,0,UNMATCHED-SEASTARTITAN-20180531,,,
XING YI HAI,XINGYIHAI,2018-05-31,unmatched_outside_coverage,1,20000.0,0,UNMATCHED-XINGYIHAI-20180531,,,
BULK POLARIS,BULKPOLARIS,2018-06-01,unmatched_outside_coverage,2,43812.0,0,UNMATCHED-BULKPOLARIS-20180601,,,
GLOBAL GENESIS,GLOBALGENESIS,2018-06-01,unmatched_outside_coverage,1,36849.0,0,UNMATCHED-GLOBALGENESIS-20180601,,,
INDIGO SILVA,INDIGOSILVA,2018-06-01,unmatched_outside_coverage,1,13200.0,0,UNMATCHED-INDIGOSILVA-20180601,,,
NEWYORK HARMONY,NEWYORKHARMONY,2018-06-01,unmatched_outside_coverage,2,35365.0,0,UNMATCHED-NEWYORKHARMONY-20180601,,,
UBC TARRAGONA,UBCTARRAGONA,2018-06-01,unmatched_outside_coverage,1,6901.0,0,UNMATCHED-UBCTARRAGONA-20180601,,,
ATLANTIC EAGLE,ATLANTICEAGLE,2018-06-02,unmatched_outside_coverage,1,67041.0,0,UNMATCHED-ATLANTICEAGLE-20180602,,,
HARVESTER,HARVESTER,2018-06-02,unmatched_outside_coverage,1,22049.0,0,UNMATCHED-HARVESTER-20180602,,,
STAR LUSTER,STARLUSTER,2018-06-02,unmatched_outside_coverage,1,45000.0,0,UNMATCHED-STARLUSTER-20180602,,,
TOMINI VICTORY,TOMINIVICTORY,2018-06-02,unmatched_outside_coverage,1,8800.0,0,UNMATCHED-TOMINIVICTORY-20180602,,,
UBC TARRAGONA,UBCTARRAGONA,2018-06-02,unmatched_outside_coverage,1,29036.0,0,UNMATCHED-UBCTARRAGONA-20180602,,,
CLIPPER SELO,CLIPPERSELO,2018-06-03,unmatched_outside_coverage,3,25005.0,0,UNMATCHED-CLIPPERSELO-20180603,,,
GISELA OLDENDORFF,GISELAOLDENDORFF,2018-06-03,unmatched_outside_coverage,1,67677.0,0,UNMATCHED-GISELAOLDENDORFF-20180603,,,
SAGAR JYOTI,SAGARJYOTI,2018-06-03,unmatched_outside_coverage,1,4435.0,0,UNMATCHED-SAGARJYOTI-20180603,,,
SPAR LYRA,SPARLYRA,2018-06-03,unmatched_outside_coverage,1,5654.0,0,UNMATCHED-SPARLYRA-20180603,,,
TOMINI VICTORY,TOMINIVICTORY,2018-06-03,unmatched_outside_coverage,1,27731.0,0,UNMATCHED-TOMINIVICTORY-20180603,,,
TRADE RESOURCE,TRADERESOURCE,2018-06-03,unmatched_outside_coverage,1,71500.0,0,UNMATCHED-TRADERESOURCE-20180603,,,
GH URBAN SEA,GHURBANSEA,2018-06-04,unmatched_outside_coverage,2,52304.0,0,UNMATCHED-GHURBANSEA-20180604,,,
PAC ATHENA,PACATHENA,2018-06-04,unmatched_outside_coverage,1,25051.0,0,UNMATCHED-PACATHENA-20180604,,,
RONG MAY,RONGMAY,2018-06-04,unmatched_outside_coverage,1,74798.0,0,UNMATCHED-RONGMAY-20180604,,,
ZEBRA WIND,ZEBRAWIND,2018-06-04,unmatched_outside_coverage,2,28352.0,0,UNMATCHED-ZEBRAWIND-20180604,,,
ATLANTIC MANZANILLO,ATLANTICMANZANILLO,2018-06-05,unmatched_outside_coverage,1,28597.0,0,UNMATCHED-ATLANTICMANZANILLO-20180605,,,
OCEAN IBIS,OCEANIBIS,2018-06-05,unmatched_outside_coverage,1,22467.0,0,UNMATCHED-OCEANIBIS-20180605,,,
PAC DUBHE,PACDUBHE,2018-06-05,unmatched_outside_coverage,1,25230.0,0,UNMATCHED-PACDUBHE-20180605,,,
SAGAR JYOTI,SAGARJYOTI,2018-06-05,unmatched_outside_coverage,2,38632.0,0,UNMATCHED-SAGARJYOTI-20180605,,,
SPAR LYRA,SPARLYRA,2018-06-05,unmatched_outside_coverage,2,21095.0,0,UNMATCHED-SPARLYRA-20180605,,,
ATLANTIC GRACE,ATLANTICGRACE,2018-06-06,unmatched_outside_coverage,1,31531.0,0,UNMATCHED-ATLANTICGRACE-20180606,,,
BALSA 84,BALSA84,2018-06-06,unmatched_outside_coverage,1,6920.0,0,UNMATCHED-BALSA84-20180606,,,
CALYPSO GR,CALYPSOGR,2018-06-06,unmatched_outside_coverage,1,33000.0,0,UNMATCHED-CALYPSOGR-20180606,,,
CLIPPER BETTINA,CLIPPERBETTINA,2018-06-06,unmatched_outside_coverage,1,32410.0,0,UNMATCHED-CLIPPERBETTINA-20180606,,,
FIORA TOPIC,FIORATOPIC,2018-06-06,unmatched_outside_coverage,1,19542.0,0,UNMATCHED-FIORATOPIC-20180606,,,
SAGAR JYOTI,SAGARJYOTI,2018-06-06,unmatched_outside_coverage,1,7836.0,0,UNMATCHED-SAGARJYOTI-20180606,,,
UBC TOKYO,UBCTOKYO,2018-06-06,unmatched_outside_coverage,2,36169.0,0,UNMATCHED-UBCTOKYO-20180606,,,
YOU & ISLAND,YOUISLAND,2018-06-06,unmatched_outside_coverage,1,5512.0,0,UNMATCHED-YOUISLAND-20180606,,,
ALPHA VISION,ALPHAVISION,2018-06-07,unmatched_outside_coverage,1,72924.0,0,UNMATCHED-ALPHAVISION-20180607,,,
SEAS 1,SEAS1,2018-06-07,unmatched_outside_coverage,2,27302.0,0,UNMATCHED-SEAS1-20180607,,,
YOU & ISLAND,YOUISLAND,2018-06-07,unmatched_outside_coverage,2,16620.0,0,UNMATCHED-YOUISLAND-20180607,,,
ATLANTIC YUCATAN,ATLANTICYUCATAN,2018-06-08,unmatched_outside_coverage,1,49650.0,0,UNMATCHED-ATLANTICYUCATAN-20180608,,,
JING LU HAI,JINGLUHAI,2018-06-08,unmatched_outside_coverage,1,69434.0,0,UNMATCHED-JINGLUHAI-20180608,,,
UBC TILBURY,UBCTILBURY,2018-06-08,unmatched_outside_coverage,1,33001.0,0,UNMATCHED-UBCTILBURY-20180608,,,
YOU & ISLAND,YOUISLAND,2018-06-08,unmatched_outside_coverage,2,7825.0,0,UNMATCHED-YOUISLAND-20180608,,,
HARVEST FESTIVAL,HARVESTFESTIVAL,2018-06-09,unmatched_outside_coverage,1,60499.0,0,UNMATCHED-HARVESTFESTIVAL-20180609,,,
JIN TAI FENG,JINTAIFENG,2018-06-09,unmatched_outside_coverage,1,79605.0,0,UNMATCHED-JINTAIFENG-20180609,,,
KNOSSOS WAVE,KNOSSOSWAVE,2018-06-09,unmatched_outside_coverage,1,71499.0,0,UNMATCHED-KNOSSOSWAVE-20180609,,,
NAVIOS HOPE,NAVIOSHOPE,2018-06-09,unmatched_outside_coverage,1,65890.0,0,UNMATCHED-NAVIOSHOPE-20180609,,,
NORDIC INCHEON,NORDICINCHEON,2018-06-09,unmatched_outside_coverage,1,32347.0,0,UNMATCHED-NORDICINCHEON-20180609,,,
OCEANLADY,OCEANLADY,2018-06-09,unmatched_outside_coverage,1,52500.0,0,UNMATCHED-OCEANLADY-20180609,,,
STOJA,STOJA,2018-06-09,unmatched_outside_coverage,1,46955.0,0,UNMATCHED-STOJA-20180609,,,
SZARE SZEREGI,SZARESZEREGI,2018-06-09,unmatched_outside_coverage,1,7439.0,0,UNMATCHED-SZARESZEREGI-20180609,,,
SZCZECIN,SZCZECIN,2018-06-09,unmatched_outside_coverage,1,7743.0,0,UNMATCHED-SZCZECIN-20180609,,,
MEDI SALERNO,MEDISALERNO,2018-06-10,unmatched_outside_coverage,4,53360.0,0,UNMATCHED-MEDISALERNO-20180610,,,
MURGASH,MURGASH,2018-06-10,unmatched_outside_coverage,1,27808.0,0,UNMATCHED-MURGASH-20180610,,,
PROSNA,PROSNA,2018-06-10,unmatched_outside_coverage,3,12349.0,0,UNMATCHED-PROSNA-20180610,,,
ATLANTIC BRAVE,ATLANTICBRAVE,2018-06-11,unmatched_outside_coverage,1,30000.0,0,UNMATCHED-ATLANTICBRAVE-20180611,,,
EQUINOX EAGLE,EQUINOXEAGLE,2018-06-11,unmatched_outside_coverage,1,57873.0,0,UNMATCHED-EQUINOXEAGLE-20180611,,,
HARVEST RAIN,HARVESTRAIN,2018-06-11,unmatched_outside_coverage,1,85085.0,0,UNMATCHED-HARVESTRAIN-20180611,,,
SWAN RIVER,SWANRIVER,2018-06-11,unmatched_outside_coverage,1,49999.0,0,UNMATCHED-SWANRIVER-20180611,,,
VENUS HALO,VENUSHALO,2018-06-11,unmatched_outside_coverage,1,48164.0,0,UNMATCHED-VENUSHALO-20180611,,,
STRATEGIC UNITY,STRATEGICUNITY,2018-06-12,unmatched_outside_coverage,1,35810.0,0,UNMATCHED-STRATEGICUNITY-20180612,,,
ARKLOW SPIRIT,ARKLOWSPIRIT,2018-06-13,unmatched_outside_coverage,1,31422.0,0,UNMATCHED-ARKLOWSPIRIT-20180613,,,
MOUNT HOPE,MOUNTHOPE,2018-06-13,unmatched_outside_coverage,2,18547.0,0,UNMATCHED-MOUNTHOPE-20180613,,,
NEWCHANG,NEWCHANG,2018-06-13,unmatched_outside_coverage,1,36966.0,0,UNMATCHED-NEWCHANG-20180613,,,
ONE ENERGY,ONEENERGY,2018-06-13,unmatched_outside_coverage,1,63447.0,0,UNMATCHED-ONEENERGY-20180613,,,
SONGA GLORY,SONGAGLORY,2018-06-13,unmatched_outside_coverage,1,20835.0,0,UNMATCHED-SONGAGLORY-20180613,,,
TOMINI HARMONY,TOMINIHARMONY,2018-06-13,unmatched_outside_coverage,2,58436.0,0,UNMATCHED-TOMINIHARMONY-20180613,,,
DANAE,DANAE,2018-06-14,unmatched_outside_coverage,1,64515.0,0,UNMATCHED-DANAE-20180614,,,
PATIENCE LAKE,PATIENCELAKE,2018-06-14,unmatched_outside_coverage,1,7659.0,0,UNMATCHED-PATIENCELAKE-20180614,,,
SONGA GLORY,SONGAGLORY,2018-06-14,unmatched_outside_coverage,2,31096.0,0,UNMATCHED-SONGAGLORY-20180614,,,
ST GREGORY,STGREGORY,2018-06-14,unmatched_outside_coverage,1,30000.0,0,UNMATCHED-STGREGORY-20180614,,,
YELLOWSTONE,YELLOWSTONE,2018-06-14,unmatched_outside_coverage,1,8800.0,0,UNMATCHED-YELLOWSTONE-20180614,,,
IBERIAN BULKER,IBERIANBULKER,2018-06-15,unmatched_outside_coverage,1,27200.0,0,UNMATCHED-IBERIANBULKER-20180615,,,
GLADIATOR,GLADIATOR,2018-06-16,unmatched_outside_coverage,1,27467.0,0,UNMATCHED-GLADIATOR-20180616,,,
ORIENT TARGET,ORIENTTARGET,2018-06-16,unmatched_outside_coverage,1,32449.0,0,UNMATCHED-ORIENTTARGET-20180616,,,
PATIENCE LAKE,PATIENCELAKE,2018-06-16,unmatched_outside_coverage,1,5602.0,0,UNMATCHED-PATIENCELAKE-20180616,,,
PEDHOULAS FARMER,PEDHOULASFARMER,2018-06-16,unmatched_outside_coverage,1,69300.0,0,UNMATCHED-PEDHOULASFARMER-20180616,,,
UBC SYDNEY,UBCSYDNEY,2018-06-16,unmatched_outside_coverage,1,13362.0,0,UNMATCHED-UBCSYDNEY-20180616,,,
BTG FUJI,BTGFUJI,2018-06-17,unmatched_outside_coverage,1,69307.0,0,UNMATCHED-BTGFUJI-20180617,,,
CANVASBACK,CANVASBACK,2018-06-17,unmatched_outside_coverage,2,32973.0,0,UNMATCHED-CANVASBACK-20180617,,,
KYZIKOS,KYZIKOS,2018-06-17,unmatched_outside_coverage,1,76739.0,0,UNMATCHED-KYZIKOS-20180617,,,
NEWYORK HARMONY,NEWYORKHARMONY,2018-06-17,unmatched_outside_coverage,2,27982.0,0,UNMATCHED-NEWYORKHARMONY-20180617,,,
OCEAN GALAXY,OCEANGALAXY,2018-06-17,unmatched_outside_coverage,1,1921.0,0,UNMATCHED-OCEANGALAXY-20180617,,,
SAN,SAN,2018-06-17,unmatched_outside_coverage,2,8671.0,0,UNMATCHED-SAN-20180617,,,
SEASTAR TITAN,SEASTARTITAN,2018-06-17,unmatched_outside_coverage,2,26000.0,0,UNMATCHED-SEASTARTITAN-20180617,,,
ATLANTIC PROGRESS,ATLANTICPROGRESS,2018-06-18,unmatched_outside_coverage,1,24735.0,0,UNMATCHED-ATLANTICPROGRESS-20180618,,,
IOANNA D,IOANNAD,2018-06-18,unmatched_outside_coverage,2,13264.0,0,UNMATCHED-IOANNAD-20180618,,,
BALTIC K,BALTICK,2018-06-19,unmatched_outside_coverage,2,8533.0,0,UNMATCHED-BALTICK-20180619,,,
GOLDEN ISLAND,GOLDENISLAND,2018-06-19,unmatched_outside_coverage,1,46488.0,0,UNMATCHED-GOLDENISLAND-20180619,,,
HARVEST LEGEND,HARVESTLEGEND,2018-06-19,unmatched_outside_coverage,1,42486.0,0,UNMATCHED-HARVESTLEGEND-20180619,,,
NALINEE NAREE,NALINEENAREE,2018-06-19,unmatched_outside_coverage,1,28728.0,0,UNMATCHED-NALINEENAREE-20180619,,,
OCEAN GALAXY,OCEANGALAXY,2018-06-19,unmatched_outside_coverage,2,24698.0,0,UNMATCHED-OCEANGALAXY-20180619,,,
ATLANTIC MANZANILLO,ATLANTICMANZANILLO,2018-06-20,unmatched_outside_coverage,1,36212.0,0,UNMATCHED-ATLANTICMANZANILLO-20180620,,,
EMERALD BAY,EMERALDBAY,2018-06-20,unmatched_outside_coverage,1,30997.0,0,UNMATCHED-EMERALDBAY-20180620,,,
UBC TARRAGONA,UBCTARRAGONA,2018-06-20,unmatched_outside_coverage,2,15199.0,0,UNMATCHED-UBCTARRAGONA-20180620,,,
UNITED HARMONY,UNITEDHARMONY,2018-06-20,unmatched_outside_coverage,1,23217.0,0,UNMATCHED-UNITEDHARMONY-20180620,,,
APHRODITE L,APHRODITEL,2018-06-21,unmatched_outside_coverage,1,71499.0,0,UNMATCHED-APHRODITEL-20180621,,,
ATLANTIC TULUM,ATLANTICTULUM,2018-06-21,unmatched_outside_coverage,1,11550.0,0,UNMATCHED-ATLANTICTULUM-20180621,,,
BW EINKORN,BWEINKORN,2018-06-21,unmatched_outside_coverage,1,73500.0,0,UNMATCHED-BWEINKORN-20180621,,,
LA TONDA,LATONDA,2018-06-21,unmatched_outside_coverage,1,58961.0,0,UNMATCHED-LATONDA-20180621,,,
THEODOR OLDENDORFF,THEODOROLDENDORFF,2018-06-21,unmatched_outside_coverage,6,58617.0,0,UNMATCHED-THEODOROLDENDORFF-20180621,,,
UBC TARRAGONA,UBCTARRAGONA,2018-06-21,unmatched_outside_coverage,1,15681.0,0,UNMATCHED-UBCTARRAGONA-20180621,,,
ATLANTIC TULUM,ATLANTICTULUM,2018-06-22,unmatched_outside_coverage,1,34758.0,0,UNMATCHED-ATLANTICTULUM-20180622,,,
BALTIC K,BALTICK,2018-06-22,unmatched_outside_coverage,2,40542.0,0,UNMATCHED-BALTICK-20180622,,,
HARVEST TIME,HARVESTTIME,2018-06-22,unmatched_outside_coverage,1,84947.0,0,UNMATCHED-HARVESTTIME-20180622,,,
HC NADJA MARIA,HCNADJAMARIA,2018-06-22,unmatched_outside_coverage,2,4965.0,0,UNMATCHED-HCNADJAMARIA-20180622,,,
NEFELI,NEFELI,2018-06-22,unmatched_outside_coverage,2,55016.0,0,UNMATCHED-NEFELI-20180622,,,
PERIDOT,PERIDOT,2018-06-22,unmatched_outside_coverage,3,48390.0,0,UNMATCHED-PERIDOT-20180622,,,
XENIA,XENIA,2018-06-22,unmatched_outside_coverage,1,58863.0,0,UNMATCHED-XENIA-20180622,,,
ETERNAL HAKATA,ETERNALHAKATA,2018-06-23,unmatched_outside_coverage,1,54999.0,0,UNMATCHED-ETERNALHAKATA-20180623,,,
NORD AUCKLAND,NORDAUCKLAND,2018-06-23,unmatched_outside_coverage,1,24598.0,0,UNMATCHED-NORDAUCKLAND-20180623,,,
ORIENT ALLIANCE,ORIENTALLIANCE,2018-06-23,unmatched_outside_coverage,1,30579.0,0,UNMATCHED-ORIENTALLIANCE-20180623,,,
SBI TANGO,SBITANGO,2018-06-23,unmatched_outside_coverage,1,58241.0,0,UNMATCHED-SBITANGO-20180623,,,
SUNRISE BRIGHT,SUNRISEBRIGHT,2018-06-23,unmatched_outside_coverage,1,7035.0,0,UNMATCHED-SUNRISEBRIGHT-20180623,,,
TOMINI ABILITY,TOMINIABILITY,2018-06-23,unmatched_outside_coverage,1,5843.0,0,UNMATCHED-TOMINIABILITY-20180623,,,
AFRICAN BLUE CRANE,AFRICANBLUECRANE,2018-06-24,unmatched_outside_coverage,3,46344.0,0,UNMATCHED-AFRICANBLUECRANE-20180624,,,
GHENT,GHENT,2018-06-24,unmatched_outside_coverage,1,49873.0,0,UNMATCHED-GHENT-20180624,,,
KOUTALIANOS,KOUTALIANOS,2018-06-24,unmatched_outside_coverage,1,77122.0,0,UNMATCHED-KOUTALIANOS-20180624,,,
SUNRISE BRIGHT,SUNRISEBRIGHT,2018-06-24,unmatched_outside_coverage,1,19740.0,0,UNMATCHED-SUNRISEBRIGHT-20180624,,,
TOMINI ABILITY,TOMINIABILITY,2018-06-24,unmatched_outside_coverage,1,4263.0,0,UNMATCHED-TOMINIABILITY-20180624,,,
UBC TAMPA,UBCTAMPA,2018-06-24,unmatched_outside_coverage,1,21080.0,0,UNMATCHED-UBCTAMPA-20180624,,,
PAC ALTAIR,PACALTAIR,2018-06-25,unmatched_outside_coverage,1,24900.0,0,UNMATCHED-PACALTAIR-20180625,,,
SEAS 3,SEAS3,2018-06-25,unmatched_outside_coverage,1,35497.0,0,UNMATCHED-SEAS3-20180625,,,
TEAM CHALLENGE,TEAMCHALLENGE,2018-06-25,unmatched_outside_coverage,1,21734.0,0,UNMATCHED-TEAMCHALLENGE-20180625,,,
TOMINI ABILITY,TOMINIABILITY,2018-06-25,unmatched_outside_coverage,1,16982.0,0,UNMATCHED-TOMINIABILITY-20180625,,,
ULTRA ESTERHAZY,ULTRAESTERHAZY,2018-06-25,unmatched_outside_coverage,1,32842.0,0,UNMATCHED-ULTRAESTERHAZY-20180625,,,
AFRICAN JACARANDA,AFRICANJACARANDA,2018-06-26,unmatched_outside_coverage,3,17434.0,0,UNMATCHED-AFRICANJACARANDA-20180626,,,
AFRICAN VENTURE,AFRICANVENTURE,2018-06-26,unmatched_outside_coverage,2,25458.0,0,UNMATCHED-AFRICANVENTURE-20180626,,,
HARVESTER,HARVESTER,2018-06-26,unmatched_outside_coverage,1,22036.0,0,UNMATCHED-HARVESTER-20180626,,,
RB LEAH,RBLEAH,2018-06-26,unmatched_outside_coverage,1,68998.0,0,UNMATCHED-RBLEAH-20180626,,,
GENCO SPIRIT,GENCOSPIRIT,2018-06-27,unmatched_outside_coverage,1,5582.0,0,UNMATCHED-GENCOSPIRIT-20180627,,,
PEDHOULAS BUILDER,PEDHOULASBUILDER,2018-06-27,unmatched_outside_coverage,1,71911.0,0,UNMATCHED-PEDHOULASBUILDER-20180627,,,
UBC BREMEN,UBCBREMEN,2018-06-27,unmatched_outside_coverage,2,21224.0,0,UNMATCHED-UBCBREMEN-20180627,,,
FAR EASTERN MERCURY,FAREASTERNMERCURY,2018-06-28,unmatched_outside_coverage,1,68999.0,0,UNMATCHED-FAREASTERNMERCURY-20180628,,,
KINGFISHER,KINGFISHER,2018-06-28,unmatched_outside_coverage,2,48561.0,0,UNMATCHED-KINGFISHER-20180628,,,
MAGIC STRIKER,MAGICSTRIKER,2018-06-28,unmatched_outside_coverage,1,40479.0,0,UNMATCHED-MAGICSTRIKER-20180628,,,
PARADISE ISLAND,PARADISEISLAND,2018-06-28,unmatched_outside_coverage,2,49872.0,0,UNMATCHED-PARADISEISLAND-20180628,,,
ROSSANA,ROSSANA,2018-06-28,unmatched_outside_coverage,2,37359.0,0,UNMATCHED-ROSSANA-20180628,,,
VIRTUOUS STRIKER,VIRTUOUSSTRIKER,2018-06-28,unmatched_outside_coverage,1,36786.0,0,UNMATCHED-VIRTUOUSSTRIKER-20180628,,,
CYRENAICA G,CYRENAICAG,2018-06-29,unmatched_outside_coverage,2,44865.0,0,UNMATCHED-CYRENAICAG-20180629,,,
IOLCOS VISION,IOLCOSVISION,2018-06-29,unmatched_outside_coverage,1,58503.0,0,UNMATCHED-IOLCOSVISION-20180629,,,
PAC ALKAID,PACALKAID,2018-06-29,unmatched_outside_coverage,1,25169.0,0,UNMATCHED-PACALKAID-20180629,,,
PRT ACE,PRTACE,2018-06-29,unmatched_outside_coverage,1,24810.0,0,UNMATCHED-PRTACE-20180629,,,
TOMINI ABILITY,TOMINIABILITY,2018-06-29,unmatched_outside_coverage,1,1855.0,0,UNMATCHED-TOMINIABILITY-20180629,,,
NEWYORK HARMONY,NEWYORKHARMONY,2018-06-30,unmatched_outside_coverage,1,35133.0,0,UNMATCHED-NEWYORKHARMONY-20180630,,,
NORDIC LONDON,NORDICLONDON,2018-06-30,unmatched_outside_coverage,2,27813.0,0,UNMATCHED-NORDICLONDON-20180630,,,
PRT ACE,PRTACE,2018-06-30,unmatched_outside_coverage,2,27646.0,0,UNMATCHED-PRTACE-20180630,,,
SEABEE,SEABEE,2018-06-30,unmatched_outside_coverage,1,58198.0,0,UNMATCHED-SEABEE-20180630,,,
VIGOR SW,VIGORSW,2018-06-30,unmatched_outside_coverage,1,31257.0,0,UNMATCHED-VIGORSW-20180630,,,
COOK STRAIT,COOKSTRAIT,2018-07-01,unmatched_outside_coverage,3,29100.0,0,UNMATCHED-COOKSTRAIT-20180701,,,
FEDERAL KIBUNE,FEDERALKIBUNE,2018-07-01,unmatched_outside_coverage,1,33001.0,0,UNMATCHED-FEDERALKIBUNE-20180701,,,
ORIENT TIDE,ORIENTTIDE,2018-07-01,unmatched_outside_coverage,1,24000.0,0,UNMATCHED-ORIENTTIDE-20180701,,,
PAN TOPAZ,PANTOPAZ,2018-07-01,unmatched_outside_coverage,1,72466.0,0,UNMATCHED-PANTOPAZ-20180701,,,
PAN VIVA,PANVIVA,2018-07-01,unmatched_outside_coverage,1,31712.0,0,UNMATCHED-PANVIVA-20180701,,,
UBC SACRAMENTO,UBCSACRAMENTO,2018-07-01,unmatched_outside_coverage,1,30471.0,0,UNMATCHED-UBCSACRAMENTO-20180701,,,
ATLANTIC YUCATAN,ATLANTICYUCATAN,2018-07-02,unmatched_outside_coverage,1,28598.0,0,UNMATCHED-ATLANTICYUCATAN-20180702,,,
BULK ARGENTINA,BULKARGENTINA,2018-07-02,unmatched_outside_coverage,2,2967.0,0,UNMATCHED-BULKARGENTINA-20180702,,,
ELENA TOPIC,ELENATOPIC,2018-07-02,unmatched_outside_coverage,1,35199.0,0,UNMATCHED-ELENATOPIC-20180702,,,
UBC TAMPICO,UBCTAMPICO,2018-07-02,unmatched_outside_coverage,1,7304.0,0,UNMATCHED-UBCTAMPICO-20180702,,,
ARUNA HULYA,ARUNAHULYA,2018-07-03,unmatched_outside_coverage,1,20369.0,0,UNMATCHED-ARUNAHULYA-20180703,,,
BULK ARGENTINA,BULKARGENTINA,2018-07-03,unmatched_outside_coverage,1,993.0,0,UNMATCHED-BULKARGENTINA-20180703,,,
EASTER N,EASTERN,2018-07-03,unmatched_outside_coverage,1,4694.0,0,UNMATCHED-EASTERN-20180703,,,
PRIGIPOS,PRIGIPOS,2018-07-03,unmatched_outside_coverage,1,24778.0,0,UNMATCHED-PRIGIPOS-20180703,,,
SEA HERMES,SEAHERMES,2018-07-03,unmatched_outside_coverage,2,73558.0,0,UNMATCHED-SEAHERMES-20180703,,,
ARUNA HULYA,ARUNAHULYA,2018-07-04,unmatched_outside_coverage,1,32288.0,0,UNMATCHED-ARUNAHULYA-20180704,,,
BULK ARGENTINA,BULKARGENTINA,2018-07-04,unmatched_outside_coverage,1,9351.0,0,UNMATCHED-BULKARGENTINA-20180704,,,
EASTER N,EASTERN,2018-07-04,unmatched_outside_coverage,2,47275.0,0,UNMATCHED-EASTERN-20180704,,,
PRIGIPOS,PRIGIPOS,2018-07-04,unmatched_outside_coverage,1,54998.0,0,UNMATCHED-PRIGIPOS-20180704,,,
ANSAC PHOENIX,ANSACPHOENIX,2018-07-05,unmatched_outside_coverage,2,15906.0,0,UNMATCHED-ANSACPHOENIX-20180705,,,
BULK ARGENTINA,BULKARGENTINA,2018-07-05,unmatched_outside_coverage,3,35834.0,0,UNMATCHED-BULKARGENTINA-20180705,,,
IOLCOS VISION,IOLCOSVISION,2018-07-05,unmatched_outside_coverage,1,15316.0,0,UNMATCHED-IOLCOSVISION-20180705,,,
JAWOR,JAWOR,2018-07-05,unmatched_outside_coverage,1,19601.0,0,UNMATCHED-JAWOR-20180705,,,
JIN ZHU HAI,JINZHUHAI,2018-07-05,unmatched_outside_coverage,1,64698.0,0,UNMATCHED-JINZHUHAI-20180705,,,
MEDI CHIBA,MEDICHIBA,2018-07-05,unmatched_outside_coverage,2,74003.0,0,UNMATCHED-MEDICHIBA-20180705,,,
BALSA 93,BALSA93,2018-07-06,unmatched_outside_coverage,1,7100.0,0,UNMATCHED-BALSA93-20180706,,,
CIELO DI SETO,CIELODISETO,2018-07-06,unmatched_outside_coverage,1,8623.0,0,UNMATCHED-CIELODISETO-20180706,,,
CS JENNA,CSJENNA,2018-07-06,unmatched_outside_coverage,1,20509.0,0,UNMATCHED-CSJENNA-20180706,,,
FILIA GLORY,FILIAGLORY,2018-07-06,unmatched_outside_coverage,2,48208.0,0,UNMATCHED-FILIAGLORY-20180706,,,
MAZOWSZE,MAZOWSZE,2018-07-06,unmatched_outside_coverage,1,20596.0,0,UNMATCHED-MAZOWSZE-20180706,,,
SEAMEC GALLANT,SEAMECGALLANT,2018-07-06,unmatched_outside_coverage,1,30000.0,0,UNMATCHED-SEAMECGALLANT-20180706,,,
CIELO DI SETO,CIELODISETO,2018-07-07,unmatched_outside_coverage,2,19137.0,0,UNMATCHED-CIELODISETO-20180707,,,
KURE HARBOUR,KUREHARBOUR,2018-07-07,unmatched_outside_coverage,1,49025.0,0,UNMATCHED-KUREHARBOUR-20180707,,,
KYDONIA,KYDONIA,2018-07-07,unmatched_outside_coverage,1,76249.0,0,UNMATCHED-KYDONIA-20180707,,,
METEORA,METEORA,2018-07-07,unmatched_outside_coverage,1,54492.0,0,UNMATCHED-METEORA-20180707,,,
NING YUE HAI,NINGYUEHAI,2018-07-07,unmatched_outside_coverage,1,58210.0,0,UNMATCHED-NINGYUEHAI-20180707,,,
HARVEST LEGEND,HARVESTLEGEND,2018-07-08,unmatched_outside_coverage,2,42646.0,0,UNMATCHED-HARVESTLEGEND-20180708,,,
INDIGO SILVA,INDIGOSILVA,2018-07-08,unmatched_outside_coverage,1,22378.0,0,UNMATCHED-INDIGOSILVA-20180708,,,
OMIROS L,OMIROSL,2018-07-08,unmatched_outside_coverage,1,67776.0,0,UNMATCHED-OMIROSL-20180708,,,
BW FLAX,BWFLAX,2018-07-09,unmatched_outside_coverage,1,52499.0,0,UNMATCHED-BWFLAX-20180709,,,
"INLAND  SEA, INLAND SEA",INLANDSEA,2018-07-09,unmatched_outside_coverage,2,35221.0,0,UNMATCHED-INLANDSEA-20180709,,,
PRETTY SIGHT,PRETTYSIGHT,2018-07-09,unmatched_outside_coverage,1,15488.0,0,UNMATCHED-PRETTYSIGHT-20180709,,,
THOR INDEPENDENCE,THORINDEPENDENCE,2018-07-09,unmatched_outside_coverage,2,38224.0,0,UNMATCHED-THORINDEPENDENCE-20180709,,,
VITA FUTURE,VITAFUTURE,2018-07-09,unmatched_outside_coverage,1,71424.0,0,UNMATCHED-VITAFUTURE-20180709,,,
DIAS,DIAS,2018-07-10,unmatched_outside_coverage,1,66898.0,0,UNMATCHED-DIAS-20180710,,,
INTERLINK UTILITY,INTERLINKUTILITY,2018-07-10,unmatched_outside_coverage,1,6000.0,0,UNMATCHED-INTERLINKUTILITY-20180710,,,
NEWSEAS PEARL,NEWSEASPEARL,2018-07-10,unmatched_outside_coverage,1,10027.0,0,UNMATCHED-NEWSEASPEARL-20180710,,,
OCEAN OPAL,OCEANOPAL,2018-07-10,unmatched_outside_coverage,1,31521.0,0,UNMATCHED-OCEANOPAL-20180710,,,
STRATEGIC ENDEAVOR,STRATEGICENDEAVOR,2018-07-10,unmatched_outside_coverage,1,18037.0,0,UNMATCHED-STRATEGICENDEAVOR-20180710,,,
NEWSEAS PEARL,NEWSEASPEARL,2018-07-11,unmatched_outside_coverage,3,39246.0,0,UNMATCHED-NEWSEASPEARL-20180711,,,
STRATEGIC ENDEAVOR,STRATEGICENDEAVOR,2018-07-11,unmatched_outside_coverage,1,11172.0,0,UNMATCHED-STRATEGICENDEAVOR-20180711,,,
SWAN,SWAN,2018-07-11,unmatched_outside_coverage,1,4278.0,0,UNMATCHED-SWAN-20180711,,,
TOMORROW,TOMORROW,2018-07-11,unmatched_outside_coverage,1,4500.0,0,UNMATCHED-TOMORROW-20180711,,,
UBC TARRAGONA,UBCTARRAGONA,2018-07-11,unmatched_outside_coverage,1,10771.0,0,UNMATCHED-UBCTARRAGONA-20180711,,,
YOCHOW,YOCHOW,2018-07-11,unmatched_outside_coverage,1,32700.0,0,UNMATCHED-YOCHOW-20180711,,,
ATLANTIC TULUM,ATLANTICTULUM,2018-07-12,unmatched_outside_coverage,2,36849.0,0,UNMATCHED-ATLANTICTULUM-20180712,,,
BLUE FIN,BLUEFIN,2018-07-12,unmatched_outside_coverage,1,48065.0,0,UNMATCHED-BLUEFIN-20180712,,,
INTERLINK UTILITY,INTERLINKUTILITY,2018-07-12,unmatched_outside_coverage,1,13199.0,0,UNMATCHED-INTERLINKUTILITY-20180712,,,
STAR PISCES,STARPISCES,2018-07-12,unmatched_outside_coverage,1,6072.0,0,UNMATCHED-STARPISCES-20180712,,,
TOMORROW,TOMORROW,2018-07-12,unmatched_outside_coverage,1,38560.0,0,UNMATCHED-TOMORROW-20180712,,,
UBC TARRAGONA,UBCTARRAGONA,2018-07-12,unmatched_outside_coverage,2,16955.0,0,UNMATCHED-UBCTARRAGONA-20180712,,,
ANCASH QUEEN,ANCASHQUEEN,2018-07-13,unmatched_outside_coverage,4,43952.0,0,UNMATCHED-ANCASHQUEEN-20180713,,,
DALMATIA G,DALMATIAG,2018-07-13,unmatched_outside_coverage,1,35304.0,0,UNMATCHED-DALMATIAG-20180713,,,
NEWYORK HARMONY,NEWYORKHARMONY,2018-07-13,unmatched_outside_coverage,3,23403.0,0,UNMATCHED-NEWYORKHARMONY-20180713,,,
STAR PISCES,STARPISCES,2018-07-13,unmatched_outside_coverage,2,7825.0,0,UNMATCHED-STARPISCES-20180713,,,
SWAN,SWAN,2018-07-13,unmatched_outside_coverage,2,26782.0,0,UNMATCHED-SWAN-20180713,,,
BONAS,BONAS,2018-07-14,unmatched_outside_coverage,1,45523.0,0,UNMATCHED-BONAS-20180714,,,
LOXANDRA,LOXANDRA,2018-07-14,unmatched_outside_coverage,1,77274.0,0,UNMATCHED-LOXANDRA-20180714,,,
MARTHA,MARTHA,2018-07-14,unmatched_outside_coverage,1,72669.0,0,UNMATCHED-MARTHA-20180714,,,
NEWYORK HARMONY,NEWYORKHARMONY,2018-07-14,unmatched_outside_coverage,1,11000.0,0,UNMATCHED-NEWYORKHARMONY-20180714,,,
PAC SUHAIL,PACSUHAIL,2018-07-14,unmatched_outside_coverage,1,24871.0,0,UNMATCHED-PACSUHAIL-20180714,,,
SIDER MOMPOX,SIDERMOMPOX,2018-07-14,unmatched_outside_coverage,1,13431.0,0,UNMATCHED-SIDERMOMPOX-20180714,,,
SKAWA,SKAWA,2018-07-14,unmatched_outside_coverage,1,1140.0,0,UNMATCHED-SKAWA-20180714,,,
STAR PISCES,STARPISCES,2018-07-14,unmatched_outside_coverage,1,36790.0,0,UNMATCHED-STARPISCES-20180714,,,
GLOBAL ORIOLE,GLOBALORIOLE,2018-07-15,unmatched_outside_coverage,1,41444.0,0,UNMATCHED-GLOBALORIOLE-20180715,,,
MAGIC STRIKER,MAGICSTRIKER,2018-07-15,unmatched_outside_coverage,1,36997.0,0,UNMATCHED-MAGICSTRIKER-20180715,,,
SKAWA,SKAWA,2018-07-15,unmatched_outside_coverage,3,14802.0,0,UNMATCHED-SKAWA-20180715,,,
UBC TAMPA,UBCTAMPA,2018-07-15,unmatched_outside_coverage,2,36380.0,0,UNMATCHED-UBCTAMPA-20180715,,,
GOLDEN TRADER,GOLDENTRADER,2018-07-16,unmatched_outside_coverage,2,42710.0,0,UNMATCHED-GOLDENTRADER-20180716,,,
JACKIE B,JACKIEB,2018-07-16,unmatched_outside_coverage,1,32299.0,0,UNMATCHED-JACKIEB-20180716,,,
LIBERTY GRACE,LIBERTYGRACE,2018-07-16,unmatched_outside_coverage,1,6000.0,0,UNMATCHED-LIBERTYGRACE-20180716,,,
NEFELI,NEFELI,2018-07-16,unmatched_outside_coverage,1,47734.0,0,UNMATCHED-NEFELI-20180716,,,
ATLANTIC YUCATAN,ATLANTICYUCATAN,2018-07-17,unmatched_outside_coverage,1,49874.0,0,UNMATCHED-ATLANTICYUCATAN-20180717,,,
ORIENT ALLIANCE,ORIENTALLIANCE,2018-07-17,unmatched_outside_coverage,1,24200.0,0,UNMATCHED-ORIENTALLIANCE-20180717,,,
UNION ANTON,UNIONANTON,2018-07-17,unmatched_outside_coverage,1,3146.0,0,UNMATCHED-UNIONANTON-20180717,,,
BLUE MARLIN I,BLUEMARLINI,2018-07-18,unmatched_outside_coverage,1,3300.0,0,UNMATCHED-BLUEMARLINI-20180718,,,
IVS TEMBE,IVSTEMBE,2018-07-18,unmatched_outside_coverage,2,31284.0,0,UNMATCHED-IVSTEMBE-20180718,,,
NEMO,NEMO,2018-07-18,unmatched_outside_coverage,1,46959.0,0,UNMATCHED-NEMO-20180718,,,
TIGER EAST,TIGEREAST,2018-07-18,unmatched_outside_coverage,1,66038.0,0,UNMATCHED-TIGEREAST-20180718,,,
UBC TOKYO,UBCTOKYO,2018-07-18,unmatched_outside_coverage,2,35199.0,0,UNMATCHED-UBCTOKYO-20180718,,,
UNION ANTON,UNIONANTON,2018-07-18,unmatched_outside_coverage,2,19785.0,0,UNMATCHED-UNIONANTON-20180718,,,
BUNUN INFINITY,BUNUNINFINITY,2018-07-19,unmatched_outside_coverage,1,35199.0,0,UNMATCHED-BUNUNINFINITY-20180719,,,
CLIPPER KALAVRYTA,CLIPPERKALAVRYTA,2018-07-19,unmatched_outside_coverage,1,58439.0,0,UNMATCHED-CLIPPERKALAVRYTA-20180719,,,
LEFKES,LEFKES,2018-07-19,unmatched_outside_coverage,1,14224.0,0,UNMATCHED-LEFKES-20180719,,,
NAUTICAL,NAUTICAL,2018-07-19,unmatched_outside_coverage,1,4000.0,0,UNMATCHED-NAUTICAL-20180719,,,
ULTRA CORY,ULTRACORY,2018-07-19,unmatched_outside_coverage,1,57760.0,0,UNMATCHED-ULTRACORY-20180719,,,
BLUE MARLIN I,BLUEMARLINI,2018-07-20,unmatched_outside_coverage,3,45281.0,0,UNMATCHED-BLUEMARLINI-20180720,,,
FRAMURA,FRAMURA,2018-07-20,unmatched_outside_coverage,1,66611.0,0,UNMATCHED-FRAMURA-20180720,,,
LEFKES,LEFKES,2018-07-20,unmatched_outside_coverage,1,17600.0,0,UNMATCHED-LEFKES-20180720,,,
NAUTICAL RUNA,NAUTICALRUNA,2018-07-20,unmatched_outside_coverage,3,47429.0,0,UNMATCHED-NAUTICALRUNA-20180720,,,
PLACID SEA,PLACIDSEA,2018-07-20,unmatched_outside_coverage,2,41287.0,0,UNMATCHED-PLACIDSEA-20180720,,,
VOGE JULIE,VOGEJULIE,2018-07-20,unmatched_outside_coverage,1,32999.0,0,UNMATCHED-VOGEJULIE-20180720,,,
ZINA,ZINA,2018-07-20,unmatched_outside_coverage,1,4188.0,0,UNMATCHED-ZINA-20180720,,,
GENCO SPIRIT,GENCOSPIRIT,2018-07-21,unmatched_outside_coverage,1,29708.0,0,UNMATCHED-GENCOSPIRIT-20180721,,,
IKAN PELATA,IKANPELATA,2018-07-21,unmatched_outside_coverage,1,17599.0,0,UNMATCHED-IKANPELATA-20180721,,,
IRIS OLDENDORFF,IRISOLDENDORFF,2018-07-21,unmatched_outside_coverage,1,42906.0,0,UNMATCHED-IRISOLDENDORFF-20180721,,,
NIKKEI VERDE,NIKKEIVERDE,2018-07-21,unmatched_outside_coverage,1,9603.0,0,UNMATCHED-NIKKEIVERDE-20180721,,,
OSLO BULK 10,OSLOBULK10,2018-07-21,unmatched_outside_coverage,1,1300.0,0,UNMATCHED-OSLOBULK10-20180721,,,
PACIFIC ACTION,PACIFICACTION,2018-07-21,unmatched_outside_coverage,1,23456.0,0,UNMATCHED-PACIFICACTION-20180721,,,
TRUE LOVE,TRUELOVE,2018-07-21,unmatched_outside_coverage,1,27061.0,0,UNMATCHED-TRUELOVE-20180721,,,
UBC BALBOA,UBCBALBOA,2018-07-21,unmatched_outside_coverage,2,21000.0,0,UNMATCHED-UBCBALBOA-20180721,,,
ANOGYRA,ANOGYRA,2018-07-22,unmatched_outside_coverage,1,52711.0,0,UNMATCHED-ANOGYRA-20180722,,,
DELPHI RANGER,DELPHIRANGER,2018-07-22,unmatched_outside_coverage,1,30969.0,0,UNMATCHED-DELPHIRANGER-20180722,,,
HERCULES OCEAN,HERCULESOCEAN,2018-07-22,unmatched_outside_coverage,1,68483.0,0,UNMATCHED-HERCULESOCEAN-20180722,,,
IKAN PELATA,IKANPELATA,2018-07-22,unmatched_outside_coverage,1,26545.0,0,UNMATCHED-IKANPELATA-20180722,,,
IRIS OLDENDORFF,IRISOLDENDORFF,2018-07-22,unmatched_outside_coverage,1,9250.0,0,UNMATCHED-IRISOLDENDORFF-20180722,,,
NIKKEI VERDE,NIKKEIVERDE,2018-07-22,unmatched_outside_coverage,1,35430.0,0,UNMATCHED-NIKKEIVERDE-20180722,,,
OSLO BULK 10,OSLOBULK10,2018-07-22,unmatched_outside_coverage,1,5502.0,0,UNMATCHED-OSLOBULK10-20180722,,,
ROADRUNNER BULKER,ROADRUNNERBULKER,2018-07-22,unmatched_outside_coverage,1,47742.0,0,UNMATCHED-ROADRUNNERBULKER-20180722,,,
TIGER PIONEER,TIGERPIONEER,2018-07-22,unmatched_outside_coverage,2,5519.0,0,UNMATCHED-TIGERPIONEER-20180722,,,
AMORGOS,AMORGOS,2018-07-23,unmatched_outside_coverage,1,23599.0,0,UNMATCHED-AMORGOS-20180723,,,
AS ELBIA,ASELBIA,2018-07-23,unmatched_outside_coverage,2,19815.0,0,UNMATCHED-ASELBIA-20180723,,,
BBC NEPTUNE,BBCNEPTUNE,2018-07-23,unmatched_outside_coverage,1,30139.0,0,UNMATCHED-BBCNEPTUNE-20180723,,,
ELENA TOPIC,ELENATOPIC,2018-07-23,unmatched_outside_coverage,1,38500.0,0,UNMATCHED-ELENATOPIC-20180723,,,
FEDERAL CEDAR,FEDERALCEDAR,2018-07-23,unmatched_outside_coverage,1,22000.0,0,UNMATCHED-FEDERALCEDAR-20180723,,,
ORION BAY,ORIONBAY,2018-07-23,unmatched_outside_coverage,1,3334.0,0,UNMATCHED-ORIONBAY-20180723,,,
TIGER PIONEER,TIGERPIONEER,2018-07-23,unmatched_outside_coverage,3,46202.0,0,UNMATCHED-TIGERPIONEER-20180723,,,
AOM GAIA,AOMGAIA,2018-07-24,unmatched_outside_coverage,1,59999.0,0,UNMATCHED-AOMGAIA-20180724,,,
AREQUIPA QUEEN,AREQUIPAQUEEN,2018-07-24,unmatched_outside_coverage,1,9480.0,0,UNMATCHED-AREQUIPAQUEEN-20180724,,,
BALSA 85,BALSA85,2018-07-24,unmatched_outside_coverage,1,7073.0,0,UNMATCHED-BALSA85-20180724,,,
NORD MANATEE,NORDMANATEE,2018-07-24,unmatched_outside_coverage,2,40291.0,0,UNMATCHED-NORDMANATEE-20180724,,,
OLYMPIA LOGGER,OLYMPIALOGGER,2018-07-24,unmatched_outside_coverage,1,29901.0,0,UNMATCHED-OLYMPIALOGGER-20180724,,,
ORION BAY,ORIONBAY,2018-07-24,unmatched_outside_coverage,1,12872.0,0,UNMATCHED-ORIONBAY-20180724,,,
AREQUIPA QUEEN,AREQUIPAQUEEN,2018-07-25,unmatched_outside_coverage,1,34884.0,0,UNMATCHED-AREQUIPAQUEEN-20180725,,,
FIORA TOPIC,FIORATOPIC,2018-07-25,unmatched_outside_coverage,1,20685.0,0,UNMATCHED-FIORATOPIC-20180725,,,
OKINAWA,OKINAWA,2018-07-25,unmatched_outside_coverage,3,50269.0,0,UNMATCHED-OKINAWA-20180725,,,
SEATTLE,SEATTLE,2018-07-25,unmatched_outside_coverage,1,20199.0,0,UNMATCHED-SEATTLE-20180725,,,
NORDIC LONDON,NORDICLONDON,2018-07-26,unmatched_outside_coverage,1,14604.0,0,UNMATCHED-NORDICLONDON-20180726,,,
PACIFIC NEXUS,PACIFICNEXUS,2018-07-26,unmatched_outside_coverage,2,48248.0,0,UNMATCHED-PACIFICNEXUS-20180726,,,
PAN VIVA,PANVIVA,2018-07-26,unmatched_outside_coverage,1,24431.0,0,UNMATCHED-PANVIVA-20180726,,,
UBC SAIKI,UBCSAIKI,2018-07-26,unmatched_outside_coverage,1,25524.0,0,UNMATCHED-UBCSAIKI-20180726,,,
VIL ATLANTIC,VILATLANTIC,2018-07-26,unmatched_outside_coverage,1,33000.0,0,UNMATCHED-VILATLANTIC-20180726,,,
ATLANTIC ENSENADA,ATLANTICENSENADA,2018-07-27,unmatched_outside_coverage,2,36850.0,0,UNMATCHED-ATLANTICENSENADA-20180727,,,
HARVESTER,HARVESTER,2018-07-27,unmatched_outside_coverage,1,11052.0,0,UNMATCHED-HARVESTER-20180727,,,
HARVEST LEGEND,HARVESTLEGEND,2018-07-27,unmatched_outside_coverage,1,42645.0,0,UNMATCHED-HARVESTLEGEND-20180727,,,
INTERLINK FORTUITY,INTERLINKFORTUITY,2018-07-27,unmatched_outside_coverage,1,8160.0,0,UNMATCHED-INTERLINKFORTUITY-20180727,,,
QUEENA,QUEENA,2018-07-27,unmatched_outside_coverage,1,68249.0,0,UNMATCHED-QUEENA-20180727,,,
SEA PEGASUS,SEAPEGASUS,2018-07-27,unmatched_outside_coverage,1,68858.0,0,UNMATCHED-SEAPEGASUS-20180727,,,
DARYA JAYA,DARYAJAYA,2018-07-28,unmatched_outside_coverage,1,39800.0,0,UNMATCHED-DARYAJAYA-20180728,,,
FENG HE HAI,FENGHEHAI,2018-07-28,unmatched_outside_coverage,1,58537.0,0,UNMATCHED-FENGHEHAI-20180728,,,
INTERLINK FORTUITY,INTERLINKFORTUITY,2018-07-28,unmatched_outside_coverage,2,20950.0,0,UNMATCHED-INTERLINKFORTUITY-20180728,,,
LAURA,LAURA,2018-07-28,unmatched_outside_coverage,1,54998.0,0,UNMATCHED-LAURA-20180728,,,
POLA INDIAN,POLAINDIAN,2018-07-28,unmatched_outside_coverage,2,33236.0,0,UNMATCHED-POLAINDIAN-20180728,,,
ATLANTIC MONTERREY,ATLANTICMONTERREY,2018-07-29,unmatched_outside_coverage,1,60161.0,0,UNMATCHED-ATLANTICMONTERREY-20180729,,,
CIELO DI PALERMO,CIELODIPALERMO,2018-07-29,unmatched_outside_coverage,1,27064.0,0,UNMATCHED-CIELODIPALERMO-20180729,,,
FEDERAL BARENTS,FEDERALBARENTS,2018-07-29,unmatched_outside_coverage,1,31902.0,0,UNMATCHED-FEDERALBARENTS-20180729,,,
MAESTRO DIAMOND,MAESTRODIAMOND,2018-07-29,unmatched_outside_coverage,1,27499.0,0,UNMATCHED-MAESTRODIAMOND-20180729,,,
POLESIE,POLESIE,2018-07-29,unmatched_outside_coverage,2,8743.0,0,UNMATCHED-POLESIE-20180729,,,
PROSNA,PROSNA,2018-07-29,unmatched_outside_coverage,1,9150.0,0,UNMATCHED-PROSNA-20180729,,,
BEKS MUNEVVER,BEKSMUNEVVER,2018-07-30,unmatched_outside_coverage,1,40489.0,0,UNMATCHED-BEKSMUNEVVER-20180730,,,
EMERALD STRAIT,EMERALDSTRAIT,2018-07-30,unmatched_outside_coverage,1,37982.0,0,UNMATCHED-EMERALDSTRAIT-20180730,,,
ETERNITY C,ETERNITYC,2018-07-30,unmatched_outside_coverage,1,30005.0,0,UNMATCHED-ETERNITYC-20180730,,,
GLENGYLE,GLENGYLE,2018-07-30,unmatched_outside_coverage,1,34039.0,0,UNMATCHED-GLENGYLE-20180730,,,
HARVEST FROST,HARVESTFROST,2018-07-30,unmatched_outside_coverage,1,85862.0,0,UNMATCHED-HARVESTFROST-20180730,,,
LIGARI,LIGARI,2018-07-30,unmatched_outside_coverage,1,66820.0,0,UNMATCHED-LIGARI-20180730,,,
MAZOWSZE,MAZOWSZE,2018-07-30,unmatched_outside_coverage,1,19986.0,0,UNMATCHED-MAZOWSZE-20180730,,,
POLESIE,POLESIE,2018-07-30,unmatched_outside_coverage,1,8150.0,0,UNMATCHED-POLESIE-20180730,,,
IKUCHI ISLAND,IKUCHIISLAND,2018-07-31,unmatched_outside_coverage,1,32251.0,0,UNMATCHED-IKUCHIISLAND-20180731,,,
INOI,INOI,2018-07-31,unmatched_outside_coverage,1,12200.0,0,UNMATCHED-INOI-20180731,,,
NORTH STAR,NORTHSTAR,2018-07-31,unmatched_outside_coverage,1,7871.0,0,UNMATCHED-NORTHSTAR-20180731,,,
UBC TOKYO,UBCTOKYO,2018-07-31,unmatched_outside_coverage,1,28596.0,0,UNMATCHED-UBCTOKYO-20180731,,,
VAMOS,VAMOS,2018-07-31,unmatched_outside_coverage,1,68414.0,0,UNMATCHED-VAMOS-20180731,,,
JIN WEN FENG,JINWENFENG,2018-08-01,unmatched_outside_coverage,1,79410.0,0,UNMATCHED-JINWENFENG-20180801,,,
NORTH STAR,NORTHSTAR,2018-08-01,unmatched_outside_coverage,2,17509.0,0,UNMATCHED-NORTHSTAR-20180801,,,
SANTORINI,SANTORINI,2018-08-01,unmatched_outside_coverage,1,65001.0,0,UNMATCHED-SANTORINI-20180801,,,
TAI SUMMIT,TAISUMMIT,2018-08-01,unmatched_outside_coverage,1,56447.0,0,UNMATCHED-TAISUMMIT-20180801,,,
TANIKAZE,TANIKAZE,2018-08-01,unmatched_outside_coverage,3,47124.0,0,UNMATCHED-TANIKAZE-20180801,,,
HANZE GDANSK,HANZEGDANSK,2018-08-02,unmatched_outside_coverage,2,22774.0,0,UNMATCHED-HANZEGDANSK-20180802,,,
SCARLET CARDINAL,SCARLETCARDINAL,2018-08-02,unmatched_outside_coverage,1,57278.0,0,UNMATCHED-SCARLETCARDINAL-20180802,,,
BALTIC LEOPARD,BALTICLEOPARD,2018-08-03,unmatched_outside_coverage,2,47600.0,0,UNMATCHED-BALTICLEOPARD-20180803,,,
CIELO DI JARI,CIELODIJARI,2018-08-03,unmatched_outside_coverage,1,33544.0,0,UNMATCHED-CIELODIJARI-20180803,,,
IVS TEMBE,IVSTEMBE,2018-08-03,unmatched_outside_coverage,2,32230.0,0,UNMATCHED-IVSTEMBE-20180803,,,
KMARIN JASMINE,KMARINJASMINE,2018-08-03,unmatched_outside_coverage,1,7526.0,0,UNMATCHED-KMARINJASMINE-20180803,,,
OCEAN OPAL,OCEANOPAL,2018-08-03,unmatched_outside_coverage,1,29999.0,0,UNMATCHED-OCEANOPAL-20180803,,,
UBC TARRAGONA,UBCTARRAGONA,2018-08-03,unmatched_outside_coverage,1,27703.0,0,UNMATCHED-UBCTARRAGONA-20180803,,,
ALSEA BAY,ALSEABAY,2018-08-04,unmatched_outside_coverage,1,18553.0,0,UNMATCHED-ALSEABAY-20180804,,,
HARVEST RAIN,HARVESTRAIN,2018-08-04,unmatched_outside_coverage,1,85397.0,0,UNMATCHED-HARVESTRAIN-20180804,,,
INDIGO SPICA,INDIGOSPICA,2018-08-04,unmatched_outside_coverage,2,53521.0,0,UNMATCHED-INDIGOSPICA-20180804,,,
NEWYORK HARMONY,NEWYORKHARMONY,2018-08-04,unmatched_outside_coverage,1,36353.0,0,UNMATCHED-NEWYORKHARMONY-20180804,,,
PANFORCE,PANFORCE,2018-08-04,unmatched_outside_coverage,1,14998.0,0,UNMATCHED-PANFORCE-20180804,,,
ATLANTIC TULUM,ATLANTICTULUM,2018-08-05,unmatched_outside_coverage,1,38498.0,0,UNMATCHED-ATLANTICTULUM-20180805,,,
INTERLINK ACUITY,INTERLINKACUITY,2018-08-05,unmatched_outside_coverage,2,30603.0,0,UNMATCHED-INTERLINKACUITY-20180805,,,
IRYDA,IRYDA,2018-08-05,unmatched_outside_coverage,2,28722.0,0,UNMATCHED-IRYDA-20180805,,,
KMARIN JASMINE,KMARINJASMINE,2018-08-05,unmatched_outside_coverage,1,25299.0,0,UNMATCHED-KMARINJASMINE-20180805,,,
GENCO AVRA,GENCOAVRA,2018-08-06,unmatched_outside_coverage,1,32376.0,0,UNMATCHED-GENCOAVRA-20180806,,,
MAGIC STRIKER,MAGICSTRIKER,2018-08-06,unmatched_outside_coverage,1,10614.0,0,UNMATCHED-MAGICSTRIKER-20180806,,,
NOSHIMA,NOSHIMA,2018-08-06,unmatched_outside_coverage,1,50762.0,0,UNMATCHED-NOSHIMA-20180806,,,
STRATEGIC ENTITY,STRATEGICENTITY,2018-08-06,unmatched_outside_coverage,3,34232.0,0,UNMATCHED-STRATEGICENTITY-20180806,,,
MAGIC STRIKER,MAGICSTRIKER,2018-08-07,unmatched_outside_coverage,1,38017.0,0,UNMATCHED-MAGICSTRIKER-20180807,,,
NORD SUMMIT,NORDSUMMIT,2018-08-07,unmatched_outside_coverage,1,43992.0,0,UNMATCHED-NORDSUMMIT-20180807,,,
ORIENT ACCORD,ORIENTACCORD,2018-08-07,unmatched_outside_coverage,1,19360.0,0,UNMATCHED-ORIENTACCORD-20180807,,,
REGALICA,REGALICA,2018-08-07,unmatched_outside_coverage,2,9970.0,0,UNMATCHED-REGALICA-20180807,,,
AGNES,AGNES,2018-08-08,unmatched_outside_coverage,1,67210.0,0,UNMATCHED-AGNES-20180808,,,
ANTHOS,ANTHOS,2018-08-08,unmatched_outside_coverage,1,66289.0,0,UNMATCHED-ANTHOS-20180808,,,
MOONBRIGHT SW,MOONBRIGHTSW,2018-08-08,unmatched_outside_coverage,3,34206.0,0,UNMATCHED-MOONBRIGHTSW-20180808,,,
ORIENT TIDE,ORIENTTIDE,2018-08-08,unmatched_outside_coverage,1,31560.0,0,UNMATCHED-ORIENTTIDE-20180808,,,
REGALICA,REGALICA,2018-08-08,unmatched_outside_coverage,1,2441.0,0,UNMATCHED-REGALICA-20180808,,,
UBC TAMPICO,UBCTAMPICO,2018-08-08,unmatched_outside_coverage,1,33000.0,0,UNMATCHED-UBCTAMPICO-20180808,,,
ATLANTIC YUCATAN,ATLANTICYUCATAN,2018-08-09,unmatched_outside_coverage,2,39508.0,0,UNMATCHED-ATLANTICYUCATAN-20180809,,,
SAGAR SHAKTI,SAGARSHAKTI,2018-08-09,unmatched_outside_coverage,1,50972.0,0,UNMATCHED-SAGARSHAKTI-20180809,,,
AEOLIAN HERITAGE,AEOLIANHERITAGE,2018-08-10,unmatched_outside_coverage,1,68251.0,0,UNMATCHED-AEOLIANHERITAGE-20180810,,,
GLADIATOR,GLADIATOR,2018-08-10,unmatched_outside_coverage,1,54484.0,0,UNMATCHED-GLADIATOR-20180810,,,
INTHIRA NAREE,INTHIRANAREE,2018-08-10,unmatched_outside_coverage,1,58763.0,0,UNMATCHED-INTHIRANAREE-20180810,,,
SKUA,SKUA,2018-08-10,unmatched_outside_coverage,1,44000.0,0,UNMATCHED-SKUA-20180810,,,
ZEN-NOH GRAIN PEGASUS,ZENNOHGRAINPEGASUS,2018-08-10,unmatched_outside_coverage,1,47090.0,0,UNMATCHED-ZENNOHGRAINPEGASUS-20180810,,,
DARLING RIVER,DARLINGRIVER,2018-08-11,unmatched_outside_coverage,1,25200.0,0,UNMATCHED-DARLINGRIVER-20180811,,,
KP ALBATROSS,KPALBATROSS,2018-08-11,unmatched_outside_coverage,1,16763.0,0,UNMATCHED-KPALBATROSS-20180811,,,
SINOP,SINOP,2018-08-11,unmatched_outside_coverage,1,9799.0,0,UNMATCHED-SINOP-20180811,,,
WIGEON,WIGEON,2018-08-11,unmatched_outside_coverage,1,31000.0,0,UNMATCHED-WIGEON-20180811,,,
KP ALBATROSS,KPALBATROSS,2018-08-12,unmatched_outside_coverage,1,29359.0,0,UNMATCHED-KPALBATROSS-20180812,,,
NEW COMMANDER,NEWCOMMANDER,2018-08-12,unmatched_outside_coverage,1,34000.0,0,UNMATCHED-NEWCOMMANDER-20180812,,,
SINOP,SINOP,2018-08-12,unmatched_outside_coverage,1,45200.0,0,UNMATCHED-SINOP-20180812,,,
TRUE LOVE,TRUELOVE,2018-08-12,unmatched_outside_coverage,1,7234.0,0,UNMATCHED-TRUELOVE-20180812,,,
HARVEST TIME,HARVESTTIME,2018-08-13,unmatched_outside_coverage,1,85941.0,0,UNMATCHED-HARVESTTIME-20180813,,,
PACIFIC LOGGER,PACIFICLOGGER,2018-08-13,unmatched_outside_coverage,1,29949.0,0,UNMATCHED-PACIFICLOGGER-20180813,,,
SKY KNIGHT,SKYKNIGHT,2018-08-13,unmatched_outside_coverage,1,7899.0,0,UNMATCHED-SKYKNIGHT-20180813,,,
TRUE LOVE,TRUELOVE,2018-08-13,unmatched_outside_coverage,1,14049.0,0,UNMATCHED-TRUELOVE-20180813,,,
BTG OLYMPOS,BTGOLYMPOS,2018-08-14,unmatched_outside_coverage,1,72445.0,0,UNMATCHED-BTGOLYMPOS-20180814,,,
NAVIGARE BOREAS,NAVIGAREBOREAS,2018-08-14,unmatched_outside_coverage,1,57444.0,0,UNMATCHED-NAVIGAREBOREAS-20180814,,,
SKY KNIGHT,SKYKNIGHT,2018-08-14,unmatched_outside_coverage,2,5955.0,0,UNMATCHED-SKYKNIGHT-20180814,,,
UBC SANTOS,UBCSANTOS,2018-08-14,unmatched_outside_coverage,1,18000.0,0,UNMATCHED-UBCSANTOS-20180814,,,
UBC TARRAGONA,UBCTARRAGONA,2018-08-14,unmatched_outside_coverage,1,32999.0,0,UNMATCHED-UBCTARRAGONA-20180814,,,
BALSA 86,BALSA86,2018-08-15,unmatched_outside_coverage,1,7100.0,0,UNMATCHED-BALSA86-20180815,,,
IKAN SEMBAK,IKANSEMBAK,2018-08-15,unmatched_outside_coverage,1,11732.0,0,UNMATCHED-IKANSEMBAK-20180815,,,
LEFKES,LEFKES,2018-08-15,unmatched_outside_coverage,3,32216.0,0,UNMATCHED-LEFKES-20180815,,,
NEW DIRECTION,NEWDIRECTION,2018-08-15,unmatched_outside_coverage,1,41766.0,0,UNMATCHED-NEWDIRECTION-20180815,,,
SKY KNIGHT,SKYKNIGHT,2018-08-15,unmatched_outside_coverage,1,10758.0,0,UNMATCHED-SKYKNIGHT-20180815,,,
APHRODITE L,APHRODITEL,2018-08-16,unmatched_outside_coverage,1,71499.0,0,UNMATCHED-APHRODITEL-20180816,,,
IKAN SEMBAK,IKANSEMBAK,2018-08-16,unmatched_outside_coverage,1,34680.0,0,UNMATCHED-IKANSEMBAK-20180816,,,
LOUISIANA MAMA,LOUISIANAMAMA,2018-08-16,unmatched_outside_coverage,3,50718.0,0,UNMATCHED-LOUISIANAMAMA-20180816,,,
SKY KNIGHT,SKYKNIGHT,2018-08-16,unmatched_outside_coverage,2,25591.0,0,UNMATCHED-SKYKNIGHT-20180816,,,
UBC TOKYO,UBCTOKYO,2018-08-16,unmatched_outside_coverage,1,35199.0,0,UNMATCHED-UBCTOKYO-20180816,,,
VICTORIA T,VICTORIAT,2018-08-16,unmatched_outside_coverage,1,38002.0,0,UNMATCHED-VICTORIAT-20180816,,,
DELPHI RANGER,DELPHIRANGER,2018-08-17,unmatched_outside_coverage,1,36553.0,0,UNMATCHED-DELPHIRANGER-20180817,,,
LALIS D,LALISD,2018-08-17,unmatched_outside_coverage,1,36549.0,0,UNMATCHED-LALISD-20180817,,,
MAGIA,MAGIA,2018-08-17,unmatched_outside_coverage,1,53524.0,0,UNMATCHED-MAGIA-20180817,,,
PHOENIX K,PHOENIXK,2018-08-17,unmatched_outside_coverage,1,8655.0,0,UNMATCHED-PHOENIXK-20180817,,,
CONCARAN,CONCARAN,2018-08-18,unmatched_outside_coverage,1,51916.0,0,UNMATCHED-CONCARAN-20180818,,,
DIAMOND QUEEN,DIAMONDQUEEN,2018-08-18,unmatched_outside_coverage,2,52062.0,0,UNMATCHED-DIAMONDQUEEN-20180818,,,
ENY,ENY,2018-08-18,unmatched_outside_coverage,1,9450.0,0,UNMATCHED-ENY-20180818,,,
NANJING CONFIDENCE,NANJINGCONFIDENCE,2018-08-18,unmatched_outside_coverage,1,8669.0,0,UNMATCHED-NANJINGCONFIDENCE-20180818,,,
PHOENIX K,PHOENIXK,2018-08-18,unmatched_outside_coverage,1,39938.0,0,UNMATCHED-PHOENIXK-20180818,,,
ATLANTIC ENSENADA,ATLANTICENSENADA,2018-08-19,unmatched_outside_coverage,1,49873.0,0,UNMATCHED-ATLANTICENSENADA-20180819,,,
ATLANTIC MANZANILLO,ATLANTICMANZANILLO,2018-08-19,unmatched_outside_coverage,3,50671.0,0,UNMATCHED-ATLANTICMANZANILLO-20180819,,,
EMMA BULKER,EMMABULKER,2018-08-19,unmatched_outside_coverage,5,21918.0,0,UNMATCHED-EMMABULKER-20180819,,,
ENY,ENY,2018-08-19,unmatched_outside_coverage,2,39553.0,0,UNMATCHED-ENY-20180819,,,
NANJING CONFIDENCE,NANJINGCONFIDENCE,2018-08-19,unmatched_outside_coverage,1,23698.0,0,UNMATCHED-NANJINGCONFIDENCE-20180819,,,
NORD MANATEE,NORDMANATEE,2018-08-19,unmatched_outside_coverage,3,40745.0,0,UNMATCHED-NORDMANATEE-20180819,,,
RB JORDANA,RBJORDANA,2018-08-19,unmatched_outside_coverage,1,73623.0,0,UNMATCHED-RBJORDANA-20180819,,,
AFRICAN BARI BIRD,AFRICANBARIBIRD,2018-08-20,unmatched_outside_coverage,1,58298.0,0,UNMATCHED-AFRICANBARIBIRD-20180820,,,
BRANT,BRANT,2018-08-20,unmatched_outside_coverage,1,20698.0,0,UNMATCHED-BRANT-20180820,,,
FATIH,FATIH,2018-08-20,unmatched_outside_coverage,2,34043.0,0,UNMATCHED-FATIH-20180820,,,
NEDIM,NEDIM,2018-08-20,unmatched_outside_coverage,1,27359.0,0,UNMATCHED-NEDIM-20180820,,,
NING TAI HAI,NINGTAIHAI,2018-08-20,unmatched_outside_coverage,1,58000.0,0,UNMATCHED-NINGTAIHAI-20180820,,,
APOLLO BULKER,APOLLOBULKER,2018-08-21,unmatched_outside_coverage,1,13039.0,0,UNMATCHED-APOLLOBULKER-20180821,,,
ATLANTIC TULUM,ATLANTICTULUM,2018-08-21,unmatched_outside_coverage,1,49853.0,0,UNMATCHED-ATLANTICTULUM-20180821,,,
NORDIC INCHEON,NORDICINCHEON,2018-08-21,unmatched_outside_coverage,1,31467.0,0,UNMATCHED-NORDICINCHEON-20180821,,,
PENTA,PENTA,2018-08-21,unmatched_outside_coverage,1,31009.0,0,UNMATCHED-PENTA-20180821,,,
SANTA MARIA,SANTAMARIA,2018-08-21,unmatched_outside_coverage,1,49499.0,0,UNMATCHED-SANTAMARIA-20180821,,,
UBC BREMEN,UBCBREMEN,2018-08-21,unmatched_outside_coverage,1,16499.0,0,UNMATCHED-UBCBREMEN-20180821,,,
ALITHIA,ALITHIA,2018-08-22,unmatched_outside_coverage,1,32001.0,0,UNMATCHED-ALITHIA-20180822,,,
CMB PAULE,CMBPAULE,2018-08-22,unmatched_outside_coverage,1,22301.0,0,UNMATCHED-CMBPAULE-20180822,,,
JIN QI,JINQI,2018-08-22,unmatched_outside_coverage,1,75894.0,0,UNMATCHED-JINQI-20180822,,,
KIRAN ISTANBUL,KIRANISTANBUL,2018-08-22,unmatched_outside_coverage,2,58673.0,0,UNMATCHED-KIRANISTANBUL-20180822,,,
MISATO K,MISATOK,2018-08-22,unmatched_outside_coverage,3,49519.0,0,UNMATCHED-MISATOK-20180822,,,
PENTA,PENTA,2018-08-22,unmatched_outside_coverage,2,27468.0,0,UNMATCHED-PENTA-20180822,,,
HARVESTER,HARVESTER,2018-08-23,unmatched_outside_coverage,1,32999.0,0,UNMATCHED-HARVESTER-20180823,,,
POLESIE,POLESIE,2018-08-23,unmatched_outside_coverage,1,33000.0,0,UNMATCHED-POLESIE-20180823,,,
TAI STAR,TAISTAR,2018-08-23,unmatched_outside_coverage,1,1507.0,0,UNMATCHED-TAISTAR-20180823,,,
VIGOROUS,VIGOROUS,2018-08-23,unmatched_outside_coverage,1,32848.0,0,UNMATCHED-VIGOROUS-20180823,,,
ATLANTIC VERACRUZ,ATLANTICVERACRUZ,2018-08-24,unmatched_outside_coverage,1,26904.0,0,UNMATCHED-ATLANTICVERACRUZ-20180824,,,
SKUA,SKUA,2018-08-24,unmatched_outside_coverage,1,43999.0,0,UNMATCHED-SKUA-20180824,,,
TAI STAR,TAISTAR,2018-08-24,unmatched_outside_coverage,2,45356.0,0,UNMATCHED-TAISTAR-20180824,,,
UBC STAVANGER,UBCSTAVANGER,2018-08-24,unmatched_outside_coverage,1,6949.0,0,UNMATCHED-UBCSTAVANGER-20180824,,,
NAVIOS STAR,NAVIOSSTAR,2018-08-25,unmatched_outside_coverage,1,70091.0,0,UNMATCHED-NAVIOSSTAR-20180825,,,
UBC STAVANGER,UBCSTAVANGER,2018-08-25,unmatched_outside_coverage,1,6655.0,0,UNMATCHED-UBCSTAVANGER-20180825,,,
V ARCTIC TERN,VARCTICTERN,2018-08-25,unmatched_outside_coverage,1,49407.0,0,UNMATCHED-VARCTICTERN-20180825,,,
WULIN,WULIN,2018-08-25,unmatched_outside_coverage,1,35000.0,0,UNMATCHED-WULIN-20180825,,,
CIELO DI TAMPA,CIELODITAMPA,2018-08-26,unmatched_outside_coverage,1,7700.0,0,UNMATCHED-CIELODITAMPA-20180826,,,
CLIPPER TARGET,CLIPPERTARGET,2018-08-26,unmatched_outside_coverage,1,20656.0,0,UNMATCHED-CLIPPERTARGET-20180826,,,
IOANNA L,IOANNAL,2018-08-26,unmatched_outside_coverage,1,69300.0,0,UNMATCHED-IOANNAL-20180826,,,
NORD PEAK,NORDPEAK,2018-08-26,unmatched_outside_coverage,1,59242.0,0,UNMATCHED-NORDPEAK-20180826,,,
STAR SOPHIA,STARSOPHIA,2018-08-26,unmatched_outside_coverage,1,69353.0,0,UNMATCHED-STARSOPHIA-20180826,,,
WELFINE,WELFINE,2018-08-26,unmatched_outside_coverage,1,71499.0,0,UNMATCHED-WELFINE-20180826,,,
CIELO DI TAMPA,CIELODITAMPA,2018-08-27,unmatched_outside_coverage,1,28553.0,0,UNMATCHED-CIELODITAMPA-20180827,,,
INDIGO EVOLUTION,INDIGOEVOLUTION,2018-08-27,unmatched_outside_coverage,2,49752.0,0,UNMATCHED-INDIGOEVOLUTION-20180827,,,
IRYDA,IRYDA,2018-08-27,unmatched_outside_coverage,1,18364.0,0,UNMATCHED-IRYDA-20180827,,,
JPS AFRODITI,JPSAFRODITI,2018-08-27,unmatched_outside_coverage,1,11808.0,0,UNMATCHED-JPSAFRODITI-20180827,,,
ORPHEUS,ORPHEUS,2018-08-27,unmatched_outside_coverage,1,68246.0,0,UNMATCHED-ORPHEUS-20180827,,,
SANTA BARBARA,SANTABARBARA,2018-08-27,unmatched_outside_coverage,1,52240.0,0,UNMATCHED-SANTABARBARA-20180827,,,
JPS AFRODITI,JPSAFRODITI,2018-08-28,unmatched_outside_coverage,2,38209.0,0,UNMATCHED-JPSAFRODITI-20180828,,,
ORIENT TIDE,ORIENTTIDE,2018-08-28,unmatched_outside_coverage,1,32147.0,0,UNMATCHED-ORIENTTIDE-20180828,,,
PANFORCE,PANFORCE,2018-08-28,unmatched_outside_coverage,1,14519.0,0,UNMATCHED-PANFORCE-20180828,,,
SILVERFJORD,SILVERFJORD,2018-08-28,unmatched_outside_coverage,2,9809.0,0,UNMATCHED-SILVERFJORD-20180828,,,
ATLANTIC YUCATAN,ATLANTICYUCATAN,2018-08-29,unmatched_outside_coverage,1,28849.0,0,UNMATCHED-ATLANTICYUCATAN-20180829,,,
AURORA CONFIDENCE,AURORACONFIDENCE,2018-08-29,unmatched_outside_coverage,1,66908.0,0,UNMATCHED-AURORACONFIDENCE-20180829,,,
NAUTICAL ALICE,NAUTICALALICE,2018-08-29,unmatched_outside_coverage,1,34790.0,0,UNMATCHED-NAUTICALALICE-20180829,,,
NEO BEACHWOOD,NEOBEACHWOOD,2018-08-29,unmatched_outside_coverage,1,39938.0,0,UNMATCHED-NEOBEACHWOOD-20180829,,,
SBI SUBURU,SBISUBURU,2018-08-29,unmatched_outside_coverage,1,6050.0,0,UNMATCHED-SBISUBURU-20180829,,,
STAR AQUARIUS,STARAQUARIUS,2018-08-29,unmatched_outside_coverage,1,50446.0,0,UNMATCHED-STARAQUARIUS-20180829,,,
VICTORIA,VICTORIA,2018-08-29,unmatched_outside_coverage,1,52499.0,0,UNMATCHED-VICTORIA-20180829,,,
BALTIC ACE,BALTICACE,2018-08-30,unmatched_outside_coverage,1,30538.0,0,UNMATCHED-BALTICACE-20180830,,,
HARRIETT,HARRIETT,2018-08-30,unmatched_outside_coverage,2,15150.0,0,UNMATCHED-HARRIETT-20180830,,,
LADY ALARA,LADYALARA,2018-08-30,unmatched_outside_coverage,1,28503.0,0,UNMATCHED-LADYALARA-20180830,,,
LESEDI QUEEN,LESEDIQUEEN,2018-08-30,unmatched_outside_coverage,1,45194.0,0,UNMATCHED-LESEDIQUEEN-20180830,,,
NAUTICAL ALICE,NAUTICALALICE,2018-08-30,unmatched_outside_coverage,1,10762.0,0,UNMATCHED-NAUTICALALICE-20180830,,,
PATIENCE LAKE,PATIENCELAKE,2018-08-30,unmatched_outside_coverage,2,30662.0,0,UNMATCHED-PATIENCELAKE-20180830,,,
DALIAN STAR,DALIANSTAR,2018-08-31,unmatched_outside_coverage,2,45938.0,0,UNMATCHED-DALIANSTAR-20180831,,,
EQUINOX DAWN,EQUINOXDAWN,2018-08-31,unmatched_outside_coverage,1,17324.0,0,UNMATCHED-EQUINOXDAWN-20180831,,,
UNION ANTON,UNIONANTON,2018-08-31,unmatched_outside_coverage,1,24780.0,0,UNMATCHED-UNIONANTON-20180831,,,
EQUINOX DAWN,EQUINOXDAWN,2018-09-01,unmatched_outside_coverage,1,29456.0,0,UNMATCHED-EQUINOXDAWN-20180901,,,
INTERLINK ACUITY,INTERLINKACUITY,2018-09-01,unmatched_outside_coverage,2,27576.0,0,UNMATCHED-INTERLINKACUITY-20180901,,,
EPTALOFOS,EPTALOFOS,2018-09-02,unmatched_outside_coverage,1,72599.0,0,UNMATCHED-EPTALOFOS-20180902,,,
GLOBAL VISION,GLOBALVISION,2018-09-02,unmatched_outside_coverage,1,10752.0,0,UNMATCHED-GLOBALVISION-20180902,,,
LEVANTO,LEVANTO,2018-09-02,unmatched_outside_coverage,1,63700.0,0,UNMATCHED-LEVANTO-20180902,,,
MARINER,MARINER,2018-09-02,unmatched_outside_coverage,1,3013.0,0,UNMATCHED-MARINER-20180902,,,
BEIRA,BEIRA,2018-09-03,unmatched_outside_coverage,1,23609.0,0,UNMATCHED-BEIRA-20180903,,,
BULK HONDURAS,BULKHONDURAS,2018-09-03,unmatched_outside_coverage,1,37069.0,0,UNMATCHED-BULKHONDURAS-20180903,,,
EPICTETUS,EPICTETUS,2018-09-03,unmatched_outside_coverage,1,69076.0,0,UNMATCHED-EPICTETUS-20180903,,,
GLOBAL VISION,GLOBALVISION,2018-09-03,unmatched_outside_coverage,4,37727.0,0,UNMATCHED-GLOBALVISION-20180903,,,
MARINER,MARINER,2018-09-03,unmatched_outside_coverage,2,46124.0,0,UNMATCHED-MARINER-20180903,,,
ROWAYTON EAGLE,ROWAYTONEAGLE,2018-09-03,unmatched_outside_coverage,1,49997.0,0,UNMATCHED-ROWAYTONEAGLE-20180903,,,
UNITED HARMONY,UNITEDHARMONY,2018-09-03,unmatched_outside_coverage,1,21400.0,0,UNMATCHED-UNITEDHARMONY-20180903,,,
AEOLIAN FORTUNE,AEOLIANFORTUNE,2018-09-04,unmatched_outside_coverage,1,70547.0,0,UNMATCHED-AEOLIANFORTUNE-20180904,,,
KIWI TRADER,KIWITRADER,2018-09-04,unmatched_outside_coverage,1,29639.0,0,UNMATCHED-KIWITRADER-20180904,,,
STAMFORD EAGLE,STAMFORDEAGLE,2018-09-04,unmatched_outside_coverage,1,9112.0,0,UNMATCHED-STAMFORDEAGLE-20180904,,,
TASSOS N,TASSOSN,2018-09-04,unmatched_outside_coverage,1,11000.0,0,UNMATCHED-TASSOSN-20180904,,,
UBC BALBOA,UBCBALBOA,2018-09-04,unmatched_outside_coverage,2,21200.0,0,UNMATCHED-UBCBALBOA-20180904,,,
VEGA ROSE,VEGAROSE,2018-09-04,unmatched_outside_coverage,2,41069.0,0,UNMATCHED-VEGAROSE-20180904,,,
SPRING MELODY,SPRINGMELODY,2018-09-05,unmatched_outside_coverage,1,33530.0,0,UNMATCHED-SPRINGMELODY-20180905,,,
STAMFORD EAGLE,STAMFORDEAGLE,2018-09-05,unmatched_outside_coverage,2,32241.0,0,UNMATCHED-STAMFORDEAGLE-20180905,,,
TASSOS N,TASSOSN,2018-09-05,unmatched_outside_coverage,1,37897.0,0,UNMATCHED-TASSOSN-20180905,,,
VEGA ROSE,VEGAROSE,2018-09-05,unmatched_outside_coverage,1,8000.0,0,UNMATCHED-VEGAROSE-20180905,,,
WEST BAY,WESTBAY,2018-09-05,unmatched_outside_coverage,1,50708.0,0,UNMATCHED-WESTBAY-20180905,,,
AZZURA,AZZURA,2018-09-06,unmatched_outside_coverage,1,20020.0,0,UNMATCHED-AZZURA-20180906,,,
DELPHI RANGER,DELPHIRANGER,2018-09-06,unmatched_outside_coverage,2,33840.0,0,UNMATCHED-DELPHIRANGER-20180906,,,
ELLY,ELLY,2018-09-06,unmatched_outside_coverage,1,66937.0,0,UNMATCHED-ELLY-20180906,,,
GENCO SPIRIT,GENCOSPIRIT,2018-09-06,unmatched_outside_coverage,2,27075.0,0,UNMATCHED-GENCOSPIRIT-20180906,,,
SPRING MELODY,SPRINGMELODY,2018-09-06,unmatched_outside_coverage,1,18375.0,0,UNMATCHED-SPRINGMELODY-20180906,,,
CHARMEY,CHARMEY,2018-09-07,unmatched_outside_coverage,1,33181.0,0,UNMATCHED-CHARMEY-20180907,,,
FIORA TOPIC,FIORATOPIC,2018-09-07,unmatched_outside_coverage,1,7863.0,0,UNMATCHED-FIORATOPIC-20180907,,,
SARITA NAREE,SARITANAREE,2018-09-07,unmatched_outside_coverage,1,29235.0,0,UNMATCHED-SARITANAREE-20180907,,,
SEA SMILE,SEASMILE,2018-09-07,unmatched_outside_coverage,2,32604.0,0,UNMATCHED-SEASMILE-20180907,,,
SPAR PYXIS,SPARPYXIS,2018-09-07,unmatched_outside_coverage,2,51704.0,0,UNMATCHED-SPARPYXIS-20180907,,,
UBC TOKYO,UBCTOKYO,2018-09-07,unmatched_outside_coverage,1,30154.0,0,UNMATCHED-UBCTOKYO-20180907,,,
UNI HORIZON,UNIHORIZON,2018-09-07,unmatched_outside_coverage,2,34828.0,0,UNMATCHED-UNIHORIZON-20180907,,,
ATLANTIC ENSENADA,ATLANTICENSENADA,2018-09-08,unmatched_outside_coverage,1,49871.0,0,UNMATCHED-ATLANTICENSENADA-20180908,,,
AZZURA,AZZURA,2018-09-08,unmatched_outside_coverage,1,6500.0,0,UNMATCHED-AZZURA-20180908,,,
BEAUFORTE,BEAUFORTE,2018-09-08,unmatched_outside_coverage,1,3500.0,0,UNMATCHED-BEAUFORTE-20180908,,,
CS CAPRICE,CSCAPRICE,2018-09-08,unmatched_outside_coverage,2,24969.0,0,UNMATCHED-CSCAPRICE-20180908,,,
FIORA TOPIC,FIORATOPIC,2018-09-08,unmatched_outside_coverage,3,18403.0,0,UNMATCHED-FIORATOPIC-20180908,,,
INTERLINK FORTUITY,INTERLINKFORTUITY,2018-09-08,unmatched_outside_coverage,1,29561.0,0,UNMATCHED-INTERLINKFORTUITY-20180908,,,
OLZA,OLZA,2018-09-08,unmatched_outside_coverage,2,4600.0,0,UNMATCHED-OLZA-20180908,,,
REGAL,REGAL,2018-09-08,unmatched_outside_coverage,1,44921.0,0,UNMATCHED-REGAL-20180908,,,
AMALFI,AMALFI,2018-09-09,unmatched_outside_coverage,1,67082.0,0,UNMATCHED-AMALFI-20180909,,,
BOSTON HARMONY,BOSTONHARMONY,2018-09-09,unmatched_outside_coverage,1,35479.0,0,UNMATCHED-BOSTONHARMONY-20180909,,,
FLIPPER,FLIPPER,2018-09-09,unmatched_outside_coverage,1,58305.0,0,UNMATCHED-FLIPPER-20180909,,,
OLZA,OLZA,2018-09-09,unmatched_outside_coverage,2,11284.0,0,UNMATCHED-OLZA-20180909,,,
CAPE TRAFALGAR,CAPETRAFALGAR,2018-09-10,unmatched_outside_coverage,1,53997.0,0,UNMATCHED-CAPETRAFALGAR-20180910,,,
TR LADY,TRLADY,2018-09-10,unmatched_outside_coverage,1,73822.0,0,UNMATCHED-TRLADY-20180910,,,
UBC SANTA MARTA,UBCSANTAMARTA,2018-09-10,unmatched_outside_coverage,1,24546.0,0,UNMATCHED-UBCSANTAMARTA-20180910,,,
ATLANTIC BULKER,ATLANTICBULKER,2018-09-11,unmatched_outside_coverage,2,28643.0,0,UNMATCHED-ATLANTICBULKER-20180911,,,
IKAN SEMBAK,IKANSEMBAK,2018-09-11,unmatched_outside_coverage,1,58630.0,0,UNMATCHED-IKANSEMBAK-20180911,,,
POLESIE,POLESIE,2018-09-11,unmatched_outside_coverage,1,30000.0,0,UNMATCHED-POLESIE-20180911,,,
VOSCO SUNRISE,VOSCOSUNRISE,2018-09-11,unmatched_outside_coverage,1,40020.0,0,UNMATCHED-VOSCOSUNRISE-20180911,,,
WOOLLOOMOOLOO,WOOLLOOMOOLOO,2018-09-11,unmatched_outside_coverage,1,65210.0,0,UNMATCHED-WOOLLOOMOOLOO-20180911,,,
PAC ALNATH,PACALNATH,2018-09-12,unmatched_outside_coverage,1,24439.0,0,UNMATCHED-PACALNATH-20180912,,,
THOR ACHIEVER,THORACHIEVER,2018-09-12,unmatched_outside_coverage,2,42839.0,0,UNMATCHED-THORACHIEVER-20180912,,,
TOMINI SINCERITY,TOMINISINCERITY,2018-09-12,unmatched_outside_coverage,1,21979.0,0,UNMATCHED-TOMINISINCERITY-20180912,,,
WARMIA,WARMIA,2018-09-12,unmatched_outside_coverage,1,24200.0,0,UNMATCHED-WARMIA-20180912,,,
ANTIGONI,ANTIGONI,2018-09-13,unmatched_outside_coverage,1,66499.0,0,UNMATCHED-ANTIGONI-20180913,,,
DIANA BOLTEN,DIANABOLTEN,2018-09-13,unmatched_outside_coverage,1,32999.0,0,UNMATCHED-DIANABOLTEN-20180913,,,
NANJING CONFIDENCE,NANJINGCONFIDENCE,2018-09-13,unmatched_outside_coverage,1,35791.0,0,UNMATCHED-NANJINGCONFIDENCE-20180913,,,
STH LONDON,STHLONDON,2018-09-13,unmatched_outside_coverage,1,5514.0,0,UNMATCHED-STHLONDON-20180913,,,
TOMINI SINCERITY,TOMINISINCERITY,2018-09-13,unmatched_outside_coverage,1,6160.0,0,UNMATCHED-TOMINISINCERITY-20180913,,,
WARMIA,WARMIA,2018-09-13,unmatched_outside_coverage,1,12807.0,0,UNMATCHED-WARMIA-20180913,,,
CHRYSANTHI S,CHRYSANTHIS,2018-09-14,unmatched_outside_coverage,1,68233.0,0,UNMATCHED-CHRYSANTHIS-20180914,,,
CMB CHIKAKO,CMBCHIKAKO,2018-09-14,unmatched_outside_coverage,1,56938.0,0,UNMATCHED-CMBCHIKAKO-20180914,,,
FOUR RIGOLETTO,FOURRIGOLETTO,2018-09-14,unmatched_outside_coverage,2,28060.0,0,UNMATCHED-FOURRIGOLETTO-20180914,,,
MAGIC STRIKER,MAGICSTRIKER,2018-09-14,unmatched_outside_coverage,1,37100.0,0,UNMATCHED-MAGICSTRIKER-20180914,,,
SBI COUGAR,SBICOUGAR,2018-09-14,unmatched_outside_coverage,1,58498.0,0,UNMATCHED-SBICOUGAR-20180914,,,
STH LONDON,STHLONDON,2018-09-14,unmatched_outside_coverage,1,38002.0,0,UNMATCHED-STHLONDON-20180914,,,
UBC TARRAGONA,UBCTARRAGONA,2018-09-14,unmatched_outside_coverage,1,18129.0,0,UNMATCHED-UBCTARRAGONA-20180914,,,
CAROLINA BOLTEN,CAROLINABOLTEN,2018-09-15,unmatched_outside_coverage,2,13358.0,0,UNMATCHED-CAROLINABOLTEN-20180915,,,
OCEAN ROAD,OCEANROAD,2018-09-15,unmatched_outside_coverage,1,68101.0,0,UNMATCHED-OCEANROAD-20180915,,,
SUNRISE JADE,SUNRISEJADE,2018-09-15,unmatched_outside_coverage,2,55832.0,0,UNMATCHED-SUNRISEJADE-20180915,,,
CAPE MORETON,CAPEMORETON,2018-09-16,unmatched_outside_coverage,1,30296.0,0,UNMATCHED-CAPEMORETON-20180916,,,
FAIRFIELD EAGLE,FAIRFIELDEAGLE,2018-09-16,unmatched_outside_coverage,1,50600.0,0,UNMATCHED-FAIRFIELDEAGLE-20180916,,,
INTERLINK PARITY,INTERLINKPARITY,2018-09-16,unmatched_outside_coverage,1,32298.0,0,UNMATCHED-INTERLINKPARITY-20180916,,,
OMICRON NIKOS,OMICRONNIKOS,2018-09-16,unmatched_outside_coverage,2,21018.0,0,UNMATCHED-OMICRONNIKOS-20180916,,,
OSLO BULK 2,OSLOBULK2,2018-09-16,unmatched_outside_coverage,1,1400.0,0,UNMATCHED-OSLOBULK2-20180916,,,
AMORGOS,AMORGOS,2018-09-17,unmatched_outside_coverage,1,27467.0,0,UNMATCHED-AMORGOS-20180917,,,
ATLANTIC YUCATAN,ATLANTICYUCATAN,2018-09-17,unmatched_outside_coverage,1,49399.0,0,UNMATCHED-ATLANTICYUCATAN-20180917,,,
CMB WEIHAI,CMBWEIHAI,2018-09-17,unmatched_outside_coverage,1,30000.0,0,UNMATCHED-CMBWEIHAI-20180917,,,
DELPHI RANGER,DELPHIRANGER,2018-09-17,unmatched_outside_coverage,1,3300.0,0,UNMATCHED-DELPHIRANGER-20180917,,,
GALATEIA,GALATEIA,2018-09-17,unmatched_outside_coverage,1,68979.0,0,UNMATCHED-GALATEIA-20180917,,,
GIEWONT,GIEWONT,2018-09-17,unmatched_outside_coverage,1,11617.0,0,UNMATCHED-GIEWONT-20180917,,,
GLOBAL BRAVE,GLOBALBRAVE,2018-09-17,unmatched_outside_coverage,1,54189.0,0,UNMATCHED-GLOBALBRAVE-20180917,,,
IYO WIND,IYOWIND,2018-09-17,unmatched_outside_coverage,1,2321.0,0,UNMATCHED-IYOWIND-20180917,,,
OMICRON NIKOS,OMICRONNIKOS,2018-09-17,unmatched_outside_coverage,3,37068.0,0,UNMATCHED-OMICRONNIKOS-20180917,,,
OSLO BULK 2,OSLOBULK2,2018-09-17,unmatched_outside_coverage,1,5500.0,0,UNMATCHED-OSLOBULK2-20180917,,,
THETIS,THETIS,2018-09-17,unmatched_outside_coverage,1,9882.0,0,UNMATCHED-THETIS-20180917,,,
WESTERN MONACO,WESTERNMONACO,2018-09-17,unmatched_outside_coverage,1,72008.0,0,UNMATCHED-WESTERNMONACO-20180917,,,
BALTIC WASP,BALTICWASP,2018-09-18,unmatched_outside_coverage,1,6965.0,0,UNMATCHED-BALTICWASP-20180918,,,
BBC NEPTUNE,BBCNEPTUNE,2018-09-18,unmatched_outside_coverage,1,32997.0,0,UNMATCHED-BBCNEPTUNE-20180918,,,
DELPHI RANGER,DELPHIRANGER,2018-09-18,unmatched_outside_coverage,1,9350.0,0,UNMATCHED-DELPHIRANGER-20180918,,,
LENTIKIA,LENTIKIA,2018-09-18,unmatched_outside_coverage,1,5109.0,0,UNMATCHED-LENTIKIA-20180918,,,
SERENA R,SERENAR,2018-09-18,unmatched_outside_coverage,1,58733.0,0,UNMATCHED-SERENAR-20180918,,,
THETIS,THETIS,2018-09-18,unmatched_outside_coverage,1,10944.0,0,UNMATCHED-THETIS-20180918,,,
BALTIC WASP,BALTICWASP,2018-09-19,unmatched_outside_coverage,2,40331.0,0,UNMATCHED-BALTICWASP-20180919,,,
DAIWAN ELEGANCE,DAIWANELEGANCE,2018-09-19,unmatched_outside_coverage,2,32729.0,0,UNMATCHED-DAIWANELEGANCE-20180919,,,
GOLDEN GRAINS,GOLDENGRAINS,2018-09-19,unmatched_outside_coverage,1,15958.0,0,UNMATCHED-GOLDENGRAINS-20180919,,,
IYO WIND,IYOWIND,2018-09-19,unmatched_outside_coverage,1,26632.0,0,UNMATCHED-IYOWIND-20180919,,,
LENTIKIA,LENTIKIA,2018-09-19,unmatched_outside_coverage,1,32317.0,0,UNMATCHED-LENTIKIA-20180919,,,
CLIPPER TRUST,CLIPPERTRUST,2018-09-20,unmatched_outside_coverage,1,29634.0,0,UNMATCHED-CLIPPERTRUST-20180920,,,
OMIROS L,OMIROSL,2018-09-20,unmatched_outside_coverage,1,71499.0,0,UNMATCHED-OMIROSL-20180920,,,
ORIENT TIDE,ORIENTTIDE,2018-09-20,unmatched_outside_coverage,2,32235.0,0,UNMATCHED-ORIENTTIDE-20180920,,,
AFRICAN ARROW,AFRICANARROW,2018-09-21,unmatched_outside_coverage,1,2964.0,0,UNMATCHED-AFRICANARROW-20180921,,,
DIOMIDIS,DIOMIDIS,2018-09-21,unmatched_outside_coverage,1,58413.0,0,UNMATCHED-DIOMIDIS-20180921,,,
IYO WIND,IYOWIND,2018-09-21,unmatched_outside_coverage,1,19898.0,0,UNMATCHED-IYOWIND-20180921,,,
JIA LONG SHAN,JIALONGSHAN,2018-09-21,unmatched_outside_coverage,3,44207.0,0,UNMATCHED-JIALONGSHAN-20180921,,,
MIEDWIE,MIEDWIE,2018-09-21,unmatched_outside_coverage,1,17553.0,0,UNMATCHED-MIEDWIE-20180921,,,
SUNRISE,SUNRISE,2018-09-21,unmatched_outside_coverage,2,36083.0,0,UNMATCHED-SUNRISE-20180921,,,
ULTRA LASCAR,ULTRALASCAR,2018-09-21,unmatched_outside_coverage,1,22359.0,0,UNMATCHED-ULTRALASCAR-20180921,,,
BOSTON HARMONY,BOSTONHARMONY,2018-09-22,unmatched_outside_coverage,1,28599.0,0,UNMATCHED-BOSTONHARMONY-20180922,,,
CARME,CARME,2018-09-22,unmatched_outside_coverage,1,34189.0,0,UNMATCHED-CARME-20180922,,,
JIN TAI FENG,JINTAIFENG,2018-09-22,unmatched_outside_coverage,1,82497.0,0,UNMATCHED-JINTAIFENG-20180922,,,
AFRICAN ARROW,AFRICANARROW,2018-09-23,unmatched_outside_coverage,2,49089.0,0,UNMATCHED-AFRICANARROW-20180923,,,
BILLY JIM,BILLYJIM,2018-09-23,unmatched_outside_coverage,1,71488.0,0,UNMATCHED-BILLYJIM-20180923,,,
CHARMEY,CHARMEY,2018-09-23,unmatched_outside_coverage,1,20679.0,0,UNMATCHED-CHARMEY-20180923,,,
GREAT PROFIT,GREATPROFIT,2018-09-23,unmatched_outside_coverage,1,36016.0,0,UNMATCHED-GREATPROFIT-20180923,,,
KMARIN ULSAN,KMARINULSAN,2018-09-23,unmatched_outside_coverage,1,59152.0,0,UNMATCHED-KMARINULSAN-20180923,,,
ND ARMONIA,NDARMONIA,2018-09-23,unmatched_outside_coverage,1,49022.0,0,UNMATCHED-NDARMONIA-20180923,,,
UBC SANTOS,UBCSANTOS,2018-09-23,unmatched_outside_coverage,1,13695.0,0,UNMATCHED-UBCSANTOS-20180923,,,
ALMENDRO,ALMENDRO,2018-09-24,unmatched_outside_coverage,1,14239.0,0,UNMATCHED-ALMENDRO-20180924,,,
FENG XIU HAI,FENGXIUHAI,2018-09-24,unmatched_outside_coverage,2,52134.0,0,UNMATCHED-FENGXIUHAI-20180924,,,
GH SEABISCUIT,GHSEABISCUIT,2018-09-24,unmatched_outside_coverage,1,4152.0,0,UNMATCHED-GHSEABISCUIT-20180924,,,
JIAN GUO HAI,JIANGUOHAI,2018-09-24,unmatched_outside_coverage,1,36300.0,0,UNMATCHED-JIANGUOHAI-20180924,,,
LOCH MAREE,LOCHMAREE,2018-09-24,unmatched_outside_coverage,1,13650.0,0,UNMATCHED-LOCHMAREE-20180924,,,
NAUTICAL ALICE,NAUTICALALICE,2018-09-24,unmatched_outside_coverage,1,25602.0,0,UNMATCHED-NAUTICALALICE-20180924,,,
UNITED HARMONY,UNITEDHARMONY,2018-09-24,unmatched_outside_coverage,1,36383.0,0,UNMATCHED-UNITEDHARMONY-20180924,,,
GH SEABISCUIT,GHSEABISCUIT,2018-09-25,unmatched_outside_coverage,2,43366.0,0,UNMATCHED-GHSEABISCUIT-20180925,,,
NAUTICAL ALICE,NAUTICALALICE,2018-09-25,unmatched_outside_coverage,1,8722.0,0,UNMATCHED-NAUTICALALICE-20180925,,,
CALM BAY,CALMBAY,2018-09-26,unmatched_outside_coverage,1,6089.0,0,UNMATCHED-CALMBAY-20180926,,,
LOCH MAREE,LOCHMAREE,2018-09-26,unmatched_outside_coverage,1,7492.0,0,UNMATCHED-LOCHMAREE-20180926,,,
NIPPON MARU,NIPPONMARU,2018-09-26,unmatched_outside_coverage,2,22371.0,0,UNMATCHED-NIPPONMARU-20180926,,,
ORCHID ISLAND,ORCHIDISLAND,2018-09-26,unmatched_outside_coverage,3,42116.0,0,UNMATCHED-ORCHIDISLAND-20180926,,,
AGRI KINSALE,AGRIKINSALE,2018-09-27,unmatched_outside_coverage,1,66661.0,0,UNMATCHED-AGRIKINSALE-20180927,,,
CALM BAY,CALMBAY,2018-09-27,unmatched_outside_coverage,1,23112.0,0,UNMATCHED-CALMBAY-20180927,,,
DIONYSUS,DIONYSUS,2018-09-27,unmatched_outside_coverage,1,58533.0,0,UNMATCHED-DIONYSUS-20180927,,,
GLORY AMSTERDAM,GLORYAMSTERDAM,2018-09-27,unmatched_outside_coverage,2,66024.0,0,UNMATCHED-GLORYAMSTERDAM-20180927,,,
GNG CONCORD 1,GNGCONCORD1,2018-09-27,unmatched_outside_coverage,1,57025.0,0,UNMATCHED-GNGCONCORD1-20180927,,,
SAPPHIRE ISLAND,SAPPHIREISLAND,2018-09-27,unmatched_outside_coverage,1,14701.0,0,UNMATCHED-SAPPHIREISLAND-20180927,,,
STRATEGIC ENCOUNTER,STRATEGICENCOUNTER,2018-09-27,unmatched_outside_coverage,1,31289.0,0,UNMATCHED-STRATEGICENCOUNTER-20180927,,,
UBC TOKYO,UBCTOKYO,2018-09-27,unmatched_outside_coverage,1,28761.0,0,UNMATCHED-UBCTOKYO-20180927,,,
GLOBAL SUCCESS,GLOBALSUCCESS,2018-09-28,unmatched_outside_coverage,2,46549.0,0,UNMATCHED-GLOBALSUCCESS-20180928,,,
SAPPHIRE ISLAND,SAPPHIREISLAND,2018-09-28,unmatched_outside_coverage,2,16999.0,0,UNMATCHED-SAPPHIREISLAND-20180928,,,
MAGIC STRIKER,MAGICSTRIKER,2018-09-29,unmatched_outside_coverage,2,37189.0,0,UNMATCHED-MAGICSTRIKER-20180929,,,
OBROVAC,OBROVAC,2018-09-29,unmatched_outside_coverage,1,33048.0,0,UNMATCHED-OBROVAC-20180929,,,
AEOLIAN LIGHT,AEOLIANLIGHT,2018-09-30,unmatched_outside_coverage,1,68853.0,0,UNMATCHED-AEOLIANLIGHT-20180930,,,
ATLANTIC ENSENADA,ATLANTICENSENADA,2018-09-30,unmatched_outside_coverage,2,40039.0,0,UNMATCHED-ATLANTICENSENADA-20180930,,,
EMERALD STRAIT,EMERALDSTRAIT,2018-09-30,unmatched_outside_coverage,1,52188.0,0,UNMATCHED-EMERALDSTRAIT-20180930,,,
JPS ELLI,JPSELLI,2018-09-30,unmatched_outside_coverage,1,49999.0,0,UNMATCHED-JPSELLI-20180930,,,
PLATE QUEEN,PLATEQUEEN,2018-09-30,unmatched_outside_coverage,1,20147.0,0,UNMATCHED-PLATEQUEEN-20180930,,,
STRATEGIC SYNERGY,STRATEGICSYNERGY,2018-09-30,unmatched_outside_coverage,1,8157.0,0,UNMATCHED-STRATEGICSYNERGY-20180930,,,
WESTERN MIAMI,WESTERNMIAMI,2018-09-30,unmatched_outside_coverage,1,3140.0,0,UNMATCHED-WESTERNMIAMI-20180930,,,
CL SEVEN,CLSEVEN,2018-10-01,unmatched_outside_coverage,1,31998.0,0,UNMATCHED-CLSEVEN-20181001,,,
DALMATIA G,DALMATIAG,2018-10-01,unmatched_outside_coverage,1,36499.0,0,UNMATCHED-DALMATIAG-20181001,,,
EAGLE I-STAR,EAGLEISTAR,2018-10-01,unmatched_outside_coverage,1,23337.0,0,UNMATCHED-EAGLEISTAR-20181001,,,
GIORGOS DRACOPOULOS,GIORGOSDRACOPOULOS,2018-10-01,unmatched_outside_coverage,1,13750.0,0,UNMATCHED-GIORGOSDRACOPOULOS-20181001,,,
NAREW,NAREW,2018-10-01,unmatched_outside_coverage,1,9300.0,0,UNMATCHED-NAREW-20181001,,,
PLATE QUEEN,PLATEQUEEN,2018-10-01,unmatched_outside_coverage,2,28405.0,0,UNMATCHED-PLATEQUEEN-20181001,,,
STRATEGIC SYNERGY,STRATEGICSYNERGY,2018-10-01,unmatched_outside_coverage,1,27497.0,0,UNMATCHED-STRATEGICSYNERGY-20181001,,,
WESTERN MIAMI,WESTERNMIAMI,2018-10-01,unmatched_outside_coverage,1,7559.0,0,UNMATCHED-WESTERNMIAMI-20181001,,,
GIORGOS DRACOPOULOS,GIORGOSDRACOPOULOS,2018-10-02,unmatched_outside_coverage,1,28500.0,0,UNMATCHED-GIORGOSDRACOPOULOS-20181002,,,
HARVEST FROST,HARVESTFROST,2018-10-02,unmatched_outside_coverage,1,85234.0,0,UNMATCHED-HARVESTFROST-20181002,,,
JINLING CONFIDENCE,JINLINGCONFIDENCE,2018-10-02,unmatched_outside_coverage,1,37524.0,0,UNMATCHED-JINLINGCONFIDENCE-20181002,,,
SKY GLOBE,SKYGLOBE,2018-10-02,unmatched_outside_coverage,1,39333.0,0,UNMATCHED-SKYGLOBE-20181002,,,
WARRIOR,WARRIOR,2018-10-02,unmatched_outside_coverage,3,54571.0,0,UNMATCHED-WARRIOR-20181002,,,
AMANDA C,AMANDAC,2018-10-03,unmatched_outside_coverage,1,3885.0,0,UNMATCHED-AMANDAC-20181003,,,
EAGLE I-STAR,EAGLEISTAR,2018-10-03,unmatched_outside_coverage,1,13201.0,0,UNMATCHED-EAGLEISTAR-20181003,,,
IRYDA,IRYDA,2018-10-03,unmatched_outside_coverage,1,18400.0,0,UNMATCHED-IRYDA-20181003,,,
PAC SCHEDAR,PACSCHEDAR,2018-10-03,unmatched_outside_coverage,1,24305.0,0,UNMATCHED-PACSCHEDAR-20181003,,,
VITAOCEAN,VITAOCEAN,2018-10-03,unmatched_outside_coverage,1,67976.0,0,UNMATCHED-VITAOCEAN-20181003,,,
V UNO,VUNO,2018-10-03,unmatched_outside_coverage,1,32627.0,0,UNMATCHED-VUNO-20181003,,,
WEST BAY,WESTBAY,2018-10-03,unmatched_outside_coverage,1,21916.0,0,UNMATCHED-WESTBAY-20181003,,,
AMANDA C,AMANDAC,2018-10-04,unmatched_outside_coverage,2,13311.0,0,UNMATCHED-AMANDAC-20181004,,,
CLEARWATER BAY,CLEARWATERBAY,2018-10-04,unmatched_outside_coverage,1,26706.0,0,UNMATCHED-CLEARWATERBAY-20181004,,,
OCEANUS,OCEANUS,2018-10-04,unmatched_outside_coverage,1,58607.0,0,UNMATCHED-OCEANUS-20181004,,,
ODIGITRIA,ODIGITRIA,2018-10-04,unmatched_outside_coverage,1,43549.0,0,UNMATCHED-ODIGITRIA-20181004,,,
PLUTO,PLUTO,2018-10-04,unmatched_outside_coverage,1,30099.0,0,UNMATCHED-PLUTO-20181004,,,
UBC STAVANGER,UBCSTAVANGER,2018-10-04,unmatched_outside_coverage,1,29479.0,0,UNMATCHED-UBCSTAVANGER-20181004,,,
AFRICAN TURACO,AFRICANTURACO,2018-10-05,unmatched_outside_coverage,1,56622.0,0,UNMATCHED-AFRICANTURACO-20181005,,,
FIRST BROTHER,FIRSTBROTHER,2018-10-05,unmatched_outside_coverage,1,30062.0,0,UNMATCHED-FIRSTBROTHER-20181005,,,
GH POWER,GHPOWER,2018-10-05,unmatched_outside_coverage,1,59409.0,0,UNMATCHED-GHPOWER-20181005,,,
IKAN LEBAN,IKANLEBAN,2018-10-05,unmatched_outside_coverage,1,27275.0,0,UNMATCHED-IKANLEBAN-20181005,,,
SEABEE,SEABEE,2018-10-05,unmatched_outside_coverage,1,57548.0,0,UNMATCHED-SEABEE-20181005,,,
SONGA GRAIN,SONGAGRAIN,2018-10-05,unmatched_outside_coverage,1,70999.0,0,UNMATCHED-SONGAGRAIN-20181005,,,
WEST BAY,WESTBAY,2018-10-05,unmatched_outside_coverage,2,27706.0,0,UNMATCHED-WESTBAY-20181005,,,
BOSTON HARMONY,BOSTONHARMONY,2018-10-06,unmatched_outside_coverage,1,35559.0,0,UNMATCHED-BOSTONHARMONY-20181006,,,
GENCO CHALLENGER,GENCOCHALLENGER,2018-10-06,unmatched_outside_coverage,1,16656.0,0,UNMATCHED-GENCOCHALLENGER-20181006,,,
INTERLINK VERITY,INTERLINKVERITY,2018-10-06,unmatched_outside_coverage,1,35350.0,0,UNMATCHED-INTERLINKVERITY-20181006,,,
OCEAN SPLENDOR,OCEANSPLENDOR,2018-10-06,unmatched_outside_coverage,1,11684.0,0,UNMATCHED-OCEANSPLENDOR-20181006,,,
VEGA MARS,VEGAMARS,2018-10-06,unmatched_outside_coverage,1,17936.0,0,UNMATCHED-VEGAMARS-20181006,,,
JIA SHENG SHAN,JIASHENGSHAN,2018-10-07,unmatched_outside_coverage,1,53670.0,0,UNMATCHED-JIASHENGSHAN-20181007,,,
LADY SALIHA,LADYSALIHA,2018-10-07,unmatched_outside_coverage,3,23025.0,0,UNMATCHED-LADYSALIHA-20181007,,,
OCEAN SPLENDOR,OCEANSPLENDOR,2018-10-07,unmatched_outside_coverage,3,37683.0,0,UNMATCHED-OCEANSPLENDOR-20181007,,,
S-BRAND,SBRAND,2018-10-07,unmatched_outside_coverage,2,19598.0,0,UNMATCHED-SBRAND-20181007,,,
STAR SUZANNA,STARSUZANNA,2018-10-07,unmatched_outside_coverage,2,68999.0,0,UNMATCHED-STARSUZANNA-20181007,,,
VOGE EMMA,VOGEEMMA,2018-10-07,unmatched_outside_coverage,1,28875.0,0,UNMATCHED-VOGEEMMA-20181007,,,
CLIPPER TRUST,CLIPPERTRUST,2018-10-08,unmatched_outside_coverage,1,19074.0,0,UNMATCHED-CLIPPERTRUST-20181008,,,
COLUMBA,COLUMBA,2018-10-08,unmatched_outside_coverage,1,43845.0,0,UNMATCHED-COLUMBA-20181008,,,
OCEAN OPAL,OCEANOPAL,2018-10-08,unmatched_outside_coverage,1,32998.0,0,UNMATCHED-OCEANOPAL-20181008,,,
VIRGO COLOSSUS,VIRGOCOLOSSUS,2018-10-08,unmatched_outside_coverage,1,49499.0,0,UNMATCHED-VIRGOCOLOSSUS-20181008,,,
ANNA S,ANNAS,2018-10-09,unmatched_outside_coverage,1,67117.0,0,UNMATCHED-ANNAS-20181009,,,
BALTIC ACE,BALTICACE,2018-10-09,unmatched_outside_coverage,1,28624.0,0,UNMATCHED-BALTICACE-20181009,,,
BBC NEPTUNE,BBCNEPTUNE,2018-10-09,unmatched_outside_coverage,2,27914.0,0,UNMATCHED-BBCNEPTUNE-20181009,,,
CIELO DI SAN FRANCISCO,CIELODISANFRANCISCO,2018-10-09,unmatched_outside_coverage,1,24230.0,0,UNMATCHED-CIELODISANFRANCISCO-20181009,,,
CS JADEN,CSJADEN,2018-10-09,unmatched_outside_coverage,1,34075.0,0,UNMATCHED-CSJADEN-20181009,,,
INTREPID EAGLE,INTREPIDEAGLE,2018-10-09,unmatched_outside_coverage,3,32702.0,0,UNMATCHED-INTREPIDEAGLE-20181009,,,
UBC TARRAGONA,UBCTARRAGONA,2018-10-09,unmatched_outside_coverage,1,14619.0,0,UNMATCHED-UBCTARRAGONA-20181009,,,
AN YUAN,ANYUAN,2018-10-10,unmatched_outside_coverage,1,45355.0,0,UNMATCHED-ANYUAN-20181010,,,
GOLDEN EMPRESS,GOLDENEMPRESS,2018-10-10,unmatched_outside_coverage,1,65431.0,0,UNMATCHED-GOLDENEMPRESS-20181010,,,
SIKANIA,SIKANIA,2018-10-10,unmatched_outside_coverage,1,32999.0,0,UNMATCHED-SIKANIA-20181010,,,
UBC TARRAGONA,UBCTARRAGONA,2018-10-10,unmatched_outside_coverage,1,21484.0,0,UNMATCHED-UBCTARRAGONA-20181010,,,
VIGOROUS,VIGOROUS,2018-10-10,unmatched_outside_coverage,1,32513.0,0,UNMATCHED-VIGOROUS-20181010,,,
ANDRIA,ANDRIA,2018-10-11,unmatched_outside_coverage,1,65401.0,0,UNMATCHED-ANDRIA-20181011,,,
AZZURA,AZZURA,2018-10-11,unmatched_outside_coverage,2,47525.0,0,UNMATCHED-AZZURA-20181011,,,
BALTIC COVE,BALTICCOVE,2018-10-11,unmatched_outside_coverage,2,16737.0,0,UNMATCHED-BALTICCOVE-20181011,,,
LIGARI,LIGARI,2018-10-11,unmatched_outside_coverage,1,58499.0,0,UNMATCHED-LIGARI-20181011,,,
TCLC LUZHOU,TCLCLUZHOU,2018-10-11,unmatched_outside_coverage,2,49246.0,0,UNMATCHED-TCLCLUZHOU-20181011,,,
XING XIANG HAI,XINGXIANGHAI,2018-10-11,unmatched_outside_coverage,1,58527.0,0,UNMATCHED-XINGXIANGHAI-20181011,,,
YELLOWSTONE,YELLOWSTONE,2018-10-11,unmatched_outside_coverage,1,7950.0,0,UNMATCHED-YELLOWSTONE-20181011,,,
BLUEWING,BLUEWING,2018-10-12,unmatched_outside_coverage,2,19001.0,0,UNMATCHED-BLUEWING-20181012,,,
FANOULA,FANOULA,2018-10-12,unmatched_outside_coverage,1,15950.0,0,UNMATCHED-FANOULA-20181012,,,
FOUR NABUCCO,FOURNABUCCO,2018-10-12,unmatched_outside_coverage,1,22550.0,0,UNMATCHED-FOURNABUCCO-20181012,,,
HARVEST FESTIVAL,HARVESTFESTIVAL,2018-10-12,unmatched_outside_coverage,1,62878.0,0,UNMATCHED-HARVESTFESTIVAL-20181012,,,
PAC ADARA,PACADARA,2018-10-12,unmatched_outside_coverage,1,25256.0,0,UNMATCHED-PACADARA-20181012,,,
SBI PERSEUS,SBIPERSEUS,2018-10-12,unmatched_outside_coverage,1,57752.0,0,UNMATCHED-SBIPERSEUS-20181012,,,
SEA IRIS,SEAIRIS,2018-10-12,unmatched_outside_coverage,1,49874.0,0,UNMATCHED-SEAIRIS-20181012,,,
UBC TAMPA,UBCTAMPA,2018-10-12,unmatched_outside_coverage,1,21000.0,0,UNMATCHED-UBCTAMPA-20181012,,,
UBC TOKYO,UBCTOKYO,2018-10-12,unmatched_outside_coverage,1,21448.0,0,UNMATCHED-UBCTOKYO-20181012,,,
ADVENTURE 1,ADVENTURE1,2018-10-13,unmatched_outside_coverage,1,57753.0,0,UNMATCHED-ADVENTURE1-20181013,,,
FANOULA,FANOULA,2018-10-13,unmatched_outside_coverage,2,38358.0,0,UNMATCHED-FANOULA-20181013,,,
GLENPARK,GLENPARK,2018-10-13,unmatched_outside_coverage,1,28385.0,0,UNMATCHED-GLENPARK-20181013,,,
GOLD OAK,GOLDOAK,2018-10-13,unmatched_outside_coverage,1,30000.0,0,UNMATCHED-GOLDOAK-20181013,,,
UNITED HARMONY,UNITEDHARMONY,2018-10-13,unmatched_outside_coverage,1,36704.0,0,UNMATCHED-UNITEDHARMONY-20181013,,,
CLIPPER BETTINA,CLIPPERBETTINA,2018-10-14,unmatched_outside_coverage,1,32998.0,0,UNMATCHED-CLIPPERBETTINA-20181014,,,
HONEY ISLAND,HONEYISLAND,2018-10-14,unmatched_outside_coverage,1,52619.0,0,UNMATCHED-HONEYISLAND-20181014,,,
MARINE PRINCESS,MARINEPRINCESS,2018-10-14,unmatched_outside_coverage,1,33650.0,0,UNMATCHED-MARINEPRINCESS-20181014,,,
POLA LADOGA,POLALADOGA,2018-10-14,unmatched_outside_coverage,1,33000.0,0,UNMATCHED-POLALADOGA-20181014,,,
SEATTLE,SEATTLE,2018-10-14,unmatched_outside_coverage,1,30192.0,0,UNMATCHED-SEATTLE-20181014,,,
THOR MADOC,THORMADOC,2018-10-14,unmatched_outside_coverage,3,50142.0,0,UNMATCHED-THORMADOC-20181014,,,
CHARMEY,CHARMEY,2018-10-15,unmatched_outside_coverage,1,32476.0,0,UNMATCHED-CHARMEY-20181015,,,
GREAT RESOURCE,GREATRESOURCE,2018-10-15,unmatched_outside_coverage,1,13763.0,0,UNMATCHED-GREATRESOURCE-20181015,,,
INCA QUEEN,INCAQUEEN,2018-10-15,unmatched_outside_coverage,1,46199.0,0,UNMATCHED-INCAQUEEN-20181015,,,
NINGBO DOLPHIN,NINGBODOLPHIN,2018-10-15,unmatched_outside_coverage,1,66321.0,0,UNMATCHED-NINGBODOLPHIN-20181015,,,
CALYPSO N,CALYPSON,2018-10-16,unmatched_outside_coverage,1,41970.0,0,UNMATCHED-CALYPSON-20181016,,,
CARAVOS LIBERTY,CARAVOSLIBERTY,2018-10-16,unmatched_outside_coverage,2,51773.0,0,UNMATCHED-CARAVOSLIBERTY-20181016,,,
GLOBAL ORIOLE,GLOBALORIOLE,2018-10-16,unmatched_outside_coverage,1,7085.0,0,UNMATCHED-GLOBALORIOLE-20181016,,,
HARVEST RAIN,HARVESTRAIN,2018-10-16,unmatched_outside_coverage,1,84727.0,0,UNMATCHED-HARVESTRAIN-20181016,,,
THEBE,THEBE,2018-10-16,unmatched_outside_coverage,1,7634.0,0,UNMATCHED-THEBE-20181016,,,
AETOLIA,AETOLIA,2018-10-17,unmatched_outside_coverage,1,50630.0,0,UNMATCHED-AETOLIA-20181017,,,
ATLANTIC PROGRESS,ATLANTICPROGRESS,2018-10-17,unmatched_outside_coverage,1,20260.0,0,UNMATCHED-ATLANTICPROGRESS-20181017,,,
DELPHI RANGER,DELPHIRANGER,2018-10-17,unmatched_outside_coverage,1,21501.0,0,UNMATCHED-DELPHIRANGER-20181017,,,
GLOBAL ORIOLE,GLOBALORIOLE,2018-10-17,unmatched_outside_coverage,3,43450.0,0,UNMATCHED-GLOBALORIOLE-20181017,,,
NING YUE HAI,NINGYUEHAI,2018-10-17,unmatched_outside_coverage,1,21802.0,0,UNMATCHED-NINGYUEHAI-20181017,,,
THEBE,THEBE,2018-10-17,unmatched_outside_coverage,2,18900.0,0,UNMATCHED-THEBE-20181017,,,
DELPHI RANGER,DELPHIRANGER,2018-10-18,unmatched_outside_coverage,2,13533.0,0,UNMATCHED-DELPHIRANGER-20181018,,,
DODO,DODO,2018-10-18,unmatched_outside_coverage,1,32987.0,0,UNMATCHED-DODO-20181018,,,
EVER GRACE,EVERGRACE,2018-10-18,unmatched_outside_coverage,1,59898.0,0,UNMATCHED-EVERGRACE-20181018,,,
MIRELA,MIRELA,2018-10-18,unmatched_outside_coverage,1,53522.0,0,UNMATCHED-MIRELA-20181018,,,
NING YUE HAI,NINGYUEHAI,2018-10-18,unmatched_outside_coverage,1,28673.0,0,UNMATCHED-NINGYUEHAI-20181018,,,
SEAJOY,SEAJOY,2018-10-18,unmatched_outside_coverage,1,64718.0,0,UNMATCHED-SEAJOY-20181018,,,
STAMINA SW,STAMINASW,2018-10-18,unmatched_outside_coverage,1,22147.0,0,UNMATCHED-STAMINASW-20181018,,,
THEBE,THEBE,2018-10-18,unmatched_outside_coverage,1,3412.0,0,UNMATCHED-THEBE-20181018,,,
INTREPID EAGLE,INTREPIDEAGLE,2018-10-19,unmatched_outside_coverage,1,26319.0,0,UNMATCHED-INTREPIDEAGLE-20181019,,,
IONIC PATRIS,IONICPATRIS,2018-10-19,unmatched_outside_coverage,1,71499.0,0,UNMATCHED-IONICPATRIS-20181019,,,
NORD BERING,NORDBERING,2018-10-19,unmatched_outside_coverage,2,47417.0,0,UNMATCHED-NORDBERING-20181019,,,
NORD IMABARI,NORDIMABARI,2018-10-19,unmatched_outside_coverage,2,20997.0,0,UNMATCHED-NORDIMABARI-20181019,,,
PANSOLAR,PANSOLAR,2018-10-19,unmatched_outside_coverage,1,1600.0,0,UNMATCHED-PANSOLAR-20181019,,,
SREDNA GORA,SREDNAGORA,2018-10-19,unmatched_outside_coverage,1,32671.0,0,UNMATCHED-SREDNAGORA-20181019,,,
ULTRA LYNX,ULTRALYNX,2018-10-19,unmatched_outside_coverage,2,71919.0,0,UNMATCHED-ULTRALYNX-20181019,,,
PANSOLAR,PANSOLAR,2018-10-20,unmatched_outside_coverage,3,50973.0,0,UNMATCHED-PANSOLAR-20181020,,,
UBC SANTOS,UBCSANTOS,2018-10-20,unmatched_outside_coverage,1,3868.0,0,UNMATCHED-UBCSANTOS-20181020,,,
UBC TORONTO,UBCTORONTO,2018-10-20,unmatched_outside_coverage,1,22432.0,0,UNMATCHED-UBCTORONTO-20181020,,,
ATLANTIC ENSENADA,ATLANTICENSENADA,2018-10-21,unmatched_outside_coverage,2,37399.0,0,UNMATCHED-ATLANTICENSENADA-20181021,,,
BOSTON HARMONY,BOSTONHARMONY,2018-10-21,unmatched_outside_coverage,1,35742.0,0,UNMATCHED-BOSTONHARMONY-20181021,,,
OCEAN DIAMOND,OCEANDIAMOND,2018-10-21,unmatched_outside_coverage,1,50751.0,0,UNMATCHED-OCEANDIAMOND-20181021,,,
PAX,PAX,2018-10-21,unmatched_outside_coverage,1,29437.0,0,UNMATCHED-PAX-20181021,,,
PEAK PEGASUS,PEAKPEGASUS,2018-10-21,unmatched_outside_coverage,1,69506.0,0,UNMATCHED-PEAKPEGASUS-20181021,,,
SBI REGGAE,SBIREGGAE,2018-10-21,unmatched_outside_coverage,1,70883.0,0,UNMATCHED-SBIREGGAE-20181021,,,
THEMIS,THEMIS,2018-10-21,unmatched_outside_coverage,1,54671.0,0,UNMATCHED-THEMIS-20181021,,,
UBC SANTOS,UBCSANTOS,2018-10-21,unmatched_outside_coverage,2,20117.0,0,UNMATCHED-UBCSANTOS-20181021,,,
UBC TORONTO,UBCTORONTO,2018-10-21,unmatched_outside_coverage,1,13626.0,0,UNMATCHED-UBCTORONTO-20181021,,,
AMIS CHAMPION,AMISCHAMPION,2018-10-22,unmatched_outside_coverage,1,40847.0,0,UNMATCHED-AMISCHAMPION-20181022,,,
EAGLE STRAIT,EAGLESTRAIT,2018-10-22,unmatched_outside_coverage,1,23722.0,0,UNMATCHED-EAGLESTRAIT-20181022,,,
MAGIC STRIKER,MAGICSTRIKER,2018-10-22,unmatched_outside_coverage,1,4050.0,0,UNMATCHED-MAGICSTRIKER-20181022,,,
UBC BALBOA,UBCBALBOA,2018-10-22,unmatched_outside_coverage,2,20700.0,0,UNMATCHED-UBCBALBOA-20181022,,,
GOLDEN GRAINS,GOLDENGRAINS,2018-10-23,unmatched_outside_coverage,1,29073.0,0,UNMATCHED-GOLDENGRAINS-20181023,,,
CLIPPER BREEZE,CLIPPERBREEZE,2018-10-24,unmatched_outside_coverage,1,35693.0,0,UNMATCHED-CLIPPERBREEZE-20181024,,,
HAINAN ISLAND,HAINANISLAND,2018-10-24,unmatched_outside_coverage,1,30917.0,0,UNMATCHED-HAINANISLAND-20181024,,,
HALKI,HALKI,2018-10-24,unmatched_outside_coverage,2,10395.0,0,UNMATCHED-HALKI-20181024,,,
KM JAKARTA,KMJAKARTA,2018-10-24,unmatched_outside_coverage,1,42248.0,0,UNMATCHED-KMJAKARTA-20181024,,,
AGIA SKEPI,AGIASKEPI,2018-10-25,unmatched_outside_coverage,1,57720.0,0,UNMATCHED-AGIASKEPI-20181025,,,
MAGIC STRIKER,MAGICSTRIKER,2018-10-25,unmatched_outside_coverage,1,33300.0,0,UNMATCHED-MAGICSTRIKER-20181025,,,
PALONA,PALONA,2018-10-25,unmatched_outside_coverage,1,67061.0,0,UNMATCHED-PALONA-20181025,,,
EAGLE STRAIT,EAGLESTRAIT,2018-10-26,unmatched_outside_coverage,3,25295.0,0,UNMATCHED-EAGLESTRAIT-20181026,,,
HALKI,HALKI,2018-10-26,unmatched_outside_coverage,2,11605.0,0,UNMATCHED-HALKI-20181026,,,
IRENE,IRENE,2018-10-26,unmatched_outside_coverage,1,55997.0,0,UNMATCHED-IRENE-20181026,,,
JIA LONG SHAN,JIALONGSHAN,2018-10-26,unmatched_outside_coverage,2,39017.0,0,UNMATCHED-JIALONGSHAN-20181026,,,
KEY ACTION,KEYACTION,2018-10-26,unmatched_outside_coverage,1,70828.0,0,UNMATCHED-KEYACTION-20181026,,,
KOBE STAR,KOBESTAR,2018-10-26,unmatched_outside_coverage,2,44131.0,0,UNMATCHED-KOBESTAR-20181026,,,
NORD TRUST,NORDTRUST,2018-10-26,unmatched_outside_coverage,1,22727.0,0,UNMATCHED-NORDTRUST-20181026,,,
PLUTO,PLUTO,2018-10-26,unmatched_outside_coverage,1,28042.0,0,UNMATCHED-PLUTO-20181026,,,
PUPPIS OCEAN,PUPPISOCEAN,2018-10-26,unmatched_outside_coverage,1,68995.0,0,UNMATCHED-PUPPISOCEAN-20181026,,,
VENUS SKY,VENUSSKY,2018-10-26,unmatched_outside_coverage,2,38831.0,0,UNMATCHED-VENUSSKY-20181026,,,
ATLANTIC YUCATAN,ATLANTICYUCATAN,2018-10-27,unmatched_outside_coverage,1,49752.0,0,UNMATCHED-ATLANTICYUCATAN-20181027,,,
CIELO DI VALPARAISO,CIELODIVALPARAISO,2018-10-27,unmatched_outside_coverage,1,33496.0,0,UNMATCHED-CIELODIVALPARAISO-20181027,,,
GIOVANNA,GIOVANNA,2018-10-27,unmatched_outside_coverage,1,6090.0,0,UNMATCHED-GIOVANNA-20181027,,,
NORD TRUST,NORDTRUST,2018-10-27,unmatched_outside_coverage,1,19412.0,0,UNMATCHED-NORDTRUST-20181027,,,
SPAR SCORPIO,SPARSCORPIO,2018-10-27,unmatched_outside_coverage,1,9540.0,0,UNMATCHED-SPARSCORPIO-20181027,,,
UBC TAMPICO,UBCTAMPICO,2018-10-27,unmatched_outside_coverage,1,25997.0,0,UNMATCHED-UBCTAMPICO-20181027,,,
ASTERION,ASTERION,2018-10-28,unmatched_outside_coverage,1,70555.0,0,UNMATCHED-ASTERION-20181028,,,
COFCO 1,COFCO1,2018-10-28,unmatched_outside_coverage,1,67998.0,0,UNMATCHED-COFCO1-20181028,,,
FENG HE HAI,FENGHEHAI,2018-10-28,unmatched_outside_coverage,1,56885.0,0,UNMATCHED-FENGHEHAI-20181028,,,
GIOVANNA,GIOVANNA,2018-10-28,unmatched_outside_coverage,1,19301.0,0,UNMATCHED-GIOVANNA-20181028,,,
SAKURA OCEAN,SAKURAOCEAN,2018-10-28,unmatched_outside_coverage,2,18344.0,0,UNMATCHED-SAKURAOCEAN-20181028,,,
SPAR SCORPIO,SPARSCORPIO,2018-10-28,unmatched_outside_coverage,1,8647.0,0,UNMATCHED-SPARSCORPIO-20181028,,,
FIRST BROTHER,FIRSTBROTHER,2018-10-29,unmatched_outside_coverage,1,30461.0,0,UNMATCHED-FIRSTBROTHER-20181029,,,
HARVEST TIME,HARVESTTIME,2018-10-29,unmatched_outside_coverage,1,84403.0,0,UNMATCHED-HARVESTTIME-20181029,,,
MYRSINI,MYRSINI,2018-10-29,unmatched_outside_coverage,1,71975.0,0,UNMATCHED-MYRSINI-20181029,,,
OCEAN OPAL,OCEANOPAL,2018-10-29,unmatched_outside_coverage,1,30000.0,0,UNMATCHED-OCEANOPAL-20181029,,,
SAKURA OCEAN,SAKURAOCEAN,2018-10-29,unmatched_outside_coverage,1,9854.0,0,UNMATCHED-SAKURAOCEAN-20181029,,,
SAN,SAN,2018-10-29,unmatched_outside_coverage,1,3993.0,0,UNMATCHED-SAN-20181029,,,
SPAR SCORPIO,SPARSCORPIO,2018-10-29,unmatched_outside_coverage,1,28796.0,0,UNMATCHED-SPARSCORPIO-20181029,,,
UNI HARMONY,UNIHARMONY,2018-10-29,unmatched_outside_coverage,1,32999.0,0,UNMATCHED-UNIHARMONY-20181029,,,
HANZE GENUA,HANZEGENUA,2018-10-30,unmatched_outside_coverage,1,30000.0,0,UNMATCHED-HANZEGENUA-20181030,,,
NORD GALAXY,NORDGALAXY,2018-10-30,unmatched_outside_coverage,2,63231.0,0,UNMATCHED-NORDGALAXY-20181030,,,
RAYS,RAYS,2018-10-30,unmatched_outside_coverage,1,16500.0,0,UNMATCHED-RAYS-20181030,,,
SAN,SAN,2018-10-30,unmatched_outside_coverage,2,9155.0,0,UNMATCHED-SAN-20181030,,,
S-BRONCO,SBRONCO,2018-10-30,unmatched_outside_coverage,1,5343.0,0,UNMATCHED-SBRONCO-20181030,,,
SUN VIL II,SUNVILII,2018-10-30,unmatched_outside_coverage,1,11174.0,0,UNMATCHED-SUNVILII-20181030,,,
SUZAKU,SUZAKU,2018-10-30,unmatched_outside_coverage,1,4800.0,0,UNMATCHED-SUZAKU-20181030,,,
UBC TARRAGONA,UBCTARRAGONA,2018-10-30,unmatched_outside_coverage,1,7428.0,0,UNMATCHED-UBCTARRAGONA-20181030,,,
ATLANTIC TULUM,ATLANTICTULUM,2018-10-31,unmatched_outside_coverage,2,51254.0,0,UNMATCHED-ATLANTICTULUM-20181031,,,
KANG SHUN,KANGSHUN,2018-10-31,unmatched_outside_coverage,1,39845.0,0,UNMATCHED-KANGSHUN-20181031,,,
LALINDE,LALINDE,2018-10-31,unmatched_outside_coverage,2,17692.0,0,UNMATCHED-LALINDE-20181031,,,
SCARLET CARDINAL,SCARLETCARDINAL,2018-10-31,unmatched_outside_coverage,2,57705.0,0,UNMATCHED-SCARLETCARDINAL-20181031,,,
SUN VIL II,SUNVILII,2018-10-31,unmatched_outside_coverage,1,38305.0,0,UNMATCHED-SUNVILII-20181031,,,
UBC TARRAGONA,UBCTARRAGONA,2018-10-31,unmatched_outside_coverage,1,28913.0,0,UNMATCHED-UBCTARRAGONA-20181031,,,
VITA KOUAN,VITAKOUAN,2018-10-31,unmatched_outside_coverage,2,51125.0,0,UNMATCHED-VITAKOUAN-20181031,,,
YOUNG GLORY,YOUNGGLORY,2018-10-31,unmatched_outside_coverage,1,54999.0,0,UNMATCHED-YOUNGGLORY-20181031,,,
BI JIA SHAN,BIJIASHAN,2018-11-01,unmatched_outside_coverage,1,36129.0,0,UNMATCHED-BIJIASHAN-20181101,,,
FUAT BEY,FUATBEY,2018-11-01,unmatched_outside_coverage,1,5063.0,0,UNMATCHED-FUATBEY-20181101,,,
ALCYONE I,ALCYONEI,2018-11-02,unmatched_outside_coverage,2,17801.0,0,UNMATCHED-ALCYONEI-20181102,,,
FUAT BEY,FUATBEY,2018-11-02,unmatched_outside_coverage,1,8594.0,0,UNMATCHED-FUATBEY-20181102,,,
SBI BOLERO,SBIBOLERO,2018-11-02,unmatched_outside_coverage,2,73165.0,0,UNMATCHED-SBIBOLERO-20181102,,,
SEA IRIS,SEAIRIS,2018-11-02,unmatched_outside_coverage,1,11000.0,0,UNMATCHED-SEAIRIS-20181102,,,
SE MARINA,SEMARINA,2018-11-02,unmatched_outside_coverage,1,31709.0,0,UNMATCHED-SEMARINA-20181102,,,
SIDER MIAMI,SIDERMIAMI,2018-11-02,unmatched_outside_coverage,1,27900.0,0,UNMATCHED-SIDERMIAMI-20181102,,,
SKAWA,SKAWA,2018-11-02,unmatched_outside_coverage,1,800.0,0,UNMATCHED-SKAWA-20181102,,,
ALCYONE I,ALCYONEI,2018-11-03,unmatched_outside_coverage,1,16499.0,0,UNMATCHED-ALCYONEI-20181103,,,
AVENTICUM,AVENTICUM,2018-11-03,unmatched_outside_coverage,1,40296.0,0,UNMATCHED-AVENTICUM-20181103,,,
JAEGER,JAEGER,2018-11-03,unmatched_outside_coverage,1,8020.0,0,UNMATCHED-JAEGER-20181103,,,
MARIA,MARIA,2018-11-03,unmatched_outside_coverage,1,58508.0,0,UNMATCHED-MARIA-20181103,,,
NORD SIRIUS,NORDSIRIUS,2018-11-03,unmatched_outside_coverage,1,66741.0,0,UNMATCHED-NORDSIRIUS-20181103,,,
OLZA,OLZA,2018-11-03,unmatched_outside_coverage,1,7800.0,0,UNMATCHED-OLZA-20181103,,,
RICH WAVE,RICHWAVE,2018-11-03,unmatched_outside_coverage,3,14083.0,0,UNMATCHED-RICHWAVE-20181103,,,
SEA IRIS,SEAIRIS,2018-11-03,unmatched_outside_coverage,1,39774.0,0,UNMATCHED-SEAIRIS-20181103,,,
SKAWA,SKAWA,2018-11-03,unmatched_outside_coverage,3,15062.0,0,UNMATCHED-SKAWA-20181103,,,
CHLOE,CHLOE,2018-11-04,unmatched_outside_coverage,1,71524.0,0,UNMATCHED-CHLOE-20181104,,,
GOLDEN GLORY,GOLDENGLORY,2018-11-04,unmatched_outside_coverage,1,56100.0,0,UNMATCHED-GOLDENGLORY-20181104,,,
ICY BAY,ICYBAY,2018-11-04,unmatched_outside_coverage,1,28450.0,0,UNMATCHED-ICYBAY-20181104,,,
RICH WAVE,RICHWAVE,2018-11-04,unmatched_outside_coverage,4,46435.0,0,UNMATCHED-RICHWAVE-20181104,,,
YOGA,YOGA,2018-11-04,unmatched_outside_coverage,1,58801.0,0,UNMATCHED-YOGA-20181104,,,
AMSTEL STORK,AMSTELSTORK,2018-11-05,unmatched_outside_coverage,1,46534.0,0,UNMATCHED-AMSTELSTORK-20181105,,,
AP SVETI VLAHO,APSVETIVLAHO,2018-11-05,unmatched_outside_coverage,1,33001.0,0,UNMATCHED-APSVETIVLAHO-20181105,,,
BALTIC ACE,BALTICACE,2018-11-05,unmatched_outside_coverage,1,26263.0,0,UNMATCHED-BALTICACE-20181105,,,
COLUMBA,COLUMBA,2018-11-05,unmatched_outside_coverage,1,27802.0,0,UNMATCHED-COLUMBA-20181105,,,
EMERALD BAY,EMERALDBAY,2018-11-05,unmatched_outside_coverage,1,13520.0,0,UNMATCHED-EMERALDBAY-20181105,,,
JAEGER,JAEGER,2018-11-05,unmatched_outside_coverage,1,27152.0,0,UNMATCHED-JAEGER-20181105,,,
COLUMBA,COLUMBA,2018-11-06,unmatched_outside_coverage,1,3278.0,0,UNMATCHED-COLUMBA-20181106,,,
LENI SELMER,LENISELMER,2018-11-06,unmatched_outside_coverage,1,26556.0,0,UNMATCHED-LENISELMER-20181106,,,
PATROKLOS,PATROKLOS,2018-11-06,unmatched_outside_coverage,1,70942.0,0,UNMATCHED-PATROKLOS-20181106,,,
SEABONI,SEABONI,2018-11-06,unmatched_outside_coverage,1,54991.0,0,UNMATCHED-SEABONI-20181106,,,
V UNO,VUNO,2018-11-06,unmatched_outside_coverage,1,27799.0,0,UNMATCHED-VUNO-20181106,,,
ALITHIA,ALITHIA,2018-11-07,unmatched_outside_coverage,1,32009.0,0,UNMATCHED-ALITHIA-20181107,,,
NEW PRESTIGE,NEWPRESTIGE,2018-11-07,unmatched_outside_coverage,1,71932.0,0,UNMATCHED-NEWPRESTIGE-20181107,,,
PUGET SOUND,PUGETSOUND,2018-11-07,unmatched_outside_coverage,1,30211.0,0,UNMATCHED-PUGETSOUND-20181107,,,
SAKIZAYA DIAMOND,SAKIZAYADIAMOND,2018-11-07,unmatched_outside_coverage,1,69111.0,0,UNMATCHED-SAKIZAYADIAMOND-20181107,,,
TRANS AFRICA,TRANSAFRICA,2018-11-07,unmatched_outside_coverage,1,72100.0,0,UNMATCHED-TRANSAFRICA-20181107,,,
ZINA,ZINA,2018-11-07,unmatched_outside_coverage,1,32217.0,0,UNMATCHED-ZINA-20181107,,,
CALM BAY,CALMBAY,2018-11-08,unmatched_outside_coverage,1,29997.0,0,UNMATCHED-CALMBAY-20181108,,,
MONTEREY BAY,MONTEREYBAY,2018-11-08,unmatched_outside_coverage,1,32276.0,0,UNMATCHED-MONTEREYBAY-20181108,,,
NORDIC INCHEON,NORDICINCHEON,2018-11-08,unmatched_outside_coverage,1,32998.0,0,UNMATCHED-NORDICINCHEON-20181108,,,
QUEEN BUSAN,QUEENBUSAN,2018-11-08,unmatched_outside_coverage,2,43450.0,0,UNMATCHED-QUEENBUSAN-20181108,,,
AFRICAN AVOCET,AFRICANAVOCET,2018-11-09,unmatched_outside_coverage,1,43290.0,0,UNMATCHED-AFRICANAVOCET-20181109,,,
ATLANTIC GLORY,ATLANTICGLORY,2018-11-10,unmatched_outside_coverage,1,22000.0,0,UNMATCHED-ATLANTICGLORY-20181110,,,
ECO,ECO,2018-11-10,unmatched_outside_coverage,1,57460.0,0,UNMATCHED-ECO-20181110,,,
GREENERY SEA,GREENERYSEA,2018-11-10,unmatched_outside_coverage,1,26456.0,0,UNMATCHED-GREENERYSEA-20181110,,,
NEFELI,NEFELI,2018-11-10,unmatched_outside_coverage,1,56443.0,0,UNMATCHED-NEFELI-20181110,,,
NEW LONDON EAGLE,NEWLONDONEAGLE,2018-11-10,unmatched_outside_coverage,2,34063.0,0,UNMATCHED-NEWLONDONEAGLE-20181110,,,
NIKKEI PROGRESSO,NIKKEIPROGRESSO,2018-11-10,unmatched_outside_coverage,2,45232.0,0,UNMATCHED-NIKKEIPROGRESSO-20181110,,,
ADVANCE,ADVANCE,2018-11-11,unmatched_outside_coverage,2,20432.0,0,UNMATCHED-ADVANCE-20181111,,,
ARMONIA A,ARMONIAA,2018-11-11,unmatched_outside_coverage,1,70681.0,0,UNMATCHED-ARMONIAA-20181111,,,
BBC NEPTUNE,BBCNEPTUNE,2018-11-11,unmatched_outside_coverage,1,32998.0,0,UNMATCHED-BBCNEPTUNE-20181111,,,
ELVIRA BULKER,ELVIRABULKER,2018-11-11,unmatched_outside_coverage,1,23224.0,0,UNMATCHED-ELVIRABULKER-20181111,,,
GUO QIANG 8,GUOQIANG8,2018-11-11,unmatched_outside_coverage,1,54998.0,0,UNMATCHED-GUOQIANG8-20181111,,,
JACOB SELMER,JACOBSELMER,2018-11-11,unmatched_outside_coverage,1,31685.0,0,UNMATCHED-JACOBSELMER-20181111,,,
OCEAN BELT,OCEANBELT,2018-11-11,unmatched_outside_coverage,1,58637.0,0,UNMATCHED-OCEANBELT-20181111,,,
ODIGITRIA,ODIGITRIA,2018-11-11,unmatched_outside_coverage,1,29148.0,0,UNMATCHED-ODIGITRIA-20181111,,,
AEOLIAN FORTUNE,AEOLIANFORTUNE,2018-11-12,unmatched_outside_coverage,1,70750.0,0,UNMATCHED-AEOLIANFORTUNE-20181112,,,
FENG DE HAI,FENGDEHAI,2018-11-12,unmatched_outside_coverage,1,42508.0,0,UNMATCHED-FENGDEHAI-20181112,,,
NAUTICAL MADISON,NAUTICALMADISON,2018-11-12,unmatched_outside_coverage,1,7650.0,0,UNMATCHED-NAUTICALMADISON-20181112,,,
ODIGITRIA,ODIGITRIA,2018-11-12,unmatched_outside_coverage,1,14600.0,0,UNMATCHED-ODIGITRIA-20181112,,,
ADVANCE,ADVANCE,2018-11-13,unmatched_outside_coverage,2,29116.0,0,UNMATCHED-ADVANCE-20181113,,,
BALTIC COVE,BALTICCOVE,2018-11-13,unmatched_outside_coverage,1,32800.0,0,UNMATCHED-BALTICCOVE-20181113,,,
IMPRESSION BAY,IMPRESSIONBAY,2018-11-13,unmatched_outside_coverage,1,4400.0,0,UNMATCHED-IMPRESSIONBAY-20181113,,,
NAUTICAL MADISON,NAUTICALMADISON,2018-11-13,unmatched_outside_coverage,1,4500.0,0,UNMATCHED-NAUTICALMADISON-20181113,,,
AMIS DOLPHIN,AMISDOLPHIN,2018-11-14,unmatched_outside_coverage,1,55420.0,0,UNMATCHED-AMISDOLPHIN-20181114,,,
AN YUAN,ANYUAN,2018-11-14,unmatched_outside_coverage,2,45859.0,0,UNMATCHED-ANYUAN-20181114,,,
AREQUIPA QUEEN,AREQUIPAQUEEN,2018-11-14,unmatched_outside_coverage,1,10999.0,0,UNMATCHED-AREQUIPAQUEEN-20181114,,,
BULK ARGENTINA,BULKARGENTINA,2018-11-14,unmatched_outside_coverage,1,40778.0,0,UNMATCHED-BULKARGENTINA-20181114,,,
IMPRESSION BAY,IMPRESSIONBAY,2018-11-14,unmatched_outside_coverage,2,6830.0,0,UNMATCHED-IMPRESSIONBAY-20181114,,,
JAMES BAY,JAMESBAY,2018-11-14,unmatched_outside_coverage,1,32999.0,0,UNMATCHED-JAMESBAY-20181114,,,
PAC DUBHE,PACDUBHE,2018-11-14,unmatched_outside_coverage,1,24288.0,0,UNMATCHED-PACDUBHE-20181114,,,
TOMINI PROSPERITY,TOMINIPROSPERITY,2018-11-14,unmatched_outside_coverage,1,52127.0,0,UNMATCHED-TOMINIPROSPERITY-20181114,,,
BANSUI,BANSUI,2018-11-15,unmatched_outside_coverage,1,8799.0,0,UNMATCHED-BANSUI-20181115,,,
INTERLINK AUDACITY,INTERLINKAUDACITY,2018-11-15,unmatched_outside_coverage,1,15062.0,0,UNMATCHED-INTERLINKAUDACITY-20181115,,,
NAUTICAL MADISON,NAUTICALMADISON,2018-11-15,unmatched_outside_coverage,1,33700.0,0,UNMATCHED-NAUTICALMADISON-20181115,,,
SANTA GRACIELA,SANTAGRACIELA,2018-11-15,unmatched_outside_coverage,1,70732.0,0,UNMATCHED-SANTAGRACIELA-20181115,,,
SBI POSEIDON,SBIPOSEIDON,2018-11-15,unmatched_outside_coverage,1,14940.0,0,UNMATCHED-SBIPOSEIDON-20181115,,,
SE KELLY,SEKELLY,2018-11-15,unmatched_outside_coverage,1,32999.0,0,UNMATCHED-SEKELLY-20181115,,,
UBC SANTOS,UBCSANTOS,2018-11-15,unmatched_outside_coverage,1,18015.0,0,UNMATCHED-UBCSANTOS-20181115,,,
AFRICAN JOSEPH R,AFRICANJOSEPHR,2018-11-16,unmatched_outside_coverage,1,4640.0,0,UNMATCHED-AFRICANJOSEPHR-20181116,,,
AMS PEGASUS III,AMSPEGASUSIII,2018-11-16,unmatched_outside_coverage,1,38461.0,0,UNMATCHED-AMSPEGASUSIII-20181116,,,
BANSUI,BANSUI,2018-11-16,unmatched_outside_coverage,1,35415.0,0,UNMATCHED-BANSUI-20181116,,,
BOSTON HARMONY,BOSTONHARMONY,2018-11-16,unmatched_outside_coverage,2,34847.0,0,UNMATCHED-BOSTONHARMONY-20181116,,,
DAPHNE,DAPHNE,2018-11-16,unmatched_outside_coverage,3,54705.0,0,UNMATCHED-DAPHNE-20181116,,,
INTERLINK AUDACITY,INTERLINKAUDACITY,2018-11-16,unmatched_outside_coverage,1,5279.0,0,UNMATCHED-INTERLINKAUDACITY-20181116,,,
TIGER WEST,TIGERWEST,2018-11-16,unmatched_outside_coverage,1,65924.0,0,UNMATCHED-TIGERWEST-20181116,,,
AFRICAN JOSEPH R,AFRICANJOSEPHR,2018-11-17,unmatched_outside_coverage,1,13025.0,0,UNMATCHED-AFRICANJOSEPHR-20181117,,,
AFRICAN STARLING,AFRICANSTARLING,2018-11-17,unmatched_outside_coverage,2,34311.0,0,UNMATCHED-AFRICANSTARLING-20181117,,,
CHRISTINAB,CHRISTINAB,2018-11-17,unmatched_outside_coverage,1,40597.0,0,UNMATCHED-CHRISTINAB-20181117,,,
INTREPID EAGLE,INTREPIDEAGLE,2018-11-17,unmatched_outside_coverage,2,25861.0,0,UNMATCHED-INTREPIDEAGLE-20181117,,,
SBI POSEIDON,SBIPOSEIDON,2018-11-17,unmatched_outside_coverage,1,28780.0,0,UNMATCHED-SBIPOSEIDON-20181117,,,
VIRGO COLOSSUS,VIRGOCOLOSSUS,2018-11-17,unmatched_outside_coverage,1,32504.0,0,UNMATCHED-VIRGOCOLOSSUS-20181117,,,
ATLANTIC ENSENADA,ATLANTICENSENADA,2018-11-18,unmatched_outside_coverage,1,49714.0,0,UNMATCHED-ATLANTICENSENADA-20181118,,,
INTERLINK PRIORITY,INTERLINKPRIORITY,2018-11-18,unmatched_outside_coverage,2,36773.0,0,UNMATCHED-INTERLINKPRIORITY-20181118,,,
SBI ORION,SBIORION,2018-11-18,unmatched_outside_coverage,1,56127.0,0,UNMATCHED-SBIORION-20181118,,,
UBC BALBOA,UBCBALBOA,2018-11-18,unmatched_outside_coverage,2,21264.0,0,UNMATCHED-UBCBALBOA-20181118,,,
ULTRA ROCANVILLE,ULTRAROCANVILLE,2018-11-18,unmatched_outside_coverage,1,48400.0,0,UNMATCHED-ULTRAROCANVILLE-20181118,,,
BERGE BEN NEVIS,BERGEBENNEVIS,2018-11-19,unmatched_outside_coverage,1,12493.0,0,UNMATCHED-BERGEBENNEVIS-20181119,,,
BERGEN,BERGEN,2018-11-19,unmatched_outside_coverage,1,55236.0,0,UNMATCHED-BERGEN-20181119,,,
BONA,BONA,2018-11-19,unmatched_outside_coverage,1,18099.0,0,UNMATCHED-BONA-20181119,,,
GRACE C,GRACEC,2018-11-19,unmatched_outside_coverage,1,33739.0,0,UNMATCHED-GRACEC-20181119,,,
KOUSHUN,KOUSHUN,2018-11-19,unmatched_outside_coverage,3,50020.0,0,UNMATCHED-KOUSHUN-20181119,,,
STELLAR EAGLE,STELLAREAGLE,2018-11-19,unmatched_outside_coverage,1,34618.0,0,UNMATCHED-STELLAREAGLE-20181119,,,
DESERT GLORY,DESERTGLORY,2018-11-20,unmatched_outside_coverage,1,23505.0,0,UNMATCHED-DESERTGLORY-20181120,,,
IMPERIAL EAGLE,IMPERIALEAGLE,2018-11-20,unmatched_outside_coverage,1,5400.0,0,UNMATCHED-IMPERIALEAGLE-20181120,,,
KAMBOS,KAMBOS,2018-11-20,unmatched_outside_coverage,2,46057.0,0,UNMATCHED-KAMBOS-20181120,,,
NAESS INTREPID,NAESSINTREPID,2018-11-20,unmatched_outside_coverage,4,49229.0,0,UNMATCHED-NAESSINTREPID-20181120,,,
SANTA ALEXANDRA,SANTAALEXANDRA,2018-11-20,unmatched_outside_coverage,1,58281.0,0,UNMATCHED-SANTAALEXANDRA-20181120,,,
BI JIA SHAN,BIJIASHAN,2018-11-21,unmatched_outside_coverage,1,52050.0,0,UNMATCHED-BIJIASHAN-20181121,,,
EQUINOX DAWN,EQUINOXDAWN,2018-11-21,unmatched_outside_coverage,1,41999.0,0,UNMATCHED-EQUINOXDAWN-20181121,,,
GNG CONCORD 1,GNGCONCORD1,2018-11-21,unmatched_outside_coverage,1,64896.0,0,UNMATCHED-GNGCONCORD1-20181121,,,
IMPERIAL EAGLE,IMPERIALEAGLE,2018-11-21,unmatched_outside_coverage,1,18272.0,0,UNMATCHED-IMPERIALEAGLE-20181121,,,
JAEGER,JAEGER,2018-11-21,unmatched_outside_coverage,1,28389.0,0,UNMATCHED-JAEGER-20181121,,,
SITC ZHOUSHAN,SITCZHOUSHAN,2018-11-21,unmatched_outside_coverage,1,65667.0,0,UNMATCHED-SITCZHOUSHAN-20181121,,,
UBC TAMPA,UBCTAMPA,2018-11-21,unmatched_outside_coverage,1,16423.0,0,UNMATCHED-UBCTAMPA-20181121,,,
UNION VOYAGER,UNIONVOYAGER,2018-11-21,unmatched_outside_coverage,1,9975.0,0,UNMATCHED-UNIONVOYAGER-20181121,,,
ALORA,ALORA,2018-11-22,unmatched_outside_coverage,1,56085.0,0,UNMATCHED-ALORA-20181122,,,
CLIPPER BETTINA,CLIPPERBETTINA,2018-11-22,unmatched_outside_coverage,1,33449.0,0,UNMATCHED-CLIPPERBETTINA-20181122,,,
GREAT 61,GREAT61,2018-11-22,unmatched_outside_coverage,2,52383.0,0,UNMATCHED-GREAT61-20181122,,,
THOMAS C,THOMASC,2018-11-22,unmatched_outside_coverage,3,20726.0,0,UNMATCHED-THOMASC-20181122,,,
UBC TAMPA,UBCTAMPA,2018-11-22,unmatched_outside_coverage,1,18775.0,0,UNMATCHED-UBCTAMPA-20181122,,,
BUNUN FORTUNE,BUNUNFORTUNE,2018-11-23,unmatched_outside_coverage,1,33668.0,0,UNMATCHED-BUNUNFORTUNE-20181123,,,
KING COFFEE,KINGCOFFEE,2018-11-23,unmatched_outside_coverage,1,31207.0,0,UNMATCHED-KINGCOFFEE-20181123,,,
SBI RUMBA,SBIRUMBA,2018-11-23,unmatched_outside_coverage,1,71999.0,0,UNMATCHED-SBIRUMBA-20181123,,,
UBC BREMEN,UBCBREMEN,2018-11-23,unmatched_outside_coverage,1,12009.0,0,UNMATCHED-UBCBREMEN-20181123,,,
BULK ATACAMA,BULKATACAMA,2018-11-24,unmatched_outside_coverage,2,48726.0,0,UNMATCHED-BULKATACAMA-20181124,,,
ICY BAY,ICYBAY,2018-11-24,unmatched_outside_coverage,1,35868.0,0,UNMATCHED-ICYBAY-20181124,,,
PORT ORIENT,PORTORIENT,2018-11-24,unmatched_outside_coverage,2,52506.0,0,UNMATCHED-PORTORIENT-20181124,,,
UBC TARRAGONA,UBCTARRAGONA,2018-11-24,unmatched_outside_coverage,2,36323.0,0,UNMATCHED-UBCTARRAGONA-20181124,,,
EOS VICTORY,EOSVICTORY,2018-11-25,unmatched_outside_coverage,1,30799.0,0,UNMATCHED-EOSVICTORY-20181125,,,
HALKI,HALKI,2018-11-25,unmatched_outside_coverage,1,22748.0,0,UNMATCHED-HALKI-20181125,,,
KING BATON ROUGE,KINGBATONROUGE,2018-11-25,unmatched_outside_coverage,1,39313.0,0,UNMATCHED-KINGBATONROUGE-20181125,,,
KMARIN GENOA,KMARINGENOA,2018-11-25,unmatched_outside_coverage,2,28731.0,0,UNMATCHED-KMARINGENOA-20181125,,,
MELINDA,MELINDA,2018-11-25,unmatched_outside_coverage,1,40120.0,0,UNMATCHED-MELINDA-20181125,,,
TIZIANA,TIZIANA,2018-11-25,unmatched_outside_coverage,1,23130.0,0,UNMATCHED-TIZIANA-20181125,,,
FENG MAO HAI,FENGMAOHAI,2018-11-26,unmatched_outside_coverage,1,46840.0,0,UNMATCHED-FENGMAOHAI-20181126,,,
MARATHA PRUDENCE,MARATHAPRUDENCE,2018-11-26,unmatched_outside_coverage,1,28710.0,0,UNMATCHED-MARATHAPRUDENCE-20181126,,,
NAVIOS GALILEO,NAVIOSGALILEO,2018-11-26,unmatched_outside_coverage,1,66437.0,0,UNMATCHED-NAVIOSGALILEO-20181126,,,
SAM LION,SAMLION,2018-11-26,unmatched_outside_coverage,1,52141.0,0,UNMATCHED-SAMLION-20181126,,,
STAR LUNA,STARLUNA,2018-11-26,unmatched_outside_coverage,1,73087.0,0,UNMATCHED-STARLUNA-20181126,,,
UBC SAGUNTO,UBCSAGUNTO,2018-11-26,unmatched_outside_coverage,1,20295.0,0,UNMATCHED-UBCSAGUNTO-20181126,,,
UBC STAVANGER,UBCSTAVANGER,2018-11-26,unmatched_outside_coverage,1,4591.0,0,UNMATCHED-UBCSTAVANGER-20181126,,,
STARA PLANINA,STARAPLANINA,2018-11-27,unmatched_outside_coverage,1,38245.0,0,UNMATCHED-STARAPLANINA-20181127,,,
TRANSCENDEN TIME,TRANSCENDENTIME,2018-11-27,unmatched_outside_coverage,1,28124.0,0,UNMATCHED-TRANSCENDENTIME-20181127,,,
TRUSTN TRADER I,TRUSTNTRADERI,2018-11-27,unmatched_outside_coverage,1,32406.0,0,UNMATCHED-TRUSTNTRADERI-20181127,,,
UBC STAVANGER,UBCSTAVANGER,2018-11-27,unmatched_outside_coverage,1,18619.0,0,UNMATCHED-UBCSTAVANGER-20181127,,,
V UNO,VUNO,2018-11-27,unmatched_outside_coverage,1,36300.0,0,UNMATCHED-VUNO-20181127,,,
AFRICAN LUNDE,AFRICANLUNDE,2018-11-28,unmatched_outside_coverage,1,41745.0,0,UNMATCHED-AFRICANLUNDE-20181128,,,
CHIOS LUCK,CHIOSLUCK,2018-11-28,unmatched_outside_coverage,2,13202.0,0,UNMATCHED-CHIOSLUCK-20181128,,,
DAYANG CONFIDENCE,DAYANGCONFIDENCE,2018-11-28,unmatched_outside_coverage,1,55706.0,0,UNMATCHED-DAYANGCONFIDENCE-20181128,,,
INTERLINK PROBITY,INTERLINKPROBITY,2018-11-28,unmatched_outside_coverage,1,35032.0,0,UNMATCHED-INTERLINKPROBITY-20181128,,,
MEDI PERTH,MEDIPERTH,2018-11-28,unmatched_outside_coverage,3,47598.0,0,UNMATCHED-MEDIPERTH-20181128,,,
ROADRUNNER BULKER,ROADRUNNERBULKER,2018-11-28,unmatched_outside_coverage,2,39302.0,0,UNMATCHED-ROADRUNNERBULKER-20181128,,,
UBC TOKYO,UBCTOKYO,2018-11-28,unmatched_outside_coverage,1,28139.0,0,UNMATCHED-UBCTOKYO-20181128,,,
VSC TRITON,VSCTRITON,2018-11-28,unmatched_outside_coverage,1,49118.0,0,UNMATCHED-VSCTRITON-20181128,,,
BALTIC ACE,BALTICACE,2018-11-29,unmatched_outside_coverage,1,30330.0,0,UNMATCHED-BALTICACE-20181129,,,
IRIS BLISS,IRISBLISS,2018-11-29,unmatched_outside_coverage,1,71244.0,0,UNMATCHED-IRISBLISS-20181129,,,
MEDI PERTH,MEDIPERTH,2018-11-29,unmatched_outside_coverage,1,8250.0,0,UNMATCHED-MEDIPERTH-20181129,,,
OCEAN INNOVATION,OCEANINNOVATION,2018-11-29,unmatched_outside_coverage,2,30478.0,0,UNMATCHED-OCEANINNOVATION-20181129,,,
OLZA,OLZA,2018-11-29,unmatched_outside_coverage,1,9744.0,0,UNMATCHED-OLZA-20181129,,,
PLUTO,PLUTO,2018-11-29,unmatched_outside_coverage,1,19583.0,0,UNMATCHED-PLUTO-20181129,,,
ROADRUNNER BULKER,ROADRUNNERBULKER,2018-11-29,unmatched_outside_coverage,1,7136.0,0,UNMATCHED-ROADRUNNERBULKER-20181129,,,
TRUSTN TRADER I,TRUSTNTRADERI,2018-11-29,unmatched_outside_coverage,1,28501.0,0,UNMATCHED-TRUSTNTRADERI-20181129,,,
KIRAN ADRIATIC,KIRANADRIATIC,2018-11-30,unmatched_outside_coverage,1,56483.0,0,UNMATCHED-KIRANADRIATIC-20181130,,,
MEDI CHIBA,MEDICHIBA,2018-11-30,unmatched_outside_coverage,1,75010.0,0,UNMATCHED-MEDICHIBA-20181130,,,
GENCO RHONE,GENCORHONE,2018-12-01,unmatched_outside_coverage,2,34029.0,0,UNMATCHED-GENCORHONE-20181201,,,
ATLANTIC MANZANILLO,ATLANTICMANZANILLO,2018-12-02,unmatched_outside_coverage,1,59242.0,0,UNMATCHED-ATLANTICMANZANILLO-20181202,,,
BOSTON HARMONY,BOSTONHARMONY,2018-12-02,unmatched_outside_coverage,1,28597.0,0,UNMATCHED-BOSTONHARMONY-20181202,,,
CMB WEIHAI,CMBWEIHAI,2018-12-02,unmatched_outside_coverage,1,21886.0,0,UNMATCHED-CMBWEIHAI-20181202,,,
GREENERY SEA,GREENERYSEA,2018-12-02,unmatched_outside_coverage,3,18594.0,0,UNMATCHED-GREENERYSEA-20181202,,,
PRETTY UNIVERSE,PRETTYUNIVERSE,2018-12-02,unmatched_outside_coverage,1,32999.0,0,UNMATCHED-PRETTYUNIVERSE-20181202,,,
STAMINA SW,STAMINASW,2018-12-02,unmatched_outside_coverage,2,11172.0,0,UNMATCHED-STAMINASW-20181202,,,
TIGER EAST,TIGEREAST,2018-12-02,unmatched_outside_coverage,1,66725.0,0,UNMATCHED-TIGEREAST-20181202,,,
ZEN-NOH GRAIN PEGASUS,ZENNOHGRAINPEGASUS,2018-12-02,unmatched_outside_coverage,3,12361.0,0,UNMATCHED-ZENNOHGRAINPEGASUS-20181202,,,
ONEGO ROTTERDAM,ONEGOROTTERDAM,2018-12-03,unmatched_outside_coverage,1,4000.0,0,UNMATCHED-ONEGOROTTERDAM-20181203,,,
PEDHOULAS ROSE,PEDHOULASROSE,2018-12-03,unmatched_outside_coverage,1,67448.0,0,UNMATCHED-PEDHOULASROSE-20181203,,,
STAMINA SW,STAMINASW,2018-12-03,unmatched_outside_coverage,1,14586.0,0,UNMATCHED-STAMINASW-20181203,,,
STAR SUZANNA,STARSUZANNA,2018-12-03,unmatched_outside_coverage,1,66148.0,0,UNMATCHED-STARSUZANNA-20181203,,,
ZEN-NOH GRAIN PEGASUS,ZENNOHGRAINPEGASUS,2018-12-03,unmatched_outside_coverage,2,33591.0,0,UNMATCHED-ZENNOHGRAINPEGASUS-20181203,,,
ATHINOULA,ATHINOULA,2018-12-04,unmatched_outside_coverage,1,71464.0,0,UNMATCHED-ATHINOULA-20181204,,,
ATLANTIC GRACE,ATLANTICGRACE,2018-12-04,unmatched_outside_coverage,1,10958.0,0,UNMATCHED-ATLANTICGRACE-20181204,,,
BEN WYVIS,BENWYVIS,2018-12-04,unmatched_outside_coverage,1,22526.0,0,UNMATCHED-BENWYVIS-20181204,,,
AMIS ELEGANCE,AMISELEGANCE,2018-12-05,unmatched_outside_coverage,1,51515.0,0,UNMATCHED-AMISELEGANCE-20181205,,,
ATROTOS HERACLES,ATROTOSHERACLES,2018-12-05,unmatched_outside_coverage,1,70466.0,0,UNMATCHED-ATROTOSHERACLES-20181205,,,
BAO RESOURCE,BAORESOURCE,2018-12-05,unmatched_outside_coverage,1,19900.0,0,UNMATCHED-BAORESOURCE-20181205,,,
BW CANOLA,BWCANOLA,2018-12-05,unmatched_outside_coverage,1,71495.0,0,UNMATCHED-BWCANOLA-20181205,,,
FAIR OCEAN,FAIROCEAN,2018-12-05,unmatched_outside_coverage,2,17592.0,0,UNMATCHED-FAIROCEAN-20181205,,,
FOREVER SW,FOREVERSW,2018-12-05,unmatched_outside_coverage,1,38167.0,0,UNMATCHED-FOREVERSW-20181205,,,
SUMAQ QUEEN,SUMAQQUEEN,2018-12-05,unmatched_outside_coverage,1,44961.0,0,UNMATCHED-SUMAQQUEEN-20181205,,,
TOMORROW,TOMORROW,2018-12-05,unmatched_outside_coverage,1,2651.0,0,UNMATCHED-TOMORROW-20181205,,,
ATLANTIC ENSENADA,ATLANTICENSENADA,2018-12-06,unmatched_outside_coverage,1,28929.0,0,UNMATCHED-ATLANTICENSENADA-20181206,,,
BAO RESOURSE,BAORESOURSE,2018-12-06,unmatched_outside_coverage,1,6413.0,0,UNMATCHED-BAORESOURSE-20181206,,,
PEDHOULAS TRADER,PEDHOULASTRADER,2018-12-06,unmatched_outside_coverage,1,68911.0,0,UNMATCHED-PEDHOULASTRADER-20181206,,,
ROSINA TOPIC,ROSINATOPIC,2018-12-06,unmatched_outside_coverage,1,27645.0,0,UNMATCHED-ROSINATOPIC-20181206,,,
TOMORROW,TOMORROW,2018-12-06,unmatched_outside_coverage,2,46703.0,0,UNMATCHED-TOMORROW-20181206,,,
ATLANTIC ENSENADA,ATLANTICENSENADA,2018-12-07,unmatched_outside_coverage,1,15399.0,0,UNMATCHED-ATLANTICENSENADA-20181207,,,
GREAT MIND,GREATMIND,2018-12-07,unmatched_outside_coverage,1,65447.0,0,UNMATCHED-GREATMIND-20181207,,,
NEW LONDON EAGLE,NEWLONDONEAGLE,2018-12-07,unmatched_outside_coverage,1,15788.0,0,UNMATCHED-NEWLONDONEAGLE-20181207,,,
ROSINA TOPIC,ROSINATOPIC,2018-12-07,unmatched_outside_coverage,1,14067.0,0,UNMATCHED-ROSINATOPIC-20181207,,,
YANGTZE GRACE,YANGTZEGRACE,2018-12-07,unmatched_outside_coverage,1,11183.0,0,UNMATCHED-YANGTZEGRACE-20181207,,,
AQUALEO,AQUALEO,2018-12-08,unmatched_outside_coverage,1,31765.0,0,UNMATCHED-AQUALEO-20181208,,,
AQUALEO,AQUALEO,2018-12-09,unmatched_outside_coverage,1,16225.0,0,UNMATCHED-AQUALEO-20181209,,,
CALIPSO,CALIPSO,2018-12-09,unmatched_outside_coverage,1,56901.0,0,UNMATCHED-CALIPSO-20181209,,,
CLOVER,CLOVER,2018-12-09,unmatched_outside_coverage,2,52422.0,0,UNMATCHED-CLOVER-20181209,,,
NEW LONDON EAGLE,NEWLONDONEAGLE,2018-12-09,unmatched_outside_coverage,1,5355.0,0,UNMATCHED-NEWLONDONEAGLE-20181209,,,
PANWORLD,PANWORLD,2018-12-09,unmatched_outside_coverage,1,47764.0,0,UNMATCHED-PANWORLD-20181209,,,
SREDNA GORA,SREDNAGORA,2018-12-09,unmatched_outside_coverage,1,33900.0,0,UNMATCHED-SREDNAGORA-20181209,,,
TD HAMBURG,TDHAMBURG,2018-12-09,unmatched_outside_coverage,3,51805.0,0,UNMATCHED-TDHAMBURG-20181209,,,
DANAE R,DANAER,2018-12-10,unmatched_outside_coverage,1,59364.0,0,UNMATCHED-DANAER-20181210,,,
HARVEST RAIN,HARVESTRAIN,2018-12-10,unmatched_outside_coverage,1,83274.0,0,UNMATCHED-HARVESTRAIN-20181210,,,
NAVIOS CELESTIAL,NAVIOSCELESTIAL,2018-12-10,unmatched_outside_coverage,3,50319.0,0,UNMATCHED-NAVIOSCELESTIAL-20181210,,,
RIJN CONFIDENCE,RIJNCONFIDENCE,2018-12-10,unmatched_outside_coverage,1,21001.0,0,UNMATCHED-RIJNCONFIDENCE-20181210,,,
GLOBAL LAGUNA,GLOBALLAGUNA,2018-12-11,unmatched_outside_coverage,2,6993.0,0,UNMATCHED-GLOBALLAGUNA-20181211,,,
NING TAI HAI,NINGTAIHAI,2018-12-11,unmatched_outside_coverage,1,48729.0,0,UNMATCHED-NINGTAIHAI-20181211,,,
RESTINGA,RESTINGA,2018-12-11,unmatched_outside_coverage,1,68199.0,0,UNMATCHED-RESTINGA-20181211,,,
STAR PISCES,STARPISCES,2018-12-11,unmatched_outside_coverage,1,43035.0,0,UNMATCHED-STARPISCES-20181211,,,
UBC BALBOA,UBCBALBOA,2018-12-11,unmatched_outside_coverage,2,19764.0,0,UNMATCHED-UBCBALBOA-20181211,,,
UBC BREMEN,UBCBREMEN,2018-12-11,unmatched_outside_coverage,2,13422.0,0,UNMATCHED-UBCBREMEN-20181211,,,
UBC SANTA MARTA,UBCSANTAMARTA,2018-12-11,unmatched_outside_coverage,1,7069.0,0,UNMATCHED-UBCSANTAMARTA-20181211,,,
UBC STAVANGER,UBCSTAVANGER,2018-12-11,unmatched_outside_coverage,1,27172.0,0,UNMATCHED-UBCSTAVANGER-20181211,,,
GLOBAL LAGUNA,GLOBALLAGUNA,2018-12-12,unmatched_outside_coverage,3,39583.0,0,UNMATCHED-GLOBALLAGUNA-20181212,,,
UBC SANTA MARTA,UBCSANTAMARTA,2018-12-12,unmatched_outside_coverage,1,23208.0,0,UNMATCHED-UBCSANTAMARTA-20181212,,,
UBC TAMPA,UBCTAMPA,2018-12-12,unmatched_outside_coverage,1,28598.0,0,UNMATCHED-UBCTAMPA-20181212,,,
AN YUAN,ANYUAN,2018-12-13,unmatched_outside_coverage,1,30661.0,0,UNMATCHED-ANYUAN-20181213,,,
BOSTON HARMONY,BOSTONHARMONY,2018-12-13,unmatched_outside_coverage,2,12090.0,0,UNMATCHED-BOSTONHARMONY-20181213,,,
BULK CASTOR,BULKCASTOR,2018-12-13,unmatched_outside_coverage,1,60100.0,0,UNMATCHED-BULKCASTOR-20181213,,,
IONIC PATRIS,IONICPATRIS,2018-12-13,unmatched_outside_coverage,1,40861.0,0,UNMATCHED-IONICPATRIS-20181213,,,
NING YUE HAI,NINGYUEHAI,2018-12-13,unmatched_outside_coverage,1,48927.0,0,UNMATCHED-NINGYUEHAI-20181213,,,
OCEAN FREEDOM,OCEANFREEDOM,2018-12-13,unmatched_outside_coverage,1,40194.0,0,UNMATCHED-OCEANFREEDOM-20181213,,,
QING YUN SHAN,QINGYUNSHAN,2018-12-13,unmatched_outside_coverage,1,56703.0,0,UNMATCHED-QINGYUNSHAN-20181213,,,
SPRING QUEEN,SPRINGQUEEN,2018-12-13,unmatched_outside_coverage,2,44965.0,0,UNMATCHED-SPRINGQUEEN-20181213,,,
UBC TARRAGONA,UBCTARRAGONA,2018-12-13,unmatched_outside_coverage,1,20999.0,0,UNMATCHED-UBCTARRAGONA-20181213,,,
UBC TORONTO,UBCTORONTO,2018-12-13,unmatched_outside_coverage,1,3870.0,0,UNMATCHED-UBCTORONTO-20181213,,,
V UNO,VUNO,2018-12-13,unmatched_outside_coverage,1,7140.0,0,UNMATCHED-VUNO-20181213,,,
BOSTON HARMONY,BOSTONHARMONY,2018-12-14,unmatched_outside_coverage,1,22822.0,0,UNMATCHED-BOSTONHARMONY-20181214,,,
ULTRA ANGEL,ULTRAANGEL,2018-12-14,unmatched_outside_coverage,1,8799.0,0,UNMATCHED-ULTRAANGEL-20181214,,,
V UNO,VUNO,2018-12-14,unmatched_outside_coverage,1,21955.0,0,UNMATCHED-VUNO-20181214,,,
MEDI PORTLAND,MEDIPORTLAND,2018-12-15,unmatched_outside_coverage,1,49874.0,0,UNMATCHED-MEDIPORTLAND-20181215,,,
OMICRON NIKOS,OMICRONNIKOS,2018-12-15,unmatched_outside_coverage,1,3436.0,0,UNMATCHED-OMICRONNIKOS-20181215,,,
PETRA,PETRA,2018-12-15,unmatched_outside_coverage,1,7986.0,0,UNMATCHED-PETRA-20181215,,,
ULTRA ANGEL,ULTRAANGEL,2018-12-15,unmatched_outside_coverage,1,46196.0,0,UNMATCHED-ULTRAANGEL-20181215,,,
BANZAI,BANZAI,2018-12-16,unmatched_outside_coverage,1,62994.0,0,UNMATCHED-BANZAI-20181216,,,
BULK ATACAMA,BULKATACAMA,2018-12-16,unmatched_outside_coverage,1,32519.0,0,UNMATCHED-BULKATACAMA-20181216,,,
CYMONA PROGRESS,CYMONAPROGRESS,2018-12-16,unmatched_outside_coverage,1,70709.0,0,UNMATCHED-CYMONAPROGRESS-20181216,,,
HOPA,HOPA,2018-12-16,unmatched_outside_coverage,2,44984.0,0,UNMATCHED-HOPA-20181216,,,
OMICRON NIKOS,OMICRONNIKOS,2018-12-16,unmatched_outside_coverage,3,54845.0,0,UNMATCHED-OMICRONNIKOS-20181216,,,
PETRA,PETRA,2018-12-16,unmatched_outside_coverage,1,7447.0,0,UNMATCHED-PETRA-20181216,,,
REUNION BAY,REUNIONBAY,2018-12-16,unmatched_outside_coverage,1,14500.0,0,UNMATCHED-REUNIONBAY-20181216,,,
SCYTHIA GRAECA,SCYTHIAGRAECA,2018-12-16,unmatched_outside_coverage,1,65102.0,0,UNMATCHED-SCYTHIAGRAECA-20181216,,,
ASIA SPIRIT,ASIASPIRIT,2018-12-17,unmatched_outside_coverage,1,22449.0,0,UNMATCHED-ASIASPIRIT-20181217,,,
BINNUR C,BINNURC,2018-12-17,unmatched_outside_coverage,1,29502.0,0,UNMATCHED-BINNURC-20181217,,,
COLUMBA,COLUMBA,2018-12-17,unmatched_outside_coverage,1,35004.0,0,UNMATCHED-COLUMBA-20181217,,,
KMARIN ULSAN,KMARINULSAN,2018-12-17,unmatched_outside_coverage,1,7950.0,0,UNMATCHED-KMARINULSAN-20181217,,,
NANTONG K,NANTONGK,2018-12-17,unmatched_outside_coverage,1,39818.0,0,UNMATCHED-NANTONGK-20181217,,,
CLIO,CLIO,2018-12-18,unmatched_outside_coverage,1,65107.0,0,UNMATCHED-CLIO-20181218,,,
FOREVER SW,FOREVERSW,2018-12-18,unmatched_outside_coverage,1,9640.0,0,UNMATCHED-FOREVERSW-20181218,,,
GENCO NORMANDY,GENCONORMANDY,2018-12-18,unmatched_outside_coverage,1,31130.0,0,UNMATCHED-GENCONORMANDY-20181218,,,
KMARIN ULSAN,KMARINULSAN,2018-12-18,unmatched_outside_coverage,2,38932.0,0,UNMATCHED-KMARINULSAN-20181218,,,
ROYAL JADE,ROYALJADE,2018-12-18,unmatched_outside_coverage,5,51296.0,0,UNMATCHED-ROYALJADE-20181218,,,
WULIN,WULIN,2018-12-18,unmatched_outside_coverage,1,36299.0,0,UNMATCHED-WULIN-20181218,,,
INTHIRA NAREE,INTHIRANAREE,2018-12-19,unmatched_outside_coverage,1,57145.0,0,UNMATCHED-INTHIRANAREE-20181219,,,
KMARIN ULSAN,KMARINULSAN,2018-12-19,unmatched_outside_coverage,1,3097.0,0,UNMATCHED-KMARINULSAN-20181219,,,
PACIFIC TALENT,PACIFICTALENT,2018-12-19,unmatched_outside_coverage,1,10128.0,0,UNMATCHED-PACIFICTALENT-20181219,,,
FOREVER SW,FOREVERSW,2018-12-20,unmatched_outside_coverage,1,11950.0,0,UNMATCHED-FOREVERSW-20181220,,,
NIREAS,NIREAS,2018-12-20,unmatched_outside_coverage,1,42087.0,0,UNMATCHED-NIREAS-20181220,,,
NORD BERING,NORDBERING,2018-12-20,unmatched_outside_coverage,1,58296.0,0,UNMATCHED-NORDBERING-20181220,,,
PACIFIC TALENT,PACIFICTALENT,2018-12-20,unmatched_outside_coverage,1,22330.0,0,UNMATCHED-PACIFICTALENT-20181220,,,
ASIA PEARL,ASIAPEARL,2018-12-21,unmatched_outside_coverage,1,31454.0,0,UNMATCHED-ASIAPEARL-20181221,,,
FORTUNE LADY,FORTUNELADY,2018-12-21,unmatched_outside_coverage,1,63227.0,0,UNMATCHED-FORTUNELADY-20181221,,,
HARVEST TIME,HARVESTTIME,2018-12-21,unmatched_outside_coverage,1,84540.0,0,UNMATCHED-HARVESTTIME-20181221,,,
OCEAN PRIDE,OCEANPRIDE,2018-12-21,unmatched_outside_coverage,1,62420.0,0,UNMATCHED-OCEANPRIDE-20181221,,,
ANNELISA,ANNELISA,2018-12-22,unmatched_outside_coverage,1,11501.0,0,UNMATCHED-ANNELISA-20181222,,,
ASAHI OCEAN,ASAHIOCEAN,2018-12-22,unmatched_outside_coverage,1,30442.0,0,UNMATCHED-ASAHIOCEAN-20181222,,,
CRIMSON KNIGHT,CRIMSONKNIGHT,2018-12-22,unmatched_outside_coverage,1,53716.0,0,UNMATCHED-CRIMSONKNIGHT-20181222,,,
DIAMOND LAND,DIAMONDLAND,2018-12-22,unmatched_outside_coverage,2,10828.0,0,UNMATCHED-DIAMONDLAND-20181222,,,
ELVIRA BULKER,ELVIRABULKER,2018-12-22,unmatched_outside_coverage,1,30443.0,0,UNMATCHED-ELVIRABULKER-20181222,,,
JAEGER,JAEGER,2018-12-22,unmatched_outside_coverage,1,19721.0,0,UNMATCHED-JAEGER-20181222,,,
LBC EARTH,LBCEARTH,2018-12-22,unmatched_outside_coverage,1,64974.0,0,UNMATCHED-LBCEARTH-20181222,,,
MAINE EHIME,MAINEEHIME,2018-12-22,unmatched_outside_coverage,1,9135.0,0,UNMATCHED-MAINEEHIME-20181222,,,
OSLO BULK 6,OSLOBULK6,2018-12-22,unmatched_outside_coverage,1,1400.0,0,UNMATCHED-OSLOBULK6-20181222,,,
GEMINI,GEMINI,2018-12-23,unmatched_outside_coverage,1,8800.0,0,UNMATCHED-GEMINI-20181223,,,
IKAN JERUNG,IKANJERUNG,2018-12-23,unmatched_outside_coverage,1,13040.0,0,UNMATCHED-IKANJERUNG-20181223,,,
MAINE EHIME,MAINEEHIME,2018-12-23,unmatched_outside_coverage,1,40509.0,0,UNMATCHED-MAINEEHIME-20181223,,,
NIKKEI DRAGON,NIKKEIDRAGON,2018-12-23,unmatched_outside_coverage,1,9900.0,0,UNMATCHED-NIKKEIDRAGON-20181223,,,
ORIENT TRADER,ORIENTTRADER,2018-12-23,unmatched_outside_coverage,1,20059.0,0,UNMATCHED-ORIENTTRADER-20181223,,,
OSLO BULK 6,OSLOBULK6,2018-12-23,unmatched_outside_coverage,1,5400.0,0,UNMATCHED-OSLOBULK6-20181223,,,
SINOP,SINOP,2018-12-23,unmatched_outside_coverage,1,52138.0,0,UNMATCHED-SINOP-20181223,,,
ALTAIR SKY,ALTAIRSKY,2018-12-24,unmatched_outside_coverage,1,42472.0,0,UNMATCHED-ALTAIRSKY-20181224,,,
BELLE PLAINE,BELLEPLAINE,2018-12-24,unmatched_outside_coverage,1,21769.0,0,UNMATCHED-BELLEPLAINE-20181224,,,
GEMINI,GEMINI,2018-12-24,unmatched_outside_coverage,2,21770.0,0,UNMATCHED-GEMINI-20181224,,,
GREAT PIONEER,GREATPIONEER,2018-12-24,unmatched_outside_coverage,1,54999.0,0,UNMATCHED-GREATPIONEER-20181224,,,
IKAN JERUNG,IKANJERUNG,2018-12-24,unmatched_outside_coverage,3,11307.0,0,UNMATCHED-IKANJERUNG-20181224,,,
LOCH MAREE,LOCHMAREE,2018-12-24,unmatched_outside_coverage,1,26623.0,0,UNMATCHED-LOCHMAREE-20181224,,,
NIKKEI DRAGON,NIKKEIDRAGON,2018-12-24,unmatched_outside_coverage,2,39004.0,0,UNMATCHED-NIKKEIDRAGON-20181224,,,
RB EDEN,RBEDEN,2018-12-24,unmatched_outside_coverage,1,65999.0,0,UNMATCHED-RBEDEN-20181224,,,
NIPPON MARU,NIPPONMARU,2018-12-25,unmatched_outside_coverage,2,45241.0,0,UNMATCHED-NIPPONMARU-20181225,,,
ATLANTIC ENSENADA,ATLANTICENSENADA,2018-12-26,unmatched_outside_coverage,1,49870.0,0,UNMATCHED-ATLANTICENSENADA-20181226,,,
SKAWA,SKAWA,2018-12-26,unmatched_outside_coverage,1,3967.0,0,UNMATCHED-SKAWA-20181226,,,
ATLANTIC GRACE,ATLANTICGRACE,2018-12-27,unmatched_outside_coverage,1,30661.0,0,UNMATCHED-ATLANTICGRACE-20181227,,,
ATLANTIC MEXICO,ATLANTICMEXICO,2018-12-27,unmatched_outside_coverage,2,44328.0,0,UNMATCHED-ATLANTICMEXICO-20181227,,,
AYE EVOLUTION,AYEEVOLUTION,2018-12-27,unmatched_outside_coverage,2,8511.0,0,UNMATCHED-AYEEVOLUTION-20181227,,,
OLZA,OLZA,2018-12-27,unmatched_outside_coverage,1,1350.0,0,UNMATCHED-OLZA-20181227,,,
PAC SHAULA,PACSHAULA,2018-12-27,unmatched_outside_coverage,1,25200.0,0,UNMATCHED-PACSHAULA-20181227,,,
SKAWA,SKAWA,2018-12-27,unmatched_outside_coverage,2,8632.0,0,UNMATCHED-SKAWA-20181227,,,
UBC TAMPICO,UBCTAMPICO,2018-12-27,unmatched_outside_coverage,2,35954.0,0,UNMATCHED-UBCTAMPICO-20181227,,,
AYE EVOLUTION,AYEEVOLUTION,2018-12-28,unmatched_outside_coverage,1,5366.0,0,UNMATCHED-AYEEVOLUTION-20181228,,,
OLZA,OLZA,2018-12-28,unmatched_outside_coverage,3,13995.0,0,UNMATCHED-OLZA-20181228,,,
ORIENTE GLORIA,ORIENTEGLORIA,2018-12-28,unmatched_outside_coverage,1,11920.0,0,UNMATCHED-ORIENTEGLORIA-20181228,,,
ALAM MULIA,ALAMMULIA,2018-12-29,unmatched_outside_coverage,1,10579.0,0,UNMATCHED-ALAMMULIA-20181229,,,
AYE EVOLUTION,AYEEVOLUTION,2018-12-29,unmatched_outside_coverage,2,35431.0,0,UNMATCHED-AYEEVOLUTION-20181229,,,
INCE POINT,INCEPOINT,2018-12-29,unmatched_outside_coverage,2,27728.0,0,UNMATCHED-INCEPOINT-20181229,,,
INDIAN LIGHT,INDIANLIGHT,2018-12-29,unmatched_outside_coverage,1,41005.0,0,UNMATCHED-INDIANLIGHT-20181229,,,
ORIENTE GLORIA,ORIENTEGLORIA,2018-12-29,unmatched_outside_coverage,1,23287.0,0,UNMATCHED-ORIENTEGLORIA-20181229,,,
SIDER COLOMBIA,SIDERCOLOMBIA,2018-12-29,unmatched_outside_coverage,1,7800.0,0,UNMATCHED-SIDERCOLOMBIA-20181229,,,
BOTTIGLIERI FRANCO VELA,BOTTIGLIERIFRANCOVELA,2018-12-30,unmatched_outside_coverage,1,72551.0,0,UNMATCHED-BOTTIGLIERIFRANCOVELA-20181230,,,
FAR EASTERN JUPITER,FAREASTERNJUPITER,2018-12-30,unmatched_outside_coverage,1,70937.0,0,UNMATCHED-FAREASTERNJUPITER-20181230,,,
LYCAVITOS,LYCAVITOS,2018-12-30,unmatched_outside_coverage,1,40894.0,0,UNMATCHED-LYCAVITOS-20181230,,,
PACIFIC MERIT,PACIFICMERIT,2018-12-30,unmatched_outside_coverage,1,42300.0,0,UNMATCHED-PACIFICMERIT-20181230,,,
NAESS COURAGEOUS,NAESSCOURAGEOUS,2018-12-31,unmatched_outside_coverage,1,56652.0,0,UNMATCHED-NAESSCOURAGEOUS-20181231,,,
LYSIAS,LYSIAS,2026-08-02,unmatched_outside_coverage,1,30000.0,0,UNMATCHED-LYSIAS-20260802,,,
NEW FACE,NEWFACE,2026-08-02,unmatched_outside_coverage,3,49383.0,0,UNMATCHED-NEWFACE-20260802,,,
ORIENT PROGRESS,ORIENTPROGRESS,2026-08-02,unmatched_outside_coverage,1,8084.0,0,UNMATCHED-ORIENTPROGRESS-20260802,,,
ALTUS,ALTUS,2026-08-03,unmatched_outside_coverage,1,10080.0,0,UNMATCHED-ALTUS-20260803,,,
GRACE C,GRACEC,2026-08-03,unmatched_outside_coverage,2,34267.0,0,UNMATCHED-GRACEC-20260803,,,
LYSIAS,LYSIAS,2026-08-03,unmatched_outside_coverage,1,21608.0,0,UNMATCHED-LYSIAS-20260803,,,
ORIENT PROGRESS,ORIENTPROGRESS,2026-08-03,unmatched_outside_coverage,1,6600.0,0,UNMATCHED-ORIENTPROGRESS-20260803,,,
ALTUS,ALTUS,2026-08-04,unmatched_outside_coverage,3,21882.0,0,UNMATCHED-ALTUS-20260804,,,
BORDO MAVI,BORDOMAVI,2026-08-04,unmatched_outside_coverage,1,52226.0,0,UNMATCHED-BORDOMAVI-20260804,,,
HAMPTON OCEAN,HAMPTONOCEAN,2026-08-04,unmatched_outside_coverage,1,70891.0,0,UNMATCHED-HAMPTONOCEAN-20260804,,,
UBC SAGUNTO,UBCSAGUNTO,2026-08-04,unmatched_outside_coverage,1,6344.0,0,UNMATCHED-UBCSAGUNTO-20260804,,,
ALTUS,ALTUS,2026-08-05,unmatched_outside_coverage,1,19707.0,0,UNMATCHED-ALTUS-20260805,,,
ATLANTIC OLIVE,ATLANTICOLIVE,2026-08-05,unmatched_outside_coverage,1,5465.0,0,UNMATCHED-ATLANTICOLIVE-20260805,,,
BULK JAMAICA,BULKJAMAICA,2026-08-05,unmatched_outside_coverage,1,56583.0,0,UNMATCHED-BULKJAMAICA-20260805,,,
NOOTKA ISLAND,NOOTKAISLAND,2026-08-05,unmatched_outside_coverage,1,54997.0,0,UNMATCHED-NOOTKAISLAND-20260805,,,
UBC SAGUNTO,UBCSAGUNTO,2026-08-05,unmatched_outside_coverage,1,23824.0,0,UNMATCHED-UBCSAGUNTO-20260805,,,
AFRICAN RAIL,AFRICANRAIL,2026-08-06,unmatched_outside_coverage,1,33050.0,0,UNMATCHED-AFRICANRAIL-20260806,,,
AMOY GLORY,AMOYGLORY,2026-08-06,unmatched_outside_coverage,1,10641.0,0,UNMATCHED-AMOYGLORY-20260806,,,
ATLANTIC OLIVE,ATLANTICOLIVE,2026-08-06,unmatched_outside_coverage,2,29393.0,0,UNMATCHED-ATLANTICOLIVE-20260806,,,
BELHAWK,BELHAWK,2026-08-06,unmatched_outside_coverage,1,22904.0,0,UNMATCHED-BELHAWK-20260806,,,
FEDERAL TWEED,FEDERALTWEED,2026-08-06,unmatched_outside_coverage,1,34929.0,0,UNMATCHED-FEDERALTWEED-20260806,,,
HARVEST RAIN,HARVESTRAIN,2026-08-06,unmatched_outside_coverage,1,86260.0,0,UNMATCHED-HARVESTRAIN-20260806,,,
NORDULTRA,NORDULTRA,2026-08-06,unmatched_outside_coverage,1,51556.0,0,UNMATCHED-NORDULTRA-20260806,,,
PANOCEANIS,PANOCEANIS,2026-08-06,unmatched_outside_coverage,1,34000.0,0,UNMATCHED-PANOCEANIS-20260806,,,
PAN REGINA,PANREGINA,2026-08-06,unmatched_outside_coverage,1,58822.0,0,UNMATCHED-PANREGINA-20260806,,,
AMOY  GLORY,AMOYGLORY,2026-08-07,unmatched_outside_coverage,1,37105.0,0,UNMATCHED-AMOYGLORY-20260807,,,
PAC CAPELLA,PACCAPELLA,2026-08-07,unmatched_outside_coverage,1,25084.0,0,UNMATCHED-PACCAPELLA-20260807,,,
UNION TAYLOR,UNIONTAYLOR,2026-08-07,unmatched_outside_coverage,3,28523.0,0,UNMATCHED-UNIONTAYLOR-20260807,,,
ARNICA,ARNICA,2026-08-08,unmatched_outside_coverage,1,12282.0,0,UNMATCHED-ARNICA-20260808,,,
BBC CERES,BBCCERES,2026-08-08,unmatched_outside_coverage,2,15968.0,0,UNMATCHED-BBCCERES-20260808,,,
GOLDEN WAVE,GOLDENWAVE,2026-08-08,unmatched_outside_coverage,1,70005.0,0,UNMATCHED-GOLDENWAVE-20260808,,,
NIGHTINGALE ISLAND,NIGHTINGALEISLAND,2026-08-08,unmatched_outside_coverage,1,58668.0,0,UNMATCHED-NIGHTINGALEISLAND-20260808,,,
SUNNY BAY,SUNNYBAY,2026-08-08,unmatched_outside_coverage,2,49498.0,0,UNMATCHED-SUNNYBAY-20260808,,,
ULTRA MARGAY,ULTRAMARGAY,2026-08-08,unmatched_outside_coverage,1,73934.0,0,UNMATCHED-ULTRAMARGAY-20260808,,,
ADVENTURE,ADVENTURE,2026-08-09,unmatched_outside_coverage,1,32555.0,0,UNMATCHED-ADVENTURE-20260809,,,
ARNICA,ARNICA,2026-08-09,unmatched_outside_coverage,1,37891.0,0,UNMATCHED-ARNICA-20260809,,,
BUNUN  TREASURE,BUNUNTREASURE,2026-08-09,unmatched_outside_coverage,1,6600.0,0,UNMATCHED-BUNUNTREASURE-20260809,,,
CECILIE F,CECILIEF,2026-08-09,unmatched_outside_coverage,1,47421.0,0,UNMATCHED-CECILIEF-20260809,,,
COOPER ISLAND,COOPERISLAND,2026-08-09,unmatched_outside_coverage,1,54998.0,0,UNMATCHED-COOPERISLAND-20260809,,,
UBC STAVANGER,UBCSTAVANGER,2026-08-09,unmatched_outside_coverage,2,24523.0,0,UNMATCHED-UBCSTAVANGER-20260809,,,
ULTRA INFINITY,ULTRAINFINITY,2026-08-09,unmatched_outside_coverage,1,57710.0,0,UNMATCHED-ULTRAINFINITY-20260809,,,
AMBER STAR GR,AMBERSTARGR,2026-08-10,unmatched_outside_coverage,2,32704.0,0,UNMATCHED-AMBERSTARGR-20260810,,,
ARUNA ISMAIL,ARUNAISMAIL,2026-08-10,unmatched_outside_coverage,1,51206.0,0,UNMATCHED-ARUNAISMAIL-20260810,,,
CROWN TRADER,CROWNTRADER,2026-08-10,unmatched_outside_coverage,1,33000.0,0,UNMATCHED-CROWNTRADER-20260810,,,
MEIYU,MEIYU,2026-08-10,unmatched_outside_coverage,3,34462.0,0,UNMATCHED-MEIYU-20260810,,,
WINTER SEA,WINTERSEA,2026-08-10,unmatched_outside_coverage,1,19827.0,0,UNMATCHED-WINTERSEA-20260810,,,
ATLANTIS TRADE,ATLANTISTRADE,2026-08-11,unmatched_outside_coverage,1,35529.0,0,UNMATCHED-ATLANTISTRADE-20260811,,,
CONDOR ARROW,CONDORARROW,2026-08-11,unmatched_outside_coverage,1,9599.0,0,UNMATCHED-CONDORARROW-20260811,,,
MEIYU,MEIYU,2026-08-11,unmatched_outside_coverage,1,16593.0,0,UNMATCHED-MEIYU-20260811,,,
ORIENT PEARL,ORIENTPEARL,2026-08-11,unmatched_outside_coverage,1,23291.0,0,UNMATCHED-ORIENTPEARL-20260811,,,
IRIS K,IRISK,2026-08-12,unmatched_outside_coverage,1,35292.0,0,UNMATCHED-IRISK-20260812,,,
NEW BLISS,NEWBLISS,2026-08-12,unmatched_outside_coverage,3,48541.0,0,UNMATCHED-NEWBLISS-20260812,,,
SAPIENTZA,SAPIENTZA,2026-08-12,unmatched_outside_coverage,1,10639.0,0,UNMATCHED-SAPIENTZA-20260812,,,
SUMMER SKY,SUMMERSKY,2026-08-12,unmatched_outside_coverage,1,12808.0,0,UNMATCHED-SUMMERSKY-20260812,,,
UBC TACOMA,UBCTACOMA,2026-08-12,unmatched_outside_coverage,1,35418.0,0,UNMATCHED-UBCTACOMA-20260812,,,
AQUARIUS,AQUARIUS,2026-08-13,unmatched_outside_coverage,1,47099.0,0,UNMATCHED-AQUARIUS-20260813,,,
CONDOR ARROW,CONDORARROW,2026-08-13,unmatched_outside_coverage,2,40101.0,0,UNMATCHED-CONDORARROW-20260813,,,
DOVER,DOVER,2026-08-13,unmatched_outside_coverage,2,47700.0,0,UNMATCHED-DOVER-20260813,,,
IGUAZU,IGUAZU,2026-08-13,unmatched_outside_coverage,1,15399.0,0,UNMATCHED-IGUAZU-20260813,,,
PRISMA,PRISMA,2026-08-13,unmatched_outside_coverage,1,49501.0,0,UNMATCHED-PRISMA-20260813,,,
SAPIENTZA,SAPIENTZA,2026-08-13,unmatched_outside_coverage,1,41396.0,0,UNMATCHED-SAPIENTZA-20260813,,,
SUMMER SKY,SUMMERSKY,2026-08-13,unmatched_outside_coverage,3,39165.0,0,UNMATCHED-SUMMERSKY-20260813,,,
