imo,vessel_name,vessel_type,events,first_seen,last_seen
9236389,Carnival Valor,Passenger,1760,2019-05-11,2026-07-31
9505974,Bonita Aki,Tanker,765,2019-01-13,2026-07-17
9198367,Carnival Glory,Passenger,759,2019-03-01,2024-03-25
9374454,Seaboard Pioneer,Container,536,2019-01-12,2026-07-25
9799109,White Star,Tanker,498,2019-01-21,2026-07-14
9354222,Gas Flawless,Gas,492,2020-08-18,2026-07-25
9278181,Carnival Liberty,Passenger,435,2024-05-05,2026-07-27
9798947,Ladybower,Gas,434,2021-06-30,2026-07-19
9294513,Seaboard Pride,Container,412,2020-11-02,2026-07-31
9196711,Stolt Viking,Tanker,406,2019-08-24,2025-07-25
9480370,Beylerbeyi,Gas,397,2020-01-31,2026-04-01
9799111,White Horse,Tanker,353,2020-10-13,2026-06-13
9803118,Da Wei Shan,Tanker,341,2019-01-01,2026-04-09
9306471,Galloway,Container,332,2020-01-30,2024-02-24
9435038,Seaspan Calicanto,Container,323,2020-07-22,2024-06-20
9606912,Norwegian Breakaway,Passenger,318,2019-01-05,2024-04-07
9341902,Epic Madeira,Tanker,312,2022-02-15,2024-12-09
9733557,Epic Samos,Gas,308,2022-10-10,2026-06-18
9149512,Stolt Sun,Tanker,294,2019-06-17,2026-05-02
9713624,Epic Sula,Tanker,290,2019-01-07,2021-06-21
9739549,Kazak,Gas,281,2022-09-14,2026-07-28
9743825,Brillante,Tanker,278,2019-06-12,2026-07-23
9558945,Beykoz,Tanker,268,2020-03-22,2022-11-20
9652753,Kirkby,Tanker,249,2022-12-02,2026-07-22
9392236,Bwek Manhattan,Gas,235,2023-02-01,2026-06-30
9743849,Bochem London,Tanker,235,2019-01-13,2025-05-24
9168611,Stolt Spray,Tanker,230,2019-04-10,2025-05-30
9178202,Stolt Effort,Tanker,222,2019-03-06,2026-03-01
9263954,Asphalt Sailor,Tanker,213,2019-02-05,2022-06-13
9749453,Ensemble,Tanker,212,2019-04-06,2025-12-22
9802580,Jin Zhou Wan,Tanker,211,2019-03-09,2026-07-10
9758789,Chemical Hunter,Tanker,209,2019-01-05,2026-04-19
8506995,Kelly,Other,208,2019-01-13,2026-06-06
9124471,Stolt Perseverance,Tanker,206,2019-02-05,2026-04-22
9124469,Stolt Achievement,Tanker,206,2019-03-04,2026-07-31
9241475,Nordbaltic,Container,206,2019-01-01,2021-10-06
9606924,Norwegian Getaway,Passenger,194,2019-11-07,2025-04-21
9827475,Chemical Enterprise,Tanker,193,2019-03-13,2026-01-08
9790634,Menuett,Tanker,193,2019-11-26,2026-05-30
9200691,Brussels,Container,191,2019-01-07,2025-04-07
9810654,Prelude,Tanker,190,2021-04-11,2025-09-17
9422677,Mari Galaxy,Tanker,188,2019-02-25,2026-07-14
9804930,Niseko Galaxy,Tanker,184,2021-03-07,2025-01-04
9970959,Seaboard Galaxy,Container,181,2024-04-06,2026-07-18
9749441,Arpeggio,Tanker,177,2019-10-17,2026-07-09
9847140,Chemical Contender,Tanker,176,2019-07-02,2026-05-11
9102100,Stolt Invention,Tanker,173,2019-08-07,2026-07-09
9311787,As Cleopatra,Container,171,2019-04-24,2021-06-29
9779745,Da Ming Shan,Tanker,170,2021-03-16,2026-07-31
9790658,Bow Performer,Tanker,169,2019-07-02,2025-07-28
9747120,Egret,Tanker,168,2019-01-03,2026-01-09
9102112,Stolt Efficiency,Tanker,168,2019-07-07,2026-03-15
9535187,Hermann Schulte,Container,166,2019-01-28,2026-07-03
9760562,Fanfare,Tanker,165,2019-01-06,2025-01-11
9168623,Stolt Surf,Tanker,165,2020-07-17,2025-10-21
9519523,Epic Bali,Tanker,162,2019-02-14,2023-01-29
9711482,Epic Sicily,Gas,161,2024-05-23,2026-07-18
9260847,Scot Leipzig,Tanker,158,2019-01-29,2026-07-17
9800116,Nordic Aqua,Tanker,156,2019-05-05,2026-02-25
9136955,Bold Mariner,Bulk,156,2019-01-10,2020-05-03
9220421,Epic Balta,Tanker,156,2019-01-22,2020-08-22
9316232,Chemtrans Nova,Tanker,152,2019-08-05,2026-07-01
9178197,Stolt Concept,Tanker,150,2019-07-03,2026-06-06
9705756,Chem New Orleans,Tanker,143,2019-02-02,2026-07-18
9102095,Stolt Creativity,Tanker,143,2019-11-05,2026-05-08
9680097,Stolt Integrity,Tanker,142,2019-03-19,2026-01-26
9114232,Bow Faith,Tanker,141,2019-03-17,2024-08-10
9262194,Theo T,Tanker,138,2019-01-01,2023-12-03
9380350,Sky,Tanker,138,2021-05-01,2025-02-23
9370719,Jipro Isis,Tanker,137,2019-03-07,2024-05-08
9764520,Amber Bay,Tanker,137,2019-02-12,2025-05-07
9664938,Kilburn,Gas,134,2019-06-02,2020-06-19
9304021,Pac Dubhe,Bulk,134,2019-03-19,2026-05-14
9720081,Stolt Excellence,Tanker,134,2019-12-12,2026-07-04
9423750,Easterly Eagle,Tanker,134,2019-06-19,2024-10-22
9214317,Bow Chain,Tanker,133,2019-02-02,2026-04-20
9250751,Bow Firda,Tanker,133,2019-02-12,2026-06-20
9102071,Stolt Confidence,Tanker,133,2019-09-02,2026-06-27
9339351,Ginga Maya,Tanker,133,2019-06-06,2026-02-03
9791169,Naeba Galaxy,Tanker,132,2021-01-13,2026-01-04
9451410,Nordic Masa,Tanker,132,2019-04-14,2025-03-28
9680102,Stolt Tenacity,Tanker,132,2019-05-04,2026-06-10
9535163,Henrika Schulte,Container,131,2019-01-30,2026-07-27
9102083,Stolt Inspiration,Tanker,130,2019-09-09,2026-01-15
9804887,Opera,Tanker,130,2020-10-24,2025-10-22
9799678,Gallop,Tanker,128,2020-05-12,2026-05-24
9800104,Bonita Ace,Tanker,128,2019-05-28,2026-06-24
9221815,Buxcliff,Container,127,2019-11-14,2024-08-10
9414058,Stolt Island,Tanker,126,2019-01-02,2025-08-05
9169940,Stolt Stream,Tanker,126,2019-03-22,2026-03-12
9680073,Stolt Pride,Tanker,125,2019-02-05,2025-01-06
9970600,Bonita Ana,Tanker,124,2025-10-09,2026-06-19
9680085,Stolt Sincerity,Tanker,124,2019-03-24,2026-04-20
9102124,Stolt Capability,Tanker,123,2019-04-01,2026-04-03
9410260,As Samanta,Container,123,2024-05-25,2026-07-29
9719264,Stolt Lind,Tanker,123,2019-02-05,2025-10-26
9350018,Apl Minnesota,Container,122,2021-02-08,2026-06-26
9278715,Ginga Tiger,Tanker,122,2020-04-03,2024-06-14
9799680,Harmonics,Tanker,121,2019-12-23,2024-09-21
9387695,Falkanger,Tanker,120,2019-01-05,2025-09-05
9047764,Bow Fagus,Tanker,120,2019-09-24,2025-03-10
9524774,Torvanger,Tanker,120,2019-06-09,2026-05-03
9407093,Chem Mia,Tanker,120,2020-05-02,2026-05-27
9900459,Chemical Fighter,Tanker,119,2021-04-21,2026-06-23
9820427,Chemical Explorer,Tanker,119,2023-06-18,2025-07-04
9231236,Gsl Maria,Container,119,2019-02-01,2025-02-27
9346885,Mare Nostrum,Tanker,118,2021-07-12,2024-03-16
9834155,Castara,Tanker,118,2019-03-31,2025-05-28
9804849,Jazz,Tanker,117,2020-01-29,2026-05-04
9289178,Xanthos,Tanker,117,2019-01-29,2024-03-19
9804863,Nocturne,Tanker,117,2020-07-06,2026-06-19
9733569,Epic Salina,Gas,117,2025-01-26,2026-07-30
9350020,Apl New Jersey,Container,117,2019-11-03,2026-07-25
9214202,Gsl Violetta,Container,116,2019-01-09,2025-03-06
9490296,Chem Ranger,Tanker,116,2019-08-07,2026-05-05
9717761,Seaways Warwick,Tanker,115,2019-02-09,2026-02-21
9796810,Nordic Copenhagen,Tanker,115,2020-05-24,2026-05-15
9801081,Sc Taurus,Tanker,115,2020-10-14,2025-10-01
9409194,Cma Cgm Lamartine,Container,115,2021-05-04,2026-07-08
9405552,Arion,Tanker,115,2019-01-05,2026-07-17
9408798,Celsius Mexico,Tanker,115,2019-05-09,2022-02-08
9718430,Silver Etrema,Tanker,115,2019-01-07,2025-12-03
9760548,Diva,Tanker,114,2019-05-09,2024-08-29
9149524,Stolt Span,Tanker,114,2019-06-17,2025-04-18
9897846,Canopus Voyager,Tanker,114,2023-05-09,2026-05-26
7816551,Challenge,Other,112,2024-12-26,2026-06-23
9725316,Mari Jone,Tanker,112,2019-07-17,2026-06-18
9772826,Hellas Eagle,Gas,112,2019-09-03,2023-03-31
9739264,Chem Spica,Tanker,112,2021-08-06,2026-06-19
9677076,Norwegian Escape,Passenger,112,2025-10-25,2026-05-17
9743758,Chemical Challenger,Tanker,111,2019-08-14,2025-10-04
9796822,Nordic Callao,Tanker,111,2020-06-05,2025-12-05
9306196,Palena,Container,111,2019-03-06,2026-07-21
9293545,Asphalt Carrier,Tanker,110,2022-12-03,2026-07-25
9749336,Louis P,Tanker,109,2019-08-16,2025-12-29
9447897,Tempanos,Container,108,2019-10-12,2024-07-15
9669902,Bow Triumph,Tanker,108,2019-04-11,2026-07-28
9558397,Chem Sirius,Tanker,107,2019-01-08,2026-07-20
9576765,Rudolf Schulte,Tanker,106,2019-11-14,2025-08-30
9388027,Energy Puma,Tanker,106,2019-01-22,2022-07-21
9726621,Hafnia Lise,Tanker,106,2019-05-31,2026-04-28
9292113,Sombeke,Gas,106,2019-01-14,2026-05-01
9749362,Willard J,Tanker,105,2019-01-13,2026-07-15
9473028,Cma Cgm Melisande,Container,105,2019-01-13,2025-07-28
9255725,Onego Traveller,Bulk,104,2019-01-24,2022-08-22
9346005,Northern Delegation,Container,104,2019-06-27,2023-01-07
9751406,Taranaki Sun,Tanker,104,2019-07-03,2026-03-10
9281566,Markos I,Tanker,104,2019-04-26,2020-04-17
9335202,Gsl Chateau Dif,Container,104,2019-01-22,2021-10-18
9301964,Nave Ariadne,Tanker,104,2019-02-26,2025-03-02
9226815,Arkadia,Container,104,2020-04-29,2021-03-10
9195200,Brilliance Of Seas,Passenger,104,2024-10-11,2025-04-05
9143207,Bow Flora,Tanker,103,2019-01-05,2024-10-19
9343780,Ginga Puma,Tanker,103,2020-03-02,2025-01-20
9115523,Bulk Patriot,Bulk,102,2019-01-01,2019-12-16
9221839,Porto Cheli,Container,102,2020-06-09,2025-02-24
9307097,Radiant Pride,Tanker,102,2019-05-28,2026-05-24
9798935,Atlantic Journey,Tanker,102,2019-09-06,2026-01-30
9270490,Cherans Sea,Tanker,101,2019-03-12,2022-05-22
9815276,Chem Mercury,Tanker,101,2020-10-16,2026-07-14
9401099,Cma Cgm Moliere,Container,101,2023-06-13,2026-06-17
9694402,Meridian,Container,101,2020-05-20,2025-07-21
9214305,Stolt Focus,Tanker,100,2019-07-17,2026-07-23
9752022,Sc Draco,Tanker,100,2022-03-08,2025-08-24
9821859,Global Glory,Tanker,100,2022-04-22,2026-05-12
9838668,Teal Ray,Tanker,100,2020-03-16,2026-07-28
9798428,Atlantic Asphalt,Tanker,99,2020-07-08,2025-04-14
9298363,Sunny Lakes,Tanker,99,2019-03-22,2026-03-05
9719874,Cape Pioneer,Container,99,2019-11-02,2026-07-07
9681170,Seaways Watch Hill,Tanker,99,2019-02-16,2026-06-01
9387700,Fauskanger,Tanker,99,2019-06-07,2026-05-16
9801079,Sc Scorpio,Tanker,98,2019-10-17,2025-06-22
9322396,Pigeon Point,Tanker,98,2019-01-09,2025-05-14
9043055,Green Maveric,Reefer,97,2019-05-16,2024-03-19
9640138,Chem Amsterdam,Tanker,97,2020-01-26,2025-06-16
9580998,Rf Stella,Tanker,97,2020-03-16,2026-04-03
9314947,As Camellia,Container,97,2024-06-14,2026-01-21
9298325,Hamburg Star,Tanker,97,2020-05-12,2025-11-24
9417335,Blackcomb Spirit,Tanker,96,2019-01-03,2026-06-25
9377664,Starlight I,Tanker,96,2019-01-20,2026-02-05
9640114,Lumphini Park,Tanker,96,2020-06-06,2025-05-14
9719238,Stolt Alm,Tanker,96,2019-05-09,2025-09-07
9266231,Stolt Kiri,Tanker,95,2020-03-27,2025-01-11
9732773,Mandal,Tanker,95,2019-03-09,2026-06-08
9377652,Starlight II,Tanker,95,2021-02-15,2025-06-19
9307102,Lr1 Carrier,Tanker,95,2019-01-12,2024-04-21
9480186,Msc Barcelona,Container,95,2019-01-19,2026-03-13
9292761,Libramont,Gas,94,2019-01-03,2026-02-06
9299563,Pgc Marina,Tanker,94,2019-06-17,2025-07-07
9810666,Rhapsody,Tanker,94,2022-04-19,2026-07-28
9246683,Cma Cgm Paranagua,Container,93,2019-02-07,2022-11-29
9168635,Bow Fortune,Tanker,93,2020-09-27,2026-06-07
9788954,Edge Galaxy,Tanker,93,2019-01-26,2025-09-29
9493145,Goldengate Park,Tanker,93,2019-08-04,2025-06-15
9316244,Radiant Sea,Tanker,93,2019-07-16,2026-02-01
9716004,Chem Argon,Tanker,92,2019-12-13,2026-07-08
9436367,Cma Cgm Bianca,Container,92,2020-02-14,2024-12-29
9287297,Chem Tiger,Tanker,92,2019-12-03,2022-11-05
9719769,Hafnia Amazonite,Tanker,92,2019-06-06,2026-04-15
9102069,Stolt Innovation,Tanker,91,2019-12-15,2026-02-11
9905423,Pelican Mariner,Tanker,91,2022-06-17,2025-08-21
9866770,Bow Prosper,Tanker,91,2020-04-25,2026-04-21
9580986,Rf Marina,Tanker,91,2021-07-15,2025-12-23
9680114,Stolt Loyalty,Tanker,91,2020-03-16,2026-06-21
9307346,Larvik,Tanker,91,2019-08-17,2026-06-20
9724025,Cajun Sun,Tanker,91,2020-03-04,2026-07-18
9776470,Largo Elegance,Tanker,90,2019-02-08,2024-09-09
9800051,Nordic Ami,Tanker,90,2019-06-17,2024-12-28
9845178,Fpmc 35,Tanker,90,2021-05-26,2024-12-30
9850214,Creole Sun,Tanker,90,2020-04-22,2026-07-30
9531909,Hans Schulte,Container,90,2023-02-14,2026-04-24
9897834,Carina Voyager,Tanker,90,2023-05-01,2026-03-19
9426300,Ginga Caracal,Tanker,89,2020-08-22,2025-11-14
9727558,Hafnia Aragonite,Tanker,89,2019-02-03,2026-05-29
9690626,Hafnia Violette,Tanker,89,2019-05-08,2026-06-04
9259290,Elka Delos,Tanker,89,2019-06-02,2025-07-08
9799654,Scarlet Ray,Tanker,89,2020-07-03,2024-08-30
9307085,Lr1 Ambassador,Tanker,89,2019-01-04,2025-11-17
9740770,Chem Cobalt,Tanker,89,2019-05-24,2025-01-03
9419773,Bomar Praia,Container,88,2019-03-01,2022-09-10
9669873,Bow Trajectory,Tanker,88,2019-10-10,2024-11-19
9307334,Tavropos,Tanker,88,2019-05-18,2026-07-29
9803120,Da Tai Shan,Tanker,88,2019-01-31,2020-03-28
9852145,Yukon,Tanker,87,2021-04-02,2026-06-12
9168647,Stolt Commitment,Tanker,87,2021-04-06,2026-05-19
9149495,Stolt Sea,Tanker,87,2019-11-20,2025-11-02
9414060,Stolt Norland,Tanker,86,2019-12-15,2026-04-01
9322384,San Fernando,Tanker,86,2019-01-30,2022-08-03
9724013,Manchac Sun,Tanker,86,2020-08-08,2026-05-28
9244946,Msc Kalamata VII,Container,86,2019-09-29,2023-08-17
9477531,Shamrock Mercury,Tanker,86,2021-03-19,2026-05-10
9246695,Lutetia,Container,86,2019-01-11,2022-09-29
9857858,Mediterraneanvoyager,Tanker,86,2021-02-03,2026-07-01
9126807,Disney Magic,Passenger,86,2023-02-18,2024-03-05
9414084,Stolt Breland,Tanker,85,2019-09-14,2026-05-24
9749324,Alfred N,Tanker,85,2019-09-30,2024-08-26
9800441,Ginga Endurance,Tanker,85,2020-04-27,2025-05-02
9453987,Eagle Halifax,Tanker,85,2019-01-30,2024-11-19
9760550,Bochem Bucephalas,Tanker,85,2019-07-21,2025-09-09
9388209,Johnny Ranger,Tanker,85,2019-01-05,2026-03-23
9732797,Carole M,Tanker,85,2019-02-10,2025-11-21
9397793,Coral Pearl,Tanker,85,2021-07-30,2026-05-22
9397808,Bluefin Pearl,Tanker,85,2019-02-22,2025-01-18
9749350,Linus P,Tanker,84,2020-04-17,2025-11-10
9436379,Cma Cgm Samson,Container,84,2020-12-31,2025-08-13
9749348,Marie C,Tanker,84,2019-08-22,2025-12-18
9367724,Zobu Start,Tanker,84,2019-01-01,2025-03-27
9714056,Hafnia Amber,Tanker,84,2019-04-04,2026-07-30
9705768,Chem Singapore,Tanker,84,2020-02-19,2025-07-02
9406623,Cma Cgm Nerval,Container,84,2021-04-10,2024-07-13
9687485,Kaprijke,Tanker,84,2020-03-10,2026-01-19
9215294,Bow Sirius,Tanker,83,2019-02-18,2026-02-19
9801093,Sc Virgo,Tanker,83,2020-11-30,2025-05-21
9472103,Erato,Container,83,2025-10-13,2026-05-14
9518892,Eagle Louisiana,Tanker,82,2019-08-01,2025-03-09
9402249,Orca Pearl,Tanker,82,2021-08-25,2024-04-07
9360958,Xena,Tanker,82,2020-06-10,2026-01-11
9309241,Evrotas,Tanker,82,2020-05-13,2024-09-09
9401221,Cape Taft,Tanker,82,2020-04-08,2025-11-13
9372858,Chemtrans Cancale,Tanker,82,2020-01-27,2025-08-25
9724594,Sea Navigator,Tanker,82,2021-06-25,2026-05-26
9316361,Msc Celine,Container,82,2022-05-27,2023-08-09
9588275,Iver Best,Tanker,81,2020-05-15,2021-06-19
9416044,Prabhu Lal,Tanker,81,2019-09-01,2024-02-06
9275048,Gardiner,Container,81,2025-06-03,2026-07-21
9380582,Stone I,Tanker,81,2022-01-29,2025-01-12
9877810,Sunrise Glory,Tanker,81,2021-10-25,2025-06-07
9565766,Bochem Chennai,Tanker,81,2019-02-02,2021-01-26
9732785,Marquette,Tanker,80,2019-05-05,2025-10-12
9669885,Bow Tribute,Tanker,80,2019-08-31,2025-09-09
9299537,Msc Charleston,Container,80,2019-02-11,2021-09-08
9667930,Virgen De La Aurora,Tanker,80,2019-06-11,2025-11-13
9323962,Aliakmon,Tanker,80,2019-01-27,2025-10-19
9674725,High Discovery,Tanker,80,2019-04-05,2026-07-16
9830252,Nord Vantage,Tanker,80,2020-03-24,2024-07-12
9270488,Chemtrans Moon,Tanker,80,2019-06-21,2023-06-17
9829746,Ginga Thresher,Tanker,80,2020-02-09,2025-03-12
9330343,London Star,Tanker,80,2019-07-02,2024-10-25
9295036,Chemtrans Taurus,Tanker,80,2019-07-04,2026-02-20
9798648,Fairchem Conquest,Tanker,79,2019-02-18,2024-10-24
9831701,Fpmc 32,Tanker,79,2020-02-16,2025-06-08
9282625,Pgc Companion,Tanker,79,2019-03-31,2025-08-04
9289738,High Valor,Tanker,79,2019-01-19,2020-12-01
9674517,Apl Danube,Container,79,2021-05-03,2026-04-18
9391476,Stena Penguin,Tanker,79,2019-05-17,2022-12-23
9379973,Cypress Galaxy,Tanker,79,2021-07-13,2024-10-15
9295361,Santa Vanessa,Container,79,2019-01-13,2026-07-13
9379911,Sagami,Tanker,79,2020-11-12,2026-05-22
9753698,Hafnia Tourmaline,Tanker,79,2019-06-14,2025-07-27
9640140,Chem Rotterdam,Tanker,79,2019-07-08,2024-06-27
9272503,Formosa Thirteen,Tanker,79,2019-02-24,2022-12-12
9833656,Navig8 Grace,Tanker,78,2019-11-26,2026-07-29
9906087,Energy Ariadne,Tanker,78,2021-06-25,2026-07-02
9716016,Indigo Ray,Tanker,78,2020-03-12,2026-05-27
9737565,Bochem Luxembourg,Tanker,78,2020-06-19,2026-07-30
9337688,Nyk Diana,Container,78,2021-09-25,2023-12-19
9721748,Tristar Natasha,Tanker,78,2019-02-18,2024-11-25
9299525,Msc Toronto,Container,78,2019-01-10,2023-08-05
9543081,Trammo Cornell,Gas,78,2022-02-22,2025-07-19
9114244,Bow Cardinal,Tanker,78,2019-04-18,2026-06-29
9749697,Radiant Ray,Tanker,78,2019-09-02,2024-10-10
9518907,Eagle Texas,Tanker,78,2019-09-19,2026-07-17
9629457,Cardiff,Container,78,2022-11-14,2026-07-31
9576789,Reinhold Schulte,Tanker,78,2022-04-25,2026-07-05
9417892,Eagle Klang,Tanker,77,2019-05-13,2026-01-08
9727572,Hafnia Alabaster,Tanker,77,2019-07-24,2024-08-07
9450648,Cma Cgm Almaviva,Container,77,2020-07-12,2026-03-11
9492311,The Sheriff,Tanker,77,2023-07-20,2026-01-19
9472737,Ginga Bobcat,Tanker,77,2019-01-01,2025-05-30
9451460,Atahualpa,Tanker,77,2020-09-25,2025-09-27
9402237,Dolphin Pearl,Tanker,77,2019-01-08,2026-01-18
9309253,Asopos,Tanker,77,2019-02-12,2025-12-18
9298650,Amalthea,Tanker,77,2019-06-29,2024-04-09
9719745,Hafnia Amessi,Tanker,77,2019-03-17,2026-07-30
9384162,Alessandro D P,Tanker,77,2019-12-21,2021-07-13
9307815,Atlantica Bridge,Tanker,77,2019-02-11,2021-12-17
9380532,Sea La Donna,Tanker,77,2019-03-27,2025-06-20
9317975,Cma Cgm White Shark,Container,76,2019-01-16,2023-03-07
9720225,African Buzzard,Bulk,76,2020-02-27,2026-05-17
9540833,Unique Infinity,Tanker,76,2020-02-22,2025-07-02
9612870,Tolten,Container,76,2019-06-26,2021-12-13
9327023,Ploutos,Tanker,76,2023-03-24,2026-07-25
9942689,Mockingbird,Tanker,76,2022-10-06,2025-10-29
9683427,Silver Dubai,Tanker,76,2021-11-23,2024-08-18
9295373,Santa Viola,Container,76,2019-02-05,2021-04-18
9789269,Atlantic Guard,Tanker,76,2020-08-18,2026-02-14
9278727,Ginga Lion,Tanker,76,2020-05-07,2024-12-03
9197284,Bow Sun,Tanker,76,2019-03-02,2026-06-07
9405540,Zevulun,Tanker,76,2019-05-05,2026-05-15
9640102,Golden Ray,Tanker,76,2019-01-16,2025-06-30
9481520,Porto,Container,76,2019-01-06,2019-09-20
9893448,Ginga Liger,Tanker,76,2021-05-16,2025-01-06
9199311,Stolt Skua,Tanker,76,2019-04-08,2026-04-13
9707857,Ardmore Cheyenne,Tanker,76,2020-06-02,2026-05-17
9773143,Southern Owl,Tanker,75,2019-03-27,2025-07-31
9829760,Fairchem Tiger,Tanker,75,2022-01-06,2024-08-06
9307841,Tiger,Container,75,2019-01-16,2019-10-17
9410650,Sigma Triumph,Tanker,75,2023-01-06,2024-01-20
9450612,Cma Cgm La Scala,Container,75,2019-02-11,2025-11-19
9640097,Lincoln Park,Tanker,75,2019-04-29,2024-06-14
9725835,Chem Barcelona,Tanker,74,2019-09-24,2025-11-12
9535204,Hubert Schulte,Container,74,2023-11-22,2026-04-09
9568172,P Monterey,Tanker,74,2019-07-14,2024-09-25
9624067,Nordlotus,Tanker,74,2020-04-02,2026-07-30
9831696,Fpmc 31,Tanker,74,2019-07-30,2026-07-16
9406611,Cma Cgm Musset,Container,74,2021-03-04,2025-04-15
9770531,Gas Utopia,Gas,74,2019-03-22,2026-07-17
9250983,Msc Damla,Container,74,2019-10-19,2022-11-12
9311024,Stolt Strength,Tanker,74,2020-05-21,2026-06-01
9344564,Msc Yurida III,Container,74,2020-09-11,2022-04-16
9290543,Msc Susanna,Container,74,2023-02-03,2025-10-28
9225615,Cmacgm San Francisco,Container,74,2019-01-26,2024-06-09
9408774,Msc Olia,Container,74,2019-01-24,2022-05-26
9443023,Express Brazil,Container,74,2019-01-31,2022-03-14
9749544,Elandra Gulf,Tanker,74,2019-01-11,2026-05-28
9590711,Sv Wakili,Tanker,73,2019-01-24,2026-05-23
9773179,Fairchem Victory,Tanker,73,2019-03-23,2024-04-12
9979254,Oocl Bremerhaven,Container,73,2024-05-24,2026-07-01
9492361,The Chief,Tanker,73,2021-05-25,2026-07-11
9298997,My Ny,Container,73,2019-01-16,2021-05-19
9927316,Green Power,Tanker,73,2023-05-03,2026-07-02
9235555,Maersk Gironde,Container,73,2019-02-01,2020-09-25
9198563,Stolt Sycamore,Tanker,73,2020-01-01,2024-11-15
9925667,Lpgc Green Energy,Tanker,72,2023-03-07,2026-07-30
9283708,As Petra,Container,72,2019-09-28,2020-09-23
9087013,Bow Cedar,Tanker,72,2019-05-27,2022-05-05
9443035,Express France,Container,72,2019-02-14,2022-12-23
9340439,Chem Wolverine,Tanker,72,2019-10-18,2021-10-03
9860207,Honor Galaxy,Tanker,72,2020-04-25,2025-08-03
9719252,Stolt Lerk,Tanker,72,2019-12-03,2026-07-13
9391490,Valverde,Tanker,72,2019-01-17,2026-02-02
9336505,Pgc Alexandria,Tanker,72,2022-02-04,2026-01-04
9568196,Jag Laxmi,Tanker,72,2019-07-04,2025-11-06
9273832,Scarlet Ibis,Tanker,72,2019-06-11,2023-07-22
9524762,Taranger,Tanker,72,2019-02-19,2025-10-19
9511167,Stolt Bobcat,Tanker,72,2019-09-04,2026-04-24
9718806,Dank Silver,Tanker,71,2019-06-08,2024-12-02
9436355,Cma Cgm Tancredi,Container,71,2019-03-05,2023-02-11
9908322,Petrel,Tanker,71,2021-09-24,2025-10-25
9306172,Maersk Puelo,Container,71,2019-10-05,2025-03-15
9371660,Gaschem Atlantic,Gas,71,2019-12-03,2026-03-06
9558971,Chemical Mariner,Tanker,71,2019-06-02,2026-06-23
9405538,Few Bps,Tanker,70,2019-03-29,2026-04-03
9308429,Haydn,Container,70,2019-01-16,2019-09-13
9779757,Da Hua Shan,Tanker,70,2019-01-12,2026-07-24
9376658,Stolt Halcon,Tanker,70,2022-03-02,2026-06-28
9617650,Stolt Larix,Tanker,70,2019-03-08,2025-03-05
9800312,Hafnia Neso,Tanker,70,2025-06-13,2026-07-03
9692143,Pis Kalimantan,Tanker,70,2023-08-17,2026-05-21
9894727,Cururo,Tanker,70,2021-12-21,2025-11-28
9476812,Charline,Tanker,70,2019-07-19,2025-07-31
9348651,Maersk Memphis,Container,70,2022-04-22,2025-01-05
9378474,Carnival Dream,Passenger,69,2019-01-05,2019-05-12
9262704,Msc Aquarius,Container,69,2020-07-18,2023-06-06
9802152,Ionic Anax,Tanker,69,2020-09-17,2026-07-31
9489118,Navig8 Constellation,Tanker,69,2019-04-15,2026-01-17
9382970,World Harmony,Tanker,69,2019-01-05,2024-10-22
9379909,Bow Harmony,Tanker,69,2019-01-18,2024-01-04
9376660,Stolt Quetzal,Tanker,69,2019-08-06,2026-05-18
9426207,Eagle Hamilton,Tanker,69,2019-03-28,2024-09-01
9791183,Fairchem Loyalty,Tanker,69,2019-05-11,2025-08-04
9829411,Aquila L,Tanker,68,2020-11-22,2025-11-15
9388302,Bow Elm,Tanker,68,2019-09-07,2023-12-01
9746164,Cutlass Galaxy,Tanker,68,2019-01-11,2025-03-10
9776250,Pico Basile,Tanker,68,2019-01-16,2025-12-16
9709788,Hafnia Daisy,Tanker,68,2019-05-21,2024-05-10
9814399,Rong Hua Wan,Tanker,68,2021-12-21,2023-01-06
9439785,Yas,Tanker,68,2019-01-30,2026-04-30
9433793,Cma Cgm Attila,Container,68,2020-09-25,2025-09-03
9409209,Cma Cgm Maupassant,Container,68,2019-05-25,2025-06-14
9323077,Lavraki,Tanker,68,2020-11-01,2026-06-15
9884813,Aliai,Tanker,68,2022-03-31,2026-03-11
9289099,Msc Beijing,Container,68,2019-08-20,2025-04-10
9450600,Cma Cgm Figaro,Container,68,2019-10-21,2026-01-28
9225641,Msc Ilona,Container,68,2019-02-08,2021-04-04
9911549,Savonetta Sun,Tanker,68,2022-12-30,2026-04-05
9335824,Mtm Dublin,Tanker,67,2019-01-13,2026-07-14
9387712,Sunny Beach,Tanker,67,2019-03-20,2026-07-02
9728239,Minerva Coralia,Tanker,67,2019-08-30,2025-06-12
9374571,Msc Express III,Container,67,2025-05-10,2026-07-26
9484895,Torm Amorina,Tanker,67,2019-10-22,2026-06-28
9422196,Eagle Kinabalu,Tanker,67,2019-06-03,2025-05-30
9798088,Hellas Calafia,Tanker,67,2019-05-16,2024-05-05
9235062,Stolt Sequoia,Tanker,67,2019-09-24,2025-05-24
9902847,Frontier Mariner,Tanker,67,2021-06-02,2026-02-01
9222297,Cma Cgm Berlioz,Container,67,2023-01-02,2025-12-15
9400394,Skarven,Tanker,67,2019-01-14,2024-03-25
9577111,Aesop,Tanker,67,2019-01-21,2021-08-24
9363857,Ebony Ray,Tanker,67,2019-03-31,2022-07-07
9870719,Nord Harmony,Tanker,67,2021-01-13,2024-07-02
9850202,Takaroa Sun,Tanker,67,2020-05-24,2024-09-30
9374272,Arvin,Tanker,66,2019-08-29,2025-06-06
9196852,Sealand Washington,Container,66,2019-01-16,2022-03-21
9271327,Iblea,Tanker,66,2019-01-23,2022-01-24
9332066,Sylvie,Tanker,66,2019-07-08,2025-08-30
9311256,Monax,Tanker,66,2020-10-15,2024-12-03
9873668,Great Lamda,Tanker,66,2020-12-12,2026-07-29
9387724,Fjellanger,Tanker,66,2019-02-19,2026-02-22
9817509,Chem Selenium,Tanker,66,2019-10-31,2026-06-21
9681168,Beryl,Tanker,66,2019-01-01,2024-03-11
9595125,Asterion,Tanker,66,2019-01-08,2020-10-18
9718818,Madha Silver,Tanker,66,2019-01-05,2025-05-05
9902859,Lone Star Mariner,Tanker,66,2021-12-07,2026-01-15
9321873,Ginga Jaguar,Tanker,66,2019-09-25,2025-11-23
9827451,Chemstar Tierra,Tanker,66,2019-12-14,2026-05-06
9288760,Sunny Victory,Tanker,66,2019-09-09,2026-07-23
9356696,Cma Cgm F Sagan,Container,66,2024-01-28,2026-07-17
9674529,Cma Cgm Elbe,Container,66,2022-01-31,2025-09-18
9576753,Rebecca Schulte,Tanker,66,2021-07-11,2026-07-28
9403310,Pis Paragon,Tanker,66,2020-02-08,2026-04-27
9274549,Scot Stuttgart,Tanker,66,2019-08-01,2026-03-22
9351452,Hellespont Protector,Tanker,66,2019-07-13,2026-01-06
9407251,Cape Taura,Tanker,66,2019-03-18,2026-02-05
9711561,Hafnia Aronaldo,Tanker,65,2019-06-22,2025-08-31
9315240,Maersk Senang,Container,65,2020-11-17,2024-06-29
9749374,Otto H,Tanker,65,2019-05-06,2026-06-22
9515917,Zefyros,Tanker,65,2019-07-10,2025-05-27
9319480,Bow Architect,Tanker,65,2023-01-11,2024-11-24
9683336,Silver Esther,Tanker,65,2020-01-28,2025-10-19
9725299,Lindanger,Tanker,65,2020-09-20,2026-07-08
9407287,Clearocean Fuku,Tanker,65,2019-02-15,2026-05-19
9315056,Mtm Mississippi,Tanker,64,2022-08-03,2026-05-28
9367712,Hansa Sealeader,Tanker,64,2019-07-15,2026-01-25
9379985,Ginga Panther,Tanker,64,2019-05-18,2025-05-11
9804837,Ginga Blue Shark,Tanker,64,2019-10-25,2025-09-16
9408803,Celsius Malaga,Tanker,64,2021-05-27,2023-01-14
9617648,Stolt Lotus,Tanker,64,2019-01-30,2024-12-15
9358917,Orfeas,Tanker,64,2020-07-25,2026-03-23
9906881,Pacific Ruby,Tanker,64,2023-09-17,2025-07-01
9391517,Ocean Princess I,Tanker,64,2019-06-20,2025-01-05
9888352,Yasa Vega,Tanker,64,2021-11-28,2026-01-15
9486192,Chem Norma,Tanker,64,2020-08-17,2023-09-10
9758090,Fairchem Success,Tanker,64,2019-01-09,2025-01-16
9829679,Sunrise Ray,Tanker,64,2022-03-18,2025-10-28
9367736,Centennial Matsuyama,Tanker,64,2020-06-19,2021-08-05
9732826,Malbec Legacy,Tanker,64,2019-03-15,2026-07-22
9834868,Sea Cougar,Tanker,64,2020-07-20,2026-07-01
9356103,Maersk Nakuru,Container,64,2025-04-02,2025-09-25
9590723,Jag Prachi,Tanker,64,2019-02-02,2026-07-15
9229142,Kempton,Tanker,63,2019-03-04,2019-10-15
9252577,Northern Monument,Container,63,2020-07-11,2023-01-09
9371672,Gaschem Arctic,Gas,63,2023-07-29,2025-08-15
9456915,Gh Madison,Tanker,63,2020-05-09,2024-05-14
9908346,Fairchem Protea,Tanker,63,2021-10-31,2025-01-28
9259317,Fedor,Tanker,63,2019-10-23,2025-06-06
9359600,Mesabi,Tanker,63,2019-05-19,2020-09-09
9717773,Seaways Loma,Tanker,63,2019-01-02,2025-08-14
9583665,Navigare Pars,Tanker,63,2019-01-01,2021-02-24
9692313,Torm Daphne,Tanker,63,2021-08-22,2026-05-30
9779587,Amazon Falcon,Tanker,63,2021-07-13,2025-12-20
9714501,Hafnia Amethyst,Tanker,63,2020-01-10,2026-04-08
9790646,Bow Precision,Tanker,63,2019-04-04,2025-11-22
9278064,Mtm Hudson,Tanker,62,2019-04-15,2023-05-05
9430296,Al Reem,Tanker,62,2019-01-15,2024-07-08
9484077,Seletar Spirit,Tanker,62,2019-01-02,2026-07-29
9913602,Lady Amanda,Tanker,62,2022-08-24,2026-05-11
9581667,Fpmc 29,Tanker,62,2019-02-10,2025-10-20
9470260,Seaways Athens,Tanker,62,2019-04-23,2026-03-11
9372420,Clipper Orion,Gas,62,2019-01-11,2023-01-15
9266243,Stolt Kashi,Tanker,62,2019-06-20,2024-07-17
9321938,Star Eagle,Tanker,62,2019-04-20,2024-04-28
9403475,Nordsymphony,Tanker,62,2020-08-22,2025-03-08
9320439,Msc Leigh,Container,62,2019-01-15,2019-08-16
9619531,Yasa Hawk,Tanker,62,2019-01-01,2024-09-08
9804899,Purple Ray,Tanker,62,2020-11-19,2024-01-01
9286243,Conti Makalu,Container,62,2020-08-02,2023-03-08
9629469,Swansea,Container,62,2023-06-09,2026-05-29
9727534,Hafnia Ammolite,Tanker,62,2019-09-16,2025-09-16
9528134,Dalmacija,Tanker,61,2019-03-24,2025-05-08
9746205,Zircon,Tanker,61,2019-09-07,2024-01-06
9315874,Gsl Valerie,Container,61,2019-10-11,2020-06-29
9424651,Di Matteo,Tanker,61,2019-01-13,2021-05-14
9528392,Ps Capri,Tanker,61,2019-03-29,2025-05-29
9692246,Hafnia Valentino,Tanker,61,2019-01-05,2026-07-28
9612882,Tirua,Container,61,2019-07-24,2022-01-17
9402770,Ipanema Street,Tanker,61,2019-05-27,2025-07-03
9197545,Sealand Illinois,Container,61,2019-01-03,2022-09-14
9380520,Gran Couva,Tanker,61,2019-03-05,2023-08-06
9833682,Navig8 Guide,Tanker,61,2019-09-29,2024-04-29
9274305,Stolt Vanguard,Tanker,61,2022-05-02,2026-05-05
9877559,Htm Highlander,Tanker,61,2020-04-26,2026-06-19
9596997,Hovden Spirit,Tanker,61,2019-02-22,2025-10-07
9721750,Diavolo Rosso,Tanker,61,2019-07-07,2024-12-22
9346457,Lumen N,Tanker,61,2020-03-21,2022-06-07
9343986,Seabreeze,Tanker,61,2019-01-22,2021-01-13
9718789,Muhut Silver,Tanker,61,2019-04-06,2025-07-20
9417012,Eagle Kuantan,Tanker,60,2019-10-19,2025-10-06
9539585,Spring Street,Tanker,60,2024-08-15,2026-05-31
9195195,Radiance Of The Seas,Passenger,60,2022-11-02,2023-01-28
9387279,Energy Progress,Tanker,60,2019-05-14,2022-09-18
9866782,Bow Persistent,Tanker,60,2021-10-29,2025-11-27
9718064,Cl Yingdu,Tanker,60,2021-12-27,2024-12-18
9753791,Bow Aquarius,Tanker,60,2019-04-03,2024-01-15
9218674,Apl Holland,Container,60,2019-01-19,2020-12-01
9740574,High Wind,Tanker,60,2021-01-05,2025-12-30
9952127,Sarus Crane,Tanker,60,2023-03-08,2026-04-23
9565699,Stolt Dugong,Tanker,60,2019-04-30,2025-11-04
9682344,Silver Monika,Tanker,60,2019-10-15,2026-07-13
9565649,Bochem Ghent,Tanker,59,2019-07-19,2026-02-18
9289740,High Courage,Tanker,59,2019-05-06,2020-07-03
9317248,Cabo Negro II,Tanker,59,2019-05-20,2025-07-14
9215268,Bow Sky,Tanker,59,2019-03-14,2025-07-26
9848338,Maritime Tranquility,Tanker,59,2021-03-26,2025-04-16
9828211,Bow Explorer,Tanker,59,2022-02-10,2026-07-27
9669897,Bow Trident,Tanker,59,2019-05-30,2025-11-19
9909584,Capilano Sun,Tanker,59,2022-08-13,2026-06-01
9382798,Transsib Bridge,Tanker,59,2019-01-30,2021-01-08
9405564,Fourni,Tanker,58,2019-10-10,2023-10-25
9047518,Bow Clipper,Tanker,58,2019-05-06,2023-11-23
9774197,Gas Venus,Gas,58,2020-02-01,2025-09-17
9798375,Agioi Fanendes,Tanker,58,2022-08-27,2026-02-18
9318010,Minerva Xanthe,Tanker,58,2019-05-19,2025-10-26
9422524,Dubai Angel,Tanker,58,2019-08-25,2025-07-16
9428372,Virgen Del Cisne,Tanker,58,2020-01-09,2023-04-08
9315068,Star Osprey,Tanker,58,2019-01-17,2025-09-07
9352212,Stolt Sneland,Tanker,58,2019-06-08,2025-12-16
9410909,Minerva Zen,Tanker,58,2019-04-18,2024-09-02
9711547,Hafnia Aventurine,Tanker,58,2019-07-23,2023-06-03
9852133,Winnipeg,Tanker,58,2022-07-29,2025-06-26
9380386,Minerva Joanna,Tanker,58,2019-05-11,2023-06-16
9422237,Ionian Navigator,Tanker,57,2020-05-22,2025-11-27
9261516,Giovanni Dp,Tanker,57,2019-01-25,2021-11-16
9712606,Mtm Santos,Tanker,57,2019-04-18,2025-12-29
9332303,Lila Miami,Tanker,57,2019-06-10,2026-07-12
9414216,Ginga Cheetah,Tanker,57,2019-08-02,2025-10-24
9905162,Point Lisas,Tanker,57,2021-08-17,2025-09-18
9815264,Chem Neon,Tanker,57,2019-04-14,2026-07-03
9697624,Seaways Dwarka,Tanker,57,2020-07-02,2025-05-06
9697014,Maersk Bermuda,Container,57,2019-08-21,2020-05-02
9731781,Chem Saiph,Tanker,57,2023-12-14,2025-02-28
9360336,Sea La Vie,Tanker,57,2019-02-01,2024-06-08
9739305,Stolt Cobalt,Tanker,57,2021-04-07,2026-03-11
9254850,Erikoussa,Tanker,57,2019-01-30,2020-12-14
9655987,Clearocean Marigold,Tanker,57,2020-02-22,2026-06-05
9692349,Silver Euplecta,Tanker,57,2021-02-27,2025-05-12
9292606,Energy Chancellor,Tanker,57,2019-05-30,2025-07-22
9222986,Gsl Tegea,Container,57,2019-01-07,2025-02-04
9702211,Torm Denise,Tanker,57,2019-07-14,2025-02-27
9422548,Dubai Beauty,Tanker,56,2019-09-20,2026-02-08
9854741,Sti Maximus,Tanker,56,2020-12-03,2024-10-22
9920069,Takao Galaxy,Tanker,56,2024-07-09,2025-10-24
9725859,Bochem Walvis Bay,Tanker,56,2023-06-04,2025-10-31
9856062,Stavanger Pride,Tanker,56,2022-07-08,2026-04-23
9150315,Stolt Sypress,Tanker,56,2019-04-27,2024-08-01
9326500,Aegea,Tanker,56,2019-08-31,2025-12-09
9447873,Tubul,Container,56,2019-05-16,2021-07-11
9683362,Silver Gwen,Tanker,56,2019-02-27,2021-09-23
9516222,Arendal,Tanker,56,2022-05-08,2025-11-24
9902873,Evergreen Mariner,Tanker,56,2022-07-20,2026-06-20
9379844,Mtm Hamburg,Tanker,56,2019-04-21,2024-11-14
9569970,Tucapel,Container,56,2019-11-28,2022-01-24
9225653,Alessia,Container,56,2019-01-20,2026-02-08
9421295,Vestholmen,Tanker,56,2022-07-29,2025-09-15
9440526,Minerva Elpida,Tanker,56,2019-05-31,2026-01-07
9479979,Chem Stream,Tanker,56,2021-05-05,2026-03-21
9540821,Unique Guardian,Tanker,56,2019-01-23,2026-05-19
9860192,Trust Galaxy,Tanker,56,2021-11-18,2026-04-16
9731042,Clipper Venus,Tanker,56,2022-05-12,2026-02-09
9347310,Velos Fortuna,Tanker,55,2020-09-05,2023-03-26
9746267,Elandra Palm,Tanker,55,2019-07-07,2025-12-31
9416020,Barbouni,Tanker,55,2020-11-11,2024-10-14
9828223,Bow Excellence,Tanker,55,2021-02-11,2025-05-09
9692363,Silver Millie,Tanker,55,2020-06-24,2025-07-24
9848687,Mari Kokako,Tanker,55,2020-07-12,2026-04-13
9239977,Endo Breeze,Tanker,55,2019-01-06,2020-12-04
9719240,Stolt Apal,Tanker,55,2019-11-10,2024-08-20
9346445,Aurora N,Tanker,55,2019-01-17,2022-12-13
9319545,Martini,Tanker,55,2019-06-15,2025-01-04
9312846,Donegal Spirit,Tanker,55,2019-04-08,2023-08-07
9692155,Nord Swift,Tanker,55,2021-01-28,2023-10-17
9833565,Sti Marshall,Tanker,55,2021-12-24,2025-03-03
9315214,Maersk Serangoon,Container,55,2022-12-18,2025-03-04
9255804,Scot Berlin,Tanker,54,2022-02-17,2026-07-31
9425552,Kanala,Tanker,54,2022-02-06,2026-07-01
9336402,Grimstad,Tanker,54,2019-01-08,2023-09-14
9732709,Hafnia Mikala,Tanker,54,2019-02-01,2023-05-02
9477529,Mtm Singapore,Tanker,54,2020-01-26,2025-09-03
9126819,Disney Wonder,Passenger,54,2020-02-06,2022-03-05
9459539,Stolt Ocelot,Tanker,54,2020-03-21,2024-04-23
9215270,Bow Summer,Tanker,54,2019-01-23,2023-01-22
9624770,Chem Pluto,Tanker,54,2019-07-28,2023-04-12
9260835,Scot Bremen,Tanker,54,2023-03-13,2026-04-22
9793997,Philotimos,Tanker,54,2020-04-18,2025-01-15
9298313,Vs Prospera,Tanker,54,2019-02-06,2025-01-20
9289104,Msc Lucy,Container,54,2019-04-02,2023-12-09
9457608,Leo Sun,Tanker,54,2019-05-27,2025-12-31
9572745,Harbour Progress,Tanker,54,2019-03-20,2022-12-30
9387255,Centennial Sapporo,Tanker,53,2019-02-12,2023-08-26
9318008,Minerva Vaso,Tanker,53,2019-08-11,2025-11-06
9558402,Nordic Marita,Tanker,53,2019-08-19,2024-07-17
9705744,Chem Altamira,Tanker,53,2019-07-14,2023-09-15
9192375,Laguna D,Tanker,53,2019-01-19,2021-09-20
9527075,Nv Athena,Tanker,53,2019-03-23,2024-05-03
9619543,Yasa Seagull,Tanker,53,2019-05-07,2021-07-29
9360960,City Island,Tanker,53,2019-05-13,2023-02-15
9335044,Mrc Beliz,Tanker,53,2020-02-23,2026-03-19
9323388,Uzava,Tanker,53,2020-02-20,2025-12-21
9882334,Esteem Houston,Tanker,53,2020-12-23,2023-05-27
9506693,Ps Augusta,Tanker,53,2019-03-23,2024-10-02
9568031,Virgen Del Quinche,Tanker,53,2021-11-15,2023-07-24
9565637,Bochem Mumbai,Tanker,53,2020-03-28,2024-01-14
9365374,Neutron Sound,Tanker,53,2019-06-26,2021-12-24
9521435,Nordrose,Tanker,53,2023-02-24,2026-07-26
9244922,Maersk Kolkata,Container,53,2019-11-17,2022-09-09
9673678,Fairchem Sword,Tanker,52,2021-11-22,2025-09-19
9817585,Fairchem Forte,Tanker,52,2020-04-26,2024-11-11
9629562,Seapride,Tanker,52,2019-04-03,2021-02-21
9416082,Shamrock Jupiter,Tanker,52,2020-06-08,2023-11-28
9363493,Bow Hector,Tanker,52,2019-01-01,2025-09-09
9744893,Stolt Calluna,Tanker,52,2022-11-17,2026-07-19
9804813,Fairchem Hawk,Tanker,52,2020-05-17,2025-10-24
9920291,Fairchem Restio,Tanker,52,2022-04-22,2025-10-16
9467811,Hafnia Africa,Tanker,52,2019-12-01,2026-06-06
9427471,Jasmin Joy,Tanker,52,2023-03-19,2024-08-25
9326938,Torm Discoverer,Tanker,52,2019-07-09,2023-08-22
9882413,Solar Madelein,Tanker,52,2021-05-09,2026-04-24
9958846,Venture Bayou,Gas,52,2024-10-26,2026-07-27
9857860,Caribbean Voyager,Tanker,52,2023-04-24,2026-04-26
9413688,Sinbad,Tanker,52,2019-08-10,2024-11-20
9727560,Hafnia Azurite,Tanker,52,2019-07-23,2024-06-16
9693824,Weco Madeleine,Tanker,52,2019-11-20,2024-12-25
9746229,Citrine,Tanker,52,2019-04-28,2025-03-18
9255828,Scot Bayern,Tanker,52,2020-03-05,2026-02-19
9907811,Solar Ruo Yun,Tanker,52,2022-09-20,2025-01-03
9405899,Mersini,Tanker,52,2020-08-02,2024-01-02
9669914,Green Planet,Tanker,52,2020-07-21,2026-04-06
9800661,Pacific Kohinoor,Tanker,51,2022-08-14,2026-05-04
9339583,Pomerenia Sky,Container,51,2020-03-12,2020-11-29
9299680,Ns Challenger,Tanker,51,2019-04-26,2020-08-19
9382750,Minerva Gloria,Tanker,51,2020-10-18,2025-11-20
9569841,Seaways Kythnos,Tanker,51,2019-02-13,2025-12-31
9956599,Venture Gator,Gas,51,2024-08-23,2026-07-10
9900461,Esteem Sango,Tanker,51,2021-06-08,2024-11-19
9821299,Southern Shark,Tanker,51,2019-02-26,2022-08-29
9312755,Maersk Superior,Container,51,2020-05-31,2022-01-25
9682320,Silver Valerie,Tanker,51,2019-02-21,2025-12-04
9788447,High Explorer,Tanker,51,2019-04-09,2021-10-01
9645401,Tp Affinity,Tanker,51,2019-03-31,2025-07-24
9967249,Bantry Bay,Tanker,51,2023-11-22,2026-01-26
9714068,Hafnia Almandine,Tanker,51,2019-09-18,2026-05-08
9321861,Ginga Cougar,Tanker,51,2019-09-02,2024-04-02
9753686,Hafnia Topaz,Tanker,51,2019-05-23,2025-08-17
9351438,Hellespont Protector,Tanker,51,2020-02-23,2026-01-04
9228057,Bangor,Bulk,51,2019-01-16,2021-06-23
9274329,Stolt Vision,Tanker,51,2019-12-15,2023-10-24
9873656,Great Kappa,Tanker,50,2020-06-28,2025-09-19
9510462,Ps Roma,Tanker,50,2020-04-21,2025-03-16
9480174,Msc Alicante Vi,Container,50,2019-12-22,2026-07-12
9489194,Vinjerac,Tanker,50,2019-03-05,2025-02-07
9400083,Maipo,Container,50,2022-07-31,2025-08-18
9317858,Mtm Westport,Tanker,50,2019-05-23,2026-05-08
9882346,Esteem Energy,Tanker,50,2022-09-08,2025-02-19
9718791,Yankul Silver,Tanker,50,2019-03-14,2026-05-08
9718088,Cl Xunyang,Tanker,50,2019-01-23,2024-11-28
9371775,Huemul,Tanker,50,2019-04-07,2022-05-22
9833058,Nord Vanquish,Tanker,50,2019-08-05,2025-09-25
9555319,Maersk Mississippi,Tanker,50,2019-04-05,2023-05-06
9425992,Ginga Leopard,Tanker,50,2020-11-19,2023-08-30
9279989,Msc Stella,Container,50,2023-01-17,2024-07-20
9796339,Navigator Jorf,Gas,50,2020-08-16,2025-10-11
9274537,Scot Frankfurt,Tanker,50,2024-12-26,2026-03-17
9955428,Bochem Houston,Tanker,50,2023-11-11,2025-11-08
9388003,Energy Patriot,Tanker,50,2019-08-25,2020-12-17
9448724,La Digue,Tanker,50,2019-01-11,2024-01-05
9797395,Stena Imprimis,Tanker,50,2021-07-11,2024-08-22
9043081,Nordic Wolverine,Tanker,50,2019-03-07,2019-08-31
9752034,Bow Gemini,Tanker,50,2019-01-27,2024-03-15
9138850,Carnival Triumph,Passenger,50,2019-01-01,2019-03-02
9718894,Silver Joan,Tanker,50,2019-01-08,2023-11-13
9288837,Champion Timur,Tanker,50,2019-02-03,2026-02-04
9391995,Stolt Flamenco,Tanker,50,2019-11-17,2026-07-13
9919333,Ginga Grutto,Tanker,50,2023-05-30,2026-04-18
9619440,Msc Anchorage,Container,50,2020-12-06,2022-11-09
9956915,Sunbird,Tanker,50,2024-05-07,2026-05-16
9767235,Isla De Bioko,Tanker,49,2019-12-14,2025-06-20
9692416,Blade Galaxy,Tanker,49,2019-01-17,2025-06-15
9669938,Sti Duchessa,Tanker,49,2019-08-12,2026-06-21
9321940,Star Kestrel,Tanker,49,2019-01-31,2025-11-05
9725304,Leikanger,Tanker,49,2019-03-24,2026-06-14
9692301,Silver Eleanor,Tanker,49,2019-05-24,2025-01-06
9332858,Suape Express,Container,49,2022-02-26,2023-06-24
9796834,Tsukuba Galaxy,Tanker,49,2023-06-01,2024-09-15
9409522,Songa Peace,Tanker,49,2019-01-08,2021-09-24
9398474,Gulf Reliance,(none),49,2025-04-03,2025-09-11
9795048,Eagle Barcelona,Tanker,49,2019-03-05,2026-07-08
9732931,Ardmore Pursuit,Tanker,49,2020-03-10,2026-01-21
9648192,Sandpiper Pacific,Tanker,49,2019-08-08,2023-02-02
9690614,Hafnia Viridian,Tanker,49,2019-08-24,2026-01-07
9490325,Pacific Endeavor,Tanker,49,2019-02-17,2019-11-24
9337212,New Advance,Tanker,49,2021-03-10,2023-10-09
9407067,Lila Vancouver,Tanker,48,2020-09-11,2026-03-16
9317860,Bow Engineer,Tanker,48,2021-01-12,2025-09-01
9261451,Porto Kagio,Container,48,2023-04-12,2025-01-17
9256755,Methoni,Container,48,2019-08-30,2024-06-03
9505998,Greenwich Park,Tanker,48,2023-06-04,2025-05-01
9694191,Donga Krios,Tanker,48,2019-06-16,2021-12-06
9410002,Avenca,Tanker,48,2023-02-02,2026-03-11
9746231,Obsidian,Tanker,48,2020-01-23,2026-06-08
9296872,Mtm London,Tanker,48,2019-06-20,2023-01-01
9682368,Silver Cindy,Tanker,48,2019-02-24,2025-07-12
9398723,Eagle Hanover,Tanker,48,2019-07-05,2024-07-04
9391529,Ocean Breeze,Tanker,48,2019-12-12,2025-06-17
9293777,Msc New Haven,Container,48,2022-10-05,2024-11-16
9373668,Seaprincess,Tanker,48,2019-05-10,2025-03-19
9351543,Stolt Basuto,Tanker,48,2019-10-12,2025-11-16
9541306,Valturchese,Tanker,48,2019-02-05,2025-04-03
9711559,Hafnia Andesine,Tanker,48,2021-05-17,2026-06-18
9283629,Pgc Aspropyrgos,Tanker,48,2019-03-11,2022-04-18
9727584,Hafnia Achroite,Tanker,48,2020-12-26,2026-07-18
9877638,Solar Suzanne,Tanker,48,2021-01-20,2024-02-27
9308534,Maritime Nordic,Tanker,48,2019-06-08,2020-03-13
9706437,Sti Westminster,Tanker,48,2021-11-17,2026-02-14
9683403,Silver Houston,Tanker,48,2022-02-26,2026-05-19
8919051,Stolt Selje,Tanker,48,2019-01-20,2021-05-14
9794434,Sti Esles II,Tanker,48,2019-10-04,2023-11-29
9845180,Fpmc 36,Tanker,48,2021-11-19,2026-05-05
9702223,Marie S,Tanker,48,2020-03-07,2023-09-06
9697648,Seaways Stamford,Tanker,48,2019-03-27,2025-11-21
9392327,Caroni Plain,Tanker,48,2019-05-30,2022-09-13
9838670,Chem Barium,Tanker,48,2022-12-19,2024-07-08
9834870,Sea Tiger,Tanker,48,2019-07-09,2026-06-10
9732814,Malbec Legend,Tanker,47,2022-02-21,2026-03-20
9386536,Stealth Haralambos,Tanker,47,2019-02-10,2021-06-01
9278624,Sabrewing,Tanker,47,2019-04-30,2021-07-09
9719276,Kallo,Gas,47,2019-04-15,2026-03-19
9387918,Seaways Wave,Tanker,47,2020-10-27,2026-05-07
9882358,Esteem Discovery,Tanker,47,2022-04-02,2025-03-23
9360465,Eagle Turin,Tanker,47,2019-02-14,2021-02-05
9660358,Amazon Victory,Tanker,47,2019-04-23,2020-01-17
9286554,Chem Antares,Tanker,47,2019-11-21,2020-10-20
9467809,Hafnia Asia,Tanker,47,2023-06-09,2026-06-21
9312444,Stena President,Tanker,47,2019-03-04,2021-06-08
9274317,Stolt Virtue,Tanker,47,2019-09-01,2024-09-02
9347152,Crimson Ray,Tanker,47,2019-02-27,2020-04-10
9304368,Seasenator,Tanker,47,2019-09-17,2026-03-16
9857236,Yasa Flamingo,Tanker,47,2020-03-19,2025-07-05
9593414,Trysil Spirit,Tanker,47,2020-03-06,2021-03-29
9321689,Solviken,Tanker,47,2019-02-25,2022-10-07
9351426,Vs Progress,Tanker,47,2020-08-05,2025-03-16
9417000,Eagle Kuching,Tanker,47,2019-03-25,2022-01-17
9882401,Solar Melissa,Tanker,47,2021-08-05,2026-06-03
9459084,Nave Bellatrix,Tanker,47,2019-06-05,2025-08-13
9455739,Champion Pomer,Tanker,47,2023-04-22,2025-12-01
9905605,Schwyz,Tanker,47,2022-11-06,2025-10-03
9408530,Southport,Tanker,47,2019-03-21,2021-06-23
9886718,Sea Turtle,Tanker,47,2021-09-27,2023-05-20
9777400,Bow Tungsten,Tanker,46,2019-03-06,2022-09-01
9956903,Sparrowhawk,Tanker,46,2023-11-29,2026-06-13
9472634,Amax Anthem,Tanker,46,2019-02-09,2022-09-26
9199323,Stolt Teal,Tanker,46,2019-06-21,2026-01-04
9805910,Fairchem Fortitude,Tanker,46,2022-12-31,2024-10-09
9308998,Chemtrans Polaris,Tanker,46,2020-01-29,2025-01-09
9926568,Ginga Sunbird,Tanker,46,2023-06-17,2025-10-09
9712591,Mtm Penang,Tanker,46,2019-05-29,2026-04-01
9420643,Drepanos,Tanker,46,2019-10-25,2025-11-27
9698355,Eco Stream,Gas,46,2022-10-24,2023-03-12
9318022,Northern Light,Tanker,46,2019-02-22,2019-09-07
9732682,Hafnia Kirsten,Tanker,46,2019-04-01,2026-05-24
9334038,Yasa Goldenbosphorus,Tanker,46,2019-02-14,2021-07-21
9829681,Chem Silicon,Tanker,46,2021-07-03,2025-05-19
9827463,Chemstar Iris,Tanker,46,2020-09-19,2025-05-28
9717292,Cielo Di Salerno,Tanker,46,2019-07-27,2023-03-11
9337523,Seaways Star,Tanker,46,2023-06-24,2025-06-10
9829461,Sti Mystery,Tanker,46,2019-04-28,2026-04-01
9764491,Stolt Maple,Tanker,46,2019-03-04,2026-07-31
9772852,Hellas Apollo,Tanker,46,2019-05-07,2024-09-04
9332872,Le Havre Express,Container,46,2024-11-07,2026-05-25
9352200,Stolt Sagaland,Tanker,46,2019-08-12,2024-01-31
9558957,Chemical Master,Tanker,46,2019-01-23,2026-07-05
9923425,Proteus Philippa,Tanker,46,2024-04-19,2024-08-14
9923748,Stena Promise,Tanker,46,2023-10-05,2026-01-14
9312860,Limerick Spirit,Tanker,46,2020-09-25,2024-04-14
9776456,Mtm Kobe,Tanker,46,2019-05-22,2026-05-15
9800192,Clearocean Music,Tanker,46,2022-06-09,2025-10-15
9402471,Fulmar,Tanker,46,2020-04-27,2023-06-11
9581423,Ginga Ocelot,Tanker,46,2020-01-28,2026-04-03
9624079,Nordorchid,Tanker,46,2019-09-07,2025-06-14
9705720,Chem Houston,Tanker,46,2019-02-28,2024-01-03
9847231,Seagalaxy,Tanker,46,2021-03-21,2024-10-03
9441180,Cape Tees,Tanker,45,2024-05-21,2025-10-19
9196838,Msc York VII,Container,45,2019-04-19,2023-10-06
9798363,Elaia,Tanker,45,2022-11-19,2023-08-24
9873644,Great Epsilon,Tanker,45,2020-10-21,2025-10-07
9391505,Rossa,Tanker,45,2020-07-10,2026-05-20
9587790,Chem Buldog,Tanker,45,2019-07-17,2024-04-25
9358955,Ibis Pacific,Tanker,45,2019-04-24,2023-03-10
9422536,Dubai Attraction,Tanker,45,2019-06-23,2026-04-05
9572264,Sebarok Spirit,Tanker,45,2020-06-09,2025-11-18
9388314,Bow Lind,Tanker,45,2019-07-16,2023-08-16
9441154,Maracaibo,Tanker,45,2021-01-10,2026-05-06
9424649,Ps Tokyo,Tanker,45,2020-08-15,2023-12-13
9258612,Champion Star,Tanker,44,2019-03-24,2023-12-01
9288813,Champion Endurance,Tanker,44,2020-03-19,2025-05-21
9911537,Bayou Sun,Tanker,44,2023-03-20,2026-07-04
9294678,Amazon Brilliance,Tanker,44,2019-01-02,2020-06-25
9489089,Uacc Mansouria,Tanker,44,2020-05-05,2025-02-01
9441855,Atlas T,Tanker,44,2022-07-31,2026-01-18
9347425,Maersk Erie,Container,44,2020-06-27,2022-03-16
9740586,High Challenge,Tanker,44,2019-01-29,2026-06-05
9260914,Venetiko,Container,44,2019-01-29,2020-06-09
9856555,Ionic Ariadne,Tanker,44,2021-06-08,2026-07-08
9289532,Apollon,Tanker,44,2020-05-23,2022-06-20
9292060,Tavrichesky Bridge,Tanker,44,2019-01-01,2020-03-30
9800025,Vari Trader,Tanker,44,2019-07-06,2021-09-09
9213105,Ems Trader,Container,44,2019-08-24,2020-03-04
9391983,Stolt Aguila,Tanker,44,2025-03-31,2026-07-29
9480227,Msc Vigo,Container,44,2023-11-16,2025-06-12
9302449,Maersk Dakar,Container,44,2019-01-05,2019-08-01
9318541,Ns Stream,Tanker,44,2019-05-22,2020-11-18
9291640,Artemis,Tanker,44,2019-01-22,2020-07-02
9719757,Hafnia Azotic,Tanker,44,2020-02-17,2025-06-04
9839105,Stavanger Poseidon,Tanker,44,2020-12-19,2025-01-06
9658379,Jag Priyanka,Tanker,44,2020-03-14,2025-12-30
9320441,Msc Carouge,Container,44,2023-02-13,2024-03-23
9540807,Sea Wolf I,Tanker,44,2019-12-21,2025-08-02
9392470,Torm Lilly,Tanker,44,2020-01-08,2026-07-15
9307059,Marcos V,Container,44,2022-05-06,2024-01-03
9260902,Aegiali,Container,44,2019-02-10,2020-03-30
9312779,Maersk Ontario,Container,44,2020-06-10,2022-03-25
9898527,Solar Tine,Tanker,44,2022-01-01,2026-06-06
9351634,Nave Equinox,Tanker,44,2020-03-18,2025-08-04
9288356,Energy Champion,Tanker,44,2019-05-03,2020-08-13
9791195,Fairchem Valor,Tanker,44,2022-04-15,2026-03-22
9902122,Yaca,Tanker,44,2022-05-15,2025-07-15
9573701,Bastille Street,Tanker,44,2019-03-21,2025-12-11
9836062,Torm Strong,Tanker,43,2019-12-16,2026-06-14
9353101,Chip,Tanker,43,2019-01-01,2026-07-20
9833668,Navig8 Gallantry,Tanker,43,2019-07-31,2026-04-19
9278674,Wisdom Star,Tanker,43,2019-09-26,2025-12-31
9267649,Msc Phoenix,Container,43,2024-02-10,2026-04-07
9514171,Peak Spirit,Tanker,43,2022-09-11,2026-01-19
9336426,Bergitta,Tanker,43,2019-08-23,2021-06-27
9196709,Chem Patriot,Tanker,43,2019-03-23,2024-06-03
9459072,Nave Aquila,Tanker,43,2019-12-29,2026-07-13
9438444,Norstar Biscay,Tanker,43,2019-01-24,2020-06-19
9709776,Hafnia Ane,Tanker,43,2019-08-02,2022-04-08
9895915,Eurosailor,Tanker,43,2021-05-14,2026-03-14
9739317,Stolt Magnesium,Tanker,43,2019-01-19,2025-02-13
8919037,Stolt Spruce,Tanker,43,2019-01-10,2020-03-26
9758038,Bow Glory,Tanker,43,2019-02-18,2026-07-30
9367750,Dee4 Elm,Tanker,43,2019-04-27,2022-01-18
9265861,Johnny Traveller,Tanker,43,2019-01-25,2023-07-06
9425497,Patrick C,Tanker,43,2023-12-12,2025-12-08
9389318,Cartagena,Tanker,43,2019-01-08,2023-06-16
9942304,Energy Afrodite,Tanker,43,2022-12-12,2026-07-21
9956422,Bochem Shanghai,Tanker,43,2024-08-14,2026-03-31
9447914,Torrente,Container,43,2019-09-25,2021-04-11
9304306,Orchid Americas,Tanker,43,2019-04-27,2023-05-04
9439802,Das,Tanker,43,2022-01-26,2026-05-31
9900825,Clearocean Maverick,Tanker,42,2021-12-30,2026-03-06
9298351,Mirela S,Tanker,42,2019-04-21,2022-12-31
9787194,Minerva Olympia,Tanker,42,2019-08-02,2022-04-09
9285988,Europe,Container,42,2020-08-03,2022-09-24
9442550,Ginga Lynx,Tanker,42,2019-04-11,2023-10-23
9388015,Evgenia S,Tanker,42,2019-02-01,2026-04-23
9505936,Stolt Ilex,Tanker,42,2019-02-07,2026-05-21
9317951,Minerva Libra,Tanker,42,2019-04-02,2024-08-07
9802176,Sea Puma,Tanker,42,2020-07-17,2023-03-11
9854789,Torm Sublime,Tanker,42,2020-01-29,2025-03-24
9960590,Venture Creole,Tanker,42,2025-08-30,2026-07-11
9740794,Lavender Ray,Tanker,42,2019-02-13,2025-11-01
9667497,Stena Important,Tanker,42,2020-05-26,2024-09-23
9686728,Malazgirt,Tanker,42,2021-03-25,2026-07-20
9359375,Stolt Sisto,Tanker,42,2020-03-03,2023-07-30
9391488,Valle Azzurra,Tanker,42,2019-01-03,2025-06-17
9267651,Genoa,Container,42,2019-01-03,2020-04-26
9698290,Gas Respect,Gas,42,2020-07-05,2024-12-28
9740782,Chem Gallium,Tanker,42,2019-12-31,2026-07-31
9225665,Msc Laura,Container,42,2019-08-09,2020-08-26
9876397,Petrel Pacific,Tanker,42,2022-03-05,2024-04-12
9804904,Chemstar Sapphire,Tanker,42,2021-02-08,2024-08-02
9442548,Pvt Clara,Tanker,42,2019-11-19,2023-09-20
9379313,Nave Pulsar,Tanker,42,2019-01-09,2024-07-24
9788497,St Petri,Tanker,42,2019-06-22,2026-05-02
9318034,Atlantica Bell,Tanker,42,2019-02-14,2022-11-17
9470258,Seaways Milos,Tanker,42,2019-08-17,2025-08-11
9396775,Elegant Grace,Tanker,42,2019-01-19,2024-01-22
9294525,As Patria,Container,42,2019-01-05,2019-08-04
9192399,Celeb Constellation,Passenger,42,2024-01-05,2026-02-19
9298387,Rosy,Tanker,42,2019-05-25,2021-12-31
9330379,Chemical Voyager,Tanker,42,2025-08-06,2026-06-14
9935909,Largo Eden,Tanker,42,2022-10-19,2026-04-19
9396751,Corallo I,Tanker,42,2019-10-10,2026-01-13
9216987,Rio Blackwater,Container,42,2019-01-14,2020-07-16
9696565,Sti Finchley,Tanker,42,2021-06-16,2023-02-08
9275971,Msc Marina,Container,42,2021-06-30,2026-06-29
9473119,Harbour First,Tanker,41,2020-03-28,2025-10-11
9580390,Seaways Eagle,Tanker,41,2019-09-24,2025-04-24
9692325,Silver Zoe,Tanker,41,2019-05-01,2026-04-14
9667461,Stena Impression,Tanker,41,2019-03-02,2025-12-20
9433066,Acrux N,Container,41,2020-05-27,2021-01-14
9395331,Corossol,Tanker,41,2019-05-03,2023-11-22
9399894,Gerakas,Tanker,41,2019-09-06,2025-02-03
9528366,Fpmc 27,Tanker,41,2019-06-03,2023-02-15
9470909,Sea La Bamba,Tanker,41,2022-08-01,2026-03-07
9713856,Bw Wren,Tanker,41,2021-01-15,2025-09-08
9822229,Yufu Crown,Tanker,41,2020-08-23,2025-12-28
9247742,Msc Bosphorus,Container,41,2019-11-11,2025-05-17
9622849,Devon Bay,Bulk,41,2019-06-05,2025-02-26
9333280,Magellan Endeavour,Tanker,41,2019-07-26,2023-03-31
9749398,Mtm New Orleans,Tanker,41,2019-10-08,2024-12-22
9884837,Celsius Portsmouth,Tanker,41,2022-08-10,2025-09-05
9281578,Loukas I,Tanker,41,2019-04-01,2022-10-05
9422201,Eagle Kinarut,Tanker,41,2019-06-20,2020-07-30
9637088,Ardmore Seavanguard,Tanker,41,2020-11-18,2025-12-30
8819512,Majesty Of The Seas,Passenger,41,2020-01-10,2020-03-15
9810226,Hafnia Pacific,Tanker,41,2019-08-14,2024-08-11
9718856,Silver Muna,Tanker,41,2019-01-06,2026-02-10
9752046,Bow Hercules,Tanker,40,2020-04-17,2021-10-29
9439773,Dalma,Tanker,40,2021-02-18,2024-09-20
9337511,Seaways Grace,Tanker,40,2020-10-02,2024-09-28
9335197,Cma Cgm Alcazar,Container,40,2019-01-05,2020-12-23
9252565,Northern Majestic,Container,40,2022-07-03,2023-08-24
9323766,Celsius Manhattan,Tanker,40,2019-09-07,2021-03-29
9683348,Silver Gertrude,Tanker,40,2020-03-21,2026-02-01
9384021,Oaktree,Tanker,40,2020-12-04,2025-10-14
9788540,Pacific Azur,Tanker,40,2019-03-30,2024-06-28
9302102,Rdo Endeavour,Container,40,2024-02-19,2025-09-15
9325611,Dumbledore,Tanker,40,2019-11-03,2022-04-05
9262584,Chembulk New York,Tanker,40,2019-01-25,2019-07-15
9779953,Advantage Angel,Tanker,40,2020-03-12,2025-07-31
9891696,Aifanourios,Tanker,40,2022-07-20,2025-02-08
9749025,Bochem Marengo,Tanker,40,2025-01-04,2025-07-12
9833589,Sti Maverick,Tanker,40,2020-01-31,2026-02-02
9330525,Gsl Lalo,Container,40,2023-08-23,2024-03-20
9305855,Minerva Grace,Tanker,40,2019-01-15,2025-11-11
9656890,P Long Beach,Tanker,40,2020-12-23,2024-11-03
9696254,High Trust,Tanker,40,2020-08-13,2024-08-04
9674567,Cma Cgm Thames,Container,40,2023-08-12,2025-07-25
9730347,Santiago I,Tanker,40,2022-06-14,2025-10-05
9374533,Mtm Amazon,Tanker,40,2020-03-13,2026-04-05
9417323,Whistler Spirit,Tanker,40,2019-01-05,2024-12-27
9240897,Torm Gerd,Tanker,40,2019-06-25,2019-12-30
9345908,m Shanghai,Tanker,40,2020-06-20,2022-11-11
9928750,Energy Artemis,Tanker,40,2023-03-23,2026-07-16
9683350,Torm Diwata,Tanker,40,2022-04-28,2025-06-26
9473080,Harbour Fashion,Tanker,40,2020-05-08,2025-07-28
9749685,Katana Galaxy,Tanker,40,2019-01-27,2026-06-13
9378371,Fantasia,Tanker,40,2021-04-15,2026-06-14
9700471,Seaways Jeju,Tanker,40,2019-09-09,2024-09-09
9565742,Pvt Sunrise,Tanker,40,2019-09-20,2024-09-15
9829722,Magenta Ray,Tanker,40,2020-01-10,2023-08-13
9327803,Msc Long Beach Vi,Container,40,2023-11-10,2025-06-23
9458822,Altum Sidus,Tanker,40,2019-11-05,2026-07-17
9688427,Hafnia Caterina,Tanker,40,2019-11-19,2026-06-24
9827059,Nord Valorous,Tanker,40,2019-07-23,2025-08-03
9950284,Rishiri Galaxy,Tanker,40,2023-06-30,2026-03-11
9492309,The Amigo,Tanker,40,2019-05-02,2025-02-03
9572757,Harbour Pioneer,Tanker,40,2020-08-16,2026-05-02
9820544,Amazon Fortitude,Tanker,39,2019-01-15,2022-11-07
9700469,Seaways Kolberg,Tanker,39,2020-04-03,2023-06-11
9451991,Oceanic Breeze,Gas,39,2023-03-14,2024-10-28
9460576,Baroness,Tanker,39,2019-01-06,2022-07-14
9441166,Cape Tampa,Tanker,39,2020-09-25,2026-03-30
9882396,Solar Katherine,Tanker,39,2022-04-23,2024-11-22
9315226,Maersk Sembawang,Container,39,2022-04-01,2023-10-05
9911501,Seymour Sun,Tanker,39,2022-09-05,2026-07-24
9607174,Hafnia Egret,Tanker,39,2022-04-24,2026-07-25
9420710,Bochem Oslo,Tanker,39,2021-12-23,2025-12-01
9400409,Jbu Opal,Tanker,39,2022-06-01,2025-04-12
9433901,Kizomba,Tanker,39,2021-02-08,2026-04-12
9934905,Meronas,Tanker,39,2022-10-02,2024-10-27
9326914,Torm Adventurer,Tanker,39,2019-05-12,2023-11-22
9888340,Yasa Orion,Tanker,39,2021-06-30,2024-08-22
9396799,Sunny Bay,Tanker,39,2019-08-18,2021-04-01
9688350,Torm Davao,Tanker,39,2021-01-20,2026-05-08
9635755,Valle Luna,Tanker,39,2019-10-28,2025-04-20
9347748,Erria Swan,Tanker,39,2020-12-17,2024-03-16
9777369,Bow Neon,Tanker,39,2019-12-07,2021-03-05
9657064,Pyxis Theta,Tanker,39,2019-08-31,2024-08-01
9589944,Nave Cetus,Tanker,39,2019-01-09,2026-05-29
9908504,Ps Imabari,Tanker,39,2022-07-21,2025-02-05
9331012,Cma Cgm Tarpon,Container,39,2019-02-09,2020-02-13
9909572,Mari Innovator,Tanker,39,2023-03-25,2026-01-26
9480215,Msc Coruna,Container,39,2024-10-22,2025-12-13
9299795,Cma Cgm La Traviata,Container,39,2019-09-09,2026-03-27
9793387,Orient Innovation,Tanker,39,2023-12-27,2026-06-13
9419553,Four Wind,Tanker,39,2019-04-24,2025-02-09
9489091,Uacc Marah,Tanker,39,2020-04-16,2022-01-20
9367683,Kalinka,Tanker,39,2019-04-23,2022-12-31
9704441,Zoilo,Tanker,38,2019-04-20,2026-01-11
9043093,Bomar Lynx,Tanker,38,2019-01-17,2020-05-27
9381768,Velos Leo,Tanker,38,2019-05-22,2023-01-20
9380398,Minerva Antonia,Tanker,38,2019-05-13,2022-09-08
9967251,Herolds Bay,Tanker,38,2023-11-29,2025-01-04
9318060,Belita,Container,38,2019-12-31,2024-01-06
9387580,Valle Bianca,Tanker,38,2019-11-06,2026-07-31
9405904,Klara,Tanker,38,2022-06-28,2026-01-21
9772058,Pacific Debbie,Tanker,38,2019-02-09,2022-01-27
9407160,Seaspan Empire,Container,38,2023-08-12,2025-09-24
9895927,Eurotrader,Tanker,38,2022-01-09,2025-12-25
9768514,Iver Ambassador,Tanker,38,2020-02-02,2020-05-11
9721906,Marlin Aquamarine,Tanker,38,2019-05-26,2026-01-30
9447744,Champion Cornelia,Tanker,38,2021-01-26,2026-04-13
9323390,Salacgriva,Tanker,38,2021-03-14,2026-03-30
9725823,Caifu Chao,Tanker,38,2024-02-27,2026-07-11
9891660,Aigeorgis,Tanker,38,2021-08-24,2024-02-03
9458858,Uacc Shamiya,Tanker,38,2020-01-04,2025-07-10
9617442,Cech,Tanker,38,2024-09-22,2025-07-08
9520869,Flagship Ivy,Tanker,38,2019-01-08,2023-12-15
9797383,Stena Imperator,Tanker,38,2019-09-07,2024-01-11
9402483,Dubai Glamour,Tanker,38,2019-03-18,2023-01-08
9258155,Ginga Saker,Tanker,38,2022-08-03,2024-01-18
9353228,Northern Debonair,Container,38,2021-02-01,2022-04-16
9306574,Polyaigos,Tanker,38,2020-02-13,2025-05-01
9226932,Msc Barbara,Container,38,2019-01-03,2020-01-08
9247546,Ensenada,Container,38,2023-09-11,2025-11-04
9453963,Eagle Helsinki,Tanker,38,2019-09-01,2026-05-16
9581679,Fpmc 30,Tanker,38,2019-03-06,2024-08-23
9681120,Sti San Antonio,Tanker,38,2020-02-09,2024-09-29
9350032,Apl Florida,Container,38,2019-01-11,2024-05-11
9688415,Hafnia Andrea,Tanker,38,2019-09-26,2026-06-25
9411185,Ise Princess,Tanker,38,2022-07-26,2024-03-30
9451707,Uog Oslo,Tanker,38,2019-01-19,2023-08-19
9367530,Chemway Lara,Tanker,38,2019-02-09,2021-07-04
9309461,Msc Tomoko,Container,38,2024-10-30,2026-02-12
9494670,Glenda Meryl,Tanker,38,2019-10-27,2022-01-13
9116876,Vision Of The Seas,Passenger,38,2019-01-04,2019-03-09
9399882,Lefkara,Tanker,38,2022-12-26,2026-06-11
9873670,Great Thita,Tanker,38,2021-01-11,2026-06-22
9291456,m Antwerp,Tanker,37,2019-01-09,2022-04-11
9707869,Ardmore Chinook,Tanker,37,2019-09-21,2024-01-04
9318565,Sten Aurora,Tanker,37,2024-08-11,2025-02-01
9552666,Fairchem Aldebaran,Tanker,37,2020-02-20,2024-07-03
9901415,Aspen Express,Tanker,37,2022-01-01,2024-12-17
9637129,Doric Breeze,Tanker,37,2019-08-12,2023-01-03
9833670,Navig8 Guard,Tanker,37,2020-03-10,2025-12-19
9393096,Monte Tamaro,Tanker,37,2023-07-30,2026-05-27
9568495,Sakura Advance,Tanker,37,2021-11-16,2026-04-27
9323376,Piltene,Tanker,37,2019-04-07,2022-07-23
9826574,Fairchem Mako,Tanker,37,2019-08-15,2026-07-31
9682409,Silver Hannah,Tanker,37,2021-05-05,2026-04-25
9425980,Wawasan Bluefin,Tanker,37,2019-05-28,2020-12-22
9290488,Msc Niovi VIII,Container,37,2019-01-21,2026-05-27
9728435,Ionic Althea,Tanker,37,2021-07-18,2024-05-14
9748007,Palanca Cadiz,Tanker,37,2020-09-26,2021-10-30
9372494,Msc Soraya,Container,37,2019-10-18,2020-09-16
9686869,Sti Brixton,Tanker,37,2020-09-12,2021-04-27
9197296,Bow Star,Tanker,37,2019-11-16,2024-11-08
9917957,White Pearl,Tanker,37,2022-02-25,2026-06-09
9674555,Cma Cgm Tage,Container,37,2021-06-08,2023-10-20
9284697,Stolt Endurance,Tanker,37,2020-03-04,2024-06-01
9664720,Torm Birgitte,Tanker,37,2020-07-25,2024-11-19
9650339,Zhuang Yuan Ao,Tanker,37,2023-10-03,2024-06-21
9835056,Endeavour II,Tanker,37,2023-03-17,2024-07-26
9853254,Sea Elephant,Tanker,36,2020-06-25,2023-11-02
9359363,Brave Ocean,Tanker,36,2019-11-23,2025-09-04
9301744,Victory,Tanker,36,2019-06-04,2026-03-06
9408762,Seavoyager,Tanker,36,2023-07-08,2024-12-28
9216913,Elka Angelique,Tanker,36,2019-09-29,2020-12-23
9818515,Bow Orion,Tanker,36,2020-12-05,2023-11-02
9493133,Silver Ray,Tanker,36,2019-02-03,2024-08-17
9542166,Nv Minerva,Tanker,36,2019-11-21,2026-02-05
9215309,Bow Saga,Tanker,36,2020-08-21,2024-09-17
9794446,Sti Jardins,Tanker,36,2019-10-02,2024-09-29
9744908,Stolt Ebony,Tanker,36,2021-10-18,2025-06-30
9667942,Ardmore Endeavour,Tanker,36,2022-01-24,2026-07-05
9561370,Velos Forza,Tanker,36,2019-03-14,2022-08-07
9952177,Bow Lion,Tanker,36,2023-09-15,2025-07-19
9891672,Pegasus Star,Tanker,36,2021-11-27,2025-08-29
9792852,Argironissos,Tanker,36,2019-01-06,2021-04-24
9739290,Stolt Bismuth,Tanker,36,2022-05-14,2026-06-09
9831294,Navig8 Precision,Tanker,36,2020-06-15,2023-06-15
9301809,Seaspan Saigon,Container,36,2021-03-05,2025-01-02
9829473,Sti Marvel,Tanker,36,2020-07-05,2023-12-10
9351414,Hellespont Pride,Tanker,36,2021-07-12,2022-12-12
9982524,Nord Vulcan,Tanker,36,2024-08-23,2026-07-04
9407263,Cape Tempest,Tanker,36,2020-01-03,2025-12-29
9758026,Chemstar River,Tanker,36,2021-04-09,2024-12-21
9210074,Dimitris C,Container,36,2020-08-06,2021-08-26
9380051,Grace Leon,Tanker,36,2019-07-01,2026-01-04
9351531,Stolt Zulu,Tanker,36,2021-05-25,2026-06-29
9711468,Seasprite,Tanker,36,2019-04-03,2026-04-13
9331256,Elm Galaxy,Tanker,36,2020-11-15,2026-06-14
9899727,Stena Pro Patria,Tanker,36,2022-12-15,2026-04-22
9309423,Minerva Nounou,Tanker,36,2021-04-02,2024-08-07
9893008,Minerva Astra,Tanker,36,2021-09-09,2024-07-24
9595632,Hafnia Pioneer,Tanker,36,2019-05-26,2026-07-04
9702194,Nancy P,Tanker,36,2019-05-27,2021-12-28
9352860,Gaslog Savannah,Tanker,36,2025-03-03,2026-06-16
9208021,E R Seoul,Container,36,2019-03-02,2020-04-06
9773923,Signal Maya,Tanker,36,2019-08-13,2021-08-21
9718844,Silver Manoora,Tanker,36,2022-05-14,2025-10-18
9085558,Karlskrona,Container,36,2020-12-12,2024-05-02
9435026,Coe Luisa,Bulk,36,2019-03-30,2024-11-27
9828912,Largo Desert,Tanker,36,2019-08-14,2026-01-08
9392482,Torm Louise,Tanker,36,2019-05-25,2023-03-19
9829801,Cap Port Arthur,Tanker,36,2019-07-22,2026-06-02
9732254,Pacific Jewels,Tanker,36,2019-07-31,2021-02-04
9692387,Silver Ellie,Tanker,36,2019-01-10,2025-05-04
9661235,Torm Beatrice,Tanker,36,2020-02-24,2025-01-25
9295957,Chacabuco,Container,36,2019-02-27,2021-02-08
9792008,Southern Puma,Tanker,36,2019-02-26,2025-11-27
9253064,Eagle Tucson,Tanker,36,2019-06-08,2020-11-23
9592264,Nissos Serifos,Tanker,36,2019-05-10,2023-04-19
9308235,Damiania,Tanker,36,2019-03-14,2024-01-20
9459060,Nave Atria,Tanker,36,2019-01-06,2025-12-22
9857248,Yasa Swan,Tanker,36,2020-03-13,2025-11-19
9487471,Nave Capella,Tanker,36,2019-03-12,2019-11-15
9854363,Minerva Psara,Gas,36,2025-04-07,2026-07-24
9304356,Seapacis,Tanker,35,2019-02-10,2020-04-09
9441207,Mindoro Star,Tanker,35,2019-11-06,2025-10-28
9495765,Arica Express,Container,35,2021-10-26,2024-03-04
9196864,Sealand Michigan,Container,35,2019-01-07,2020-09-27
9315939,Champion Polar,Tanker,35,2022-03-16,2026-06-20
9727546,Hafnia Adamite,Tanker,35,2020-07-23,2026-05-19
9786243,Sm Falcon,Tanker,35,2021-05-11,2026-02-20
9301940,Seaways Luzon,Tanker,35,2022-03-11,2024-05-22
9407457,Matilda,Tanker,35,2022-02-20,2025-04-07
9380594,Steel,Tanker,35,2022-05-25,2026-05-21
9834337,Elandra Redwood,Tanker,35,2019-01-07,2025-01-13
9235725,Astro Saturn,Tanker,35,2019-04-05,2020-11-19
9221011,Maritime Gisela,Tanker,35,2023-03-13,2026-02-12
9529346,Ionic Astrapi,Tanker,35,2020-07-08,2022-08-16
9473107,Harbour Fountain,Tanker,35,2020-09-24,2024-09-29
9718777,Mahadah Silver,Tanker,35,2019-07-19,2025-05-23
9363479,Minerva Joy,Tanker,35,2019-03-02,2026-07-26
9718820,Sadah Silver,Tanker,35,2019-01-03,2024-12-28
9461661,Hafnia Andromeda,Tanker,35,2019-04-27,2025-04-21
9262974,Pac Acrux,(none),35,2019-01-01,2020-05-02
9482627,Sea Jaguar,Tanker,35,2019-06-16,2026-04-23
9848584,Mari Couva,Tanker,34,2021-04-01,2026-06-09
9470272,Seaways Leyte,Tanker,34,2020-07-27,2025-05-04
9938004,Chem Broadway,Tanker,34,2026-01-20,2026-06-05
9366287,Hansa Tromsoe,Tanker,34,2019-03-07,2025-08-22
9439395,Ps Amalfi,Tanker,34,2019-01-28,2025-09-19
9795969,Orange Spirit,Reefer,34,2021-11-14,2023-05-03
9746190,Sc Falcon,Tanker,34,2020-05-16,2024-08-23
9739288,Stolt Argon,Tanker,34,2020-02-03,2024-08-22
9521447,Nordtulip,Tanker,34,2022-06-09,2025-06-16
9470284,Seaways Samar,Tanker,34,2021-04-24,2024-08-14
9535137,Hella,Container,34,2021-12-30,2023-06-14
9967433,Mh Perseus,Container,34,2024-04-04,2025-10-01
9392822,Berica,Tanker,34,2020-05-28,2023-04-10
9883481,Lilac Ray,Tanker,34,2024-01-11,2025-04-19
9815252,Chem Lithium,Tanker,34,2021-09-06,2022-10-15
9392468,Torm Lotte,Tanker,34,2019-06-05,2025-07-20
9892078,Pacific Moonstone,Tanker,34,2021-09-18,2026-02-20
9812743,High Transporter,Tanker,34,2019-07-24,2025-02-02
9363819,Easterly As Omaria,Tanker,34,2021-12-04,2026-05-16
9258600,Rui Fu Tai,Tanker,34,2019-04-09,2024-09-03
9667485,Stena Imperial,Tanker,34,2023-02-07,2025-09-05
9976903,Nuaijah,Gas,34,2025-03-14,2026-06-22
9882425,Solar Claire,Tanker,34,2021-06-14,2026-03-13
9893022,Pacific Emerald,Tanker,34,2022-07-22,2025-07-07
9349540,Jazan,Container,34,2024-09-13,2026-06-24
9408310,Sea Voyager,Tanker,34,2019-01-02,2022-04-05
9859208,Ardmore Purpose,Tanker,34,2022-10-26,2026-02-23
9390927,Kerala,Tanker,34,2019-11-27,2022-05-31
9258026,Sea Horizon,Tanker,34,2019-02-07,2020-02-03
9287883,The Deputy,Tanker,34,2020-08-06,2020-11-22
9746188,Sc Mercury,Tanker,34,2021-02-25,2025-02-05
9736169,Magic Seas,Bulk,34,2022-03-13,2024-02-25
9865520,Eva Tokyo,Tanker,34,2020-03-21,2026-04-07
9724611,Catherine Grace,Tanker,34,2019-01-08,2025-02-05
9228320,Faithful Star,Tanker,34,2021-05-10,2025-08-01
9749386,Mtm New York,Tanker,34,2020-02-21,2026-07-29
9418377,Cma Cgm Veracruz,Container,34,2021-06-28,2023-05-14
9216925,Elka Eleftheria,Tanker,34,2019-03-24,2021-04-06
9494668,Aquarius T,Tanker,34,2019-07-21,2024-02-10
9410014,Seaways Oak,Tanker,34,2022-02-14,2024-12-10
9346469,Cabo San Antonio,Tanker,34,2022-09-13,2023-07-07
9470131,Advantage Award,Tanker,34,2019-03-28,2020-09-13
9394935,Everglades,Tanker,34,2020-08-28,2022-05-09
9436343,Grazia,Tanker,34,2019-04-27,2021-09-20
9818527,Bow Olympus,Tanker,34,2019-12-27,2023-05-12
9450624,Cma Cgm Dalila,Container,34,2019-03-07,2026-03-05
9835044,Stavanger Pioneer,Tanker,34,2020-06-06,2024-04-11
9340350,Owl 6,Tanker,34,2021-10-27,2026-02-15
9659660,The Blacksmith,Tanker,34,2020-07-19,2024-12-30
9417024,Eagle Kangar,Tanker,34,2019-01-20,2026-01-03
9747132,Allied Atlantic,Tanker,33,2019-09-18,2026-07-06
9440514,Pag,Tanker,33,2019-06-25,2024-12-15
9629940,Sti Ruby,Tanker,33,2020-02-26,2022-06-07
9836050,Torm Solution,Tanker,33,2021-01-11,2024-04-09
9681156,Sti Memphis,Tanker,33,2019-01-16,2026-02-27
9773753,Seacalm,Tanker,33,2021-09-26,2024-08-08
9722613,Hellas Avatar,Tanker,33,2019-05-03,2024-12-05
9337834,Sichem New York,Tanker,33,2019-02-03,2019-07-27
9478638,Seaways Skopelos,Tanker,33,2019-01-28,2026-07-27
9434228,Sven,Tanker,33,2019-11-05,2026-06-26
9282259,Msc Ela,Container,33,2024-05-17,2026-02-05
9697222,Dart,Tanker,33,2019-09-15,2026-06-23
9299549,Msc Judith,Container,33,2019-01-31,2020-04-25
9143219,Bow Cecil,Tanker,33,2023-01-17,2026-05-28
9682356,Silver Emily,Tanker,33,2019-12-27,2024-12-13
9774563,Mtm Big Apple,Tanker,33,2023-04-11,2026-07-31
9682241,Bw Osprey,Tanker,33,2019-04-22,2023-10-11
9827566,Chios Star,Tanker,33,2019-04-01,2025-12-17
9798076,Hellas Marianna,Tanker,33,2019-10-28,2024-03-29
9412464,Riverside,Tanker,33,2020-09-08,2022-04-15
9468530,Acacia Rubra,Tanker,33,2024-02-24,2024-07-21
9266877,Sea Vine,Tanker,33,2020-03-05,2023-02-19
9272668,Stolt Acer,Tanker,33,2022-10-05,2025-10-28
9718870,Silver Heba,Tanker,33,2019-08-25,2023-04-20
9895903,Eurochamp,Tanker,33,2022-09-16,2026-07-27
9773052,Tenacity Venture,Tanker,33,2020-01-16,2025-06-20
9278662,Blaamanen,Tanker,32,2019-10-28,2024-04-30
9484912,Team Allegro,Tanker,32,2019-06-15,2020-03-05
9915911,Kunlun,Tanker,32,2026-01-16,2026-07-30
9911525,Andean Sun,Tanker,32,2022-08-13,2026-04-19
9361524,New Activity,Tanker,32,2020-04-26,2021-05-09
9619426,Msc Altamira,Container,32,2020-10-16,2022-08-07
9328285,Seaways Hercules,Tanker,32,2020-09-16,2025-09-05
9307827,Minerva Virgo,Tanker,32,2023-11-24,2025-09-06
9485849,Tg Aries,Tanker,32,2019-02-25,2024-11-01
9697909,Dee4 Larch,Tanker,32,2020-05-15,2025-06-08
9516258,Kourion,Tanker,32,2023-01-09,2026-07-13
9450789,Atalanta T,Tanker,32,2019-03-05,2026-05-29
9401233,Palawan Star,Tanker,32,2023-05-22,2025-04-18
9337028,Spinel,Container,32,2020-09-17,2021-01-12
9753703,Hafnia Tanzanite,Tanker,32,2019-02-03,2024-02-12
9645798,Pis Sumatera,Tanker,32,2019-03-23,2025-12-28
9439357,Owl 5,Tanker,32,2019-07-06,2025-11-06
9410882,Kalahari,Tanker,32,2020-06-19,2021-03-02
9731743,Hafnia Spark,Tanker,32,2020-07-26,2022-02-24
9848340,Maritime Amity,Tanker,32,2021-03-17,2024-12-05
9420758,Puma,Tanker,32,2019-04-09,2022-03-27
9925710,Reliability,Tanker,32,2025-03-17,2025-11-25
9845166,Fpmc 34,Tanker,32,2020-04-01,2025-04-07
9831309,Navig8 Prestige Jkb,Tanker,32,2021-01-11,2025-12-02
9292515,Erik Spirit,Tanker,32,2021-06-18,2022-12-21
9405320,Gtm Germany,Tanker,32,2020-01-05,2023-06-08
9863417,Freedom Glory,Tanker,32,2022-05-19,2024-03-14
9282479,Magnus,Tanker,32,2021-05-16,2021-12-13
9420629,Sea Valiant,Tanker,32,2022-09-01,2025-12-20
9655975,Tristar Jisha,Tanker,32,2022-05-18,2026-06-04
9853228,Navig8 Gauntlet,Tanker,32,2019-11-06,2025-11-26
9304344,Marmotas,Tanker,32,2020-08-16,2021-08-02
9422665,Bonita Ann,Tanker,32,2020-06-11,2026-07-31
9363845,Stanley Park,Tanker,32,2022-06-07,2023-07-12
9176694,Trans Catalonia,Tanker,32,2020-10-07,2022-07-12
9674763,Beatrice,Tanker,32,2021-02-10,2024-03-04
9496599,Ym Essence,Container,32,2020-07-31,2021-04-06
9661247,Torm Belis,Tanker,32,2019-04-12,2025-06-25
9447067,Selenka,Tanker,32,2021-02-27,2026-05-27
9818216,Nordic Aquarius,Tanker,32,2022-08-26,2023-04-13
9718741,Muscat Silver,Tanker,32,2019-04-12,2021-11-01
9299628,Cma Cgm Otello,Container,32,2019-02-14,2023-12-06
9877614,Solar Sharna,Tanker,31,2021-03-18,2026-04-01
9732979,Mari Boyle,Tanker,31,2019-04-09,2024-08-12
9455806,Glenda Melanie,Tanker,31,2019-01-27,2022-11-30
9737577,Bochem Brussels,Tanker,31,2019-01-05,2021-04-07
9229300,Msc Catherine Vi,Container,31,2023-02-27,2024-01-04
9739329,Stolt Mercury,Tanker,31,2021-05-06,2026-07-01
9943322,Cl Emily Bronte,Tanker,31,2024-01-02,2024-11-27
9453975,Eagle Hatteras,Tanker,31,2019-09-09,2023-04-29
9326512,Aktea,Tanker,31,2019-01-07,2021-11-09
9301914,Torm Loke,Tanker,31,2019-05-12,2022-04-25
9547506,Elegant Voyager,Tanker,31,2022-01-07,2024-01-01
9466001,Torm Alexandra,Tanker,31,2019-05-25,2026-07-22
9282493,Tartan,Tanker,31,2021-04-05,2021-09-13
9482562,Elandra Baltic,Tanker,31,2022-08-28,2024-10-21
9817119,Cap Pembroke,Tanker,31,2019-06-14,2025-05-21
9358541,Sakura Princess,Tanker,31,2019-04-11,2022-12-20
9402794,Uog Phoenix,Tanker,31,2022-01-20,2024-02-04
9718868,Silver Hessa,Tanker,31,2019-04-28,2022-11-23
9695834,Clearocean Moritz,Tanker,31,2019-03-26,2025-04-06
9298674,Dubai Green,Tanker,31,2024-03-07,2025-10-22
9387944,Seaways Melina,Tanker,31,2019-09-29,2026-06-15
9285847,Wonder Sirius,Tanker,31,2019-08-05,2023-05-04
9395111,As Fiorella,Container,31,2020-02-12,2020-03-15
9447055,Manas,Tanker,31,2019-02-15,2023-09-25
9318333,Torm Thames,Tanker,31,2019-12-16,2024-05-22
9705732,Chem New York,Tanker,31,2019-06-06,2026-05-20
9971721,Nave Photon,Tanker,31,2025-11-07,2026-06-25
9418145,Navig8 Strength,Tanker,31,2021-01-19,2023-03-29
9388297,Selecao,Tanker,31,2020-02-12,2025-11-28
9892999,Minerva Alexandra,Tanker,31,2021-07-23,2024-10-14
9313498,Navigator Spirit,Tanker,30,2019-06-21,2021-03-11
9724063,Albatross Trader,Tanker,30,2019-08-14,2023-06-22
9361512,New Ability,Tanker,30,2019-11-24,2026-07-10
9254202,Andino Alpha,Tanker,30,2022-02-10,2023-11-01
9817107,Cap Quebec,Tanker,30,2020-09-13,2026-05-19
9786138,Maersk Cancun,Tanker,30,2019-04-27,2026-02-06
9708071,Hafnia Eagle,Tanker,30,2022-02-05,2026-06-20
9296822,Angelica Schulte,Tanker,30,2019-06-16,2022-01-16
9489106,Navig8 Universe,Tanker,30,2019-08-25,2025-12-24
9806706,Swan Dignity,Tanker,30,2021-02-11,2023-07-13
9325609,Star Merlin,Tanker,30,2019-02-11,2025-09-05
9732802,Trf Mobile,Tanker,30,2019-01-01,2021-10-11
9686699,Sti Virtus,Tanker,30,2020-01-17,2022-10-03
1584932,Andrea S,(none),30,2022-09-10,2022-09-20
9853242,Navig8 Gratitude,Tanker,30,2019-12-30,2026-06-26
9532771,Apl Turkey,Container,30,2022-12-15,2024-05-08
9379131,Cordoba,Tanker,30,2019-01-02,2024-09-16
9737101,Bristol Trader,Tanker,30,2019-04-29,2025-09-10
9380972,Easterly Lime Galaxy,Tanker,30,2023-04-28,2025-02-22
9256212,Colombo,Container,30,2019-10-28,2020-03-03
9387138,Seaways Mirage,Tanker,30,2020-08-28,2025-04-07
9315757,Arionas,Tanker,30,2020-02-07,2020-05-30
9934668,Marcella,Gas,30,2024-03-31,2025-08-11
9297321,Minerva Ellie,Tanker,30,2020-01-29,2022-04-10
9848326,Maritime Comity,Tanker,30,2021-01-07,2025-05-17
9764506,Stolt Palm,Tanker,30,2021-08-15,2026-07-31
9447756,Champion Julie,Tanker,30,2019-07-17,2026-04-24
9568500,Sakura Belle,Tanker,30,2019-05-04,2026-07-18
9785691,Sti Bosphorus,Tanker,30,2020-04-21,2024-08-27
9387281,Energy Centaur,Tanker,30,2019-05-15,2026-07-22
9829758,Ginga Copper,Tanker,30,2021-05-15,2025-07-06
9849045,Sea Eagle,Tanker,30,2019-08-14,2026-07-31
9794719,Hellas Tatiana,Tanker,30,2019-01-12,2024-10-21
9829485,Sti Magnetic,Tanker,30,2021-01-24,2022-07-11
9731729,Chem Sea 1,Tanker,30,2023-03-02,2026-04-10
9274094,Chemtrans Naos,Tanker,30,2019-12-04,2023-05-09
9813101,Barracuda,Tanker,30,2023-10-26,2025-06-25
9363481,Pacific Star,Tanker,30,2019-12-20,2025-10-16
9794159,Asphalt Synergy,Tanker,30,2019-06-20,2026-05-18
9440033,Torm India,Tanker,30,2019-06-30,2026-07-28
9731793,Chem Sceptrum,Tanker,30,2024-09-22,2026-02-01
9384033,Palma,Tanker,30,2022-12-25,2025-12-15
9906893,Pacific Citrine,Tanker,30,2024-08-07,2026-07-18
9892793,Eco Blizzard,Tanker,30,2021-04-12,2021-06-06
9215256,Bow Spring,(none),30,2019-09-13,2025-04-04
9357121,Louisiana Trader,Container,30,2020-07-15,2020-12-10
9752010,Bow Capricorn,Tanker,30,2019-07-30,2021-04-17
9853216,Navig8 Goal,Tanker,30,2020-11-07,2025-08-21
9808314,Gemma,Tanker,30,2023-10-02,2025-11-23
9127928,Sierra Queen,Reefer,30,2020-01-21,2022-08-28
9339272,Msc Pina,Container,30,2023-10-20,2026-01-19
9682382,Silver Carla,Tanker,30,2019-03-08,2021-08-22
9437983,Claret Prince,Tanker,30,2021-12-30,2024-02-09
9608752,San Du Ao,Tanker,30,2021-10-04,2025-12-30
9288849,Andrea Victory,Tanker,30,2019-02-12,2026-06-29
9441685,Pilargas,Tanker,30,2021-12-15,2022-05-17
9399909,Omodos,Tanker,30,2019-11-17,2026-03-29
9960588,Venture Acadia,Gas,30,2025-07-04,2026-07-26
9272204,Champion Concept,Tanker,29,2019-03-05,2026-03-13
9958004,Scarlet Robin,Tanker,29,2023-05-18,2025-07-06
9332183,Atlantic Eagle,Tanker,29,2019-01-14,2025-04-26
9594664,Aqualoyalty,Tanker,29,2019-05-07,2025-11-07
9389837,Seaways Guayaquil,Tanker,29,2022-08-28,2024-10-03
9272199,Champion Contest,Tanker,29,2019-09-14,2024-03-16
9359870,Gulf Huwaylat,Tanker,29,2025-10-11,2026-06-30
9798961,Ladon,Tanker,29,2021-11-18,2025-04-27
9280354,Commander,Tanker,29,2020-08-09,2024-08-05
9393101,Hafnia Zambesi,Tanker,29,2025-02-26,2026-01-20
9372432,Clipper Neptun,Tanker,29,2019-11-13,2023-09-01
9800647,Pacific Gold,Tanker,29,2020-08-29,2024-12-03
9505924,Mtm Houston,Tanker,29,2019-02-21,2026-06-27
9708629,Maersk Tampa,Tanker,29,2019-11-12,2026-07-19
9827578,Oinoussian Star,Tanker,29,2022-01-21,2025-12-18
9970363,Kalk Bay,Tanker,29,2024-04-02,2026-07-31
9774707,Spring Ploeg,Tanker,29,2020-02-08,2020-04-30
9829459,Ps Sydney,Tanker,29,2020-02-13,2023-07-16
9320398,Msc Lausanne,Container,29,2023-02-20,2023-12-11
9730878,Cabo Fuji,Tanker,29,2022-06-18,2023-07-21
9572276,Luzon Spirit,Tanker,29,2019-11-23,2025-01-25
9308091,Constellation,Tanker,29,2020-02-05,2025-03-21
9718428,Silver Entalina,Tanker,29,2019-10-18,2025-12-26
9422835,Garibaldi Spirit,Tanker,29,2019-01-11,2022-09-01
9979266,Oocl Veracruz,Container,29,2025-08-28,2026-07-29
9482550,Velos Aurora,Tanker,29,2019-07-09,2026-07-31
9916604,Clearocean Ginkgo,Tanker,29,2021-10-29,2025-12-09
9294666,Axios,Tanker,29,2022-10-07,2024-02-28
9450301,Northern Practise,Container,29,2020-12-15,2021-10-07
9735581,Hafnia Excelsior,Tanker,29,2019-09-18,2026-06-05
9694464,Bw Panther,Tanker,29,2021-03-06,2023-01-30
9550694,Uog Hermes,Tanker,29,2023-01-30,2023-11-01
9014444,Prince Of Seas,Reefer,29,2019-06-22,2021-06-05
9539597,Pacific Onyx,Tanker,29,2019-03-12,2024-07-03
9414022,Maran Atlas,Tanker,29,2019-01-25,2019-07-16
9374521,Stolt Pondo,Tanker,28,2019-03-13,2023-12-26
9787182,Minerva Zenobia,Tanker,28,2021-01-29,2021-09-10
9815458,Star River,Tanker,28,2019-01-07,2025-09-06
9459436,Hansa Granite,Container,28,2020-01-16,2020-11-28
9797735,Torm Supreme,Tanker,28,2019-09-20,2026-07-24
9654555,Ardmore Enterprise,Tanker,28,2020-02-04,2024-06-13
9411305,Torm Corrido,Tanker,28,2019-07-30,2024-05-04
9399923,Sc Equator,Tanker,28,2023-11-18,2026-04-27
9799642,Falcon Galaxy,Tanker,28,2021-02-22,2026-07-07
9267950,Keswick,Gas,28,2019-01-11,2019-02-28
9933638,Dee4 Kastania,Tanker,28,2022-09-25,2024-12-25
9742065,Mtm Tortola,Tanker,28,2019-01-07,2025-04-20
9506069,Hafnia Shinano,Tanker,28,2025-07-28,2026-02-17
9349655,Celsius Messina,Tanker,28,2020-09-09,2021-01-27
9786140,Maersk Capri,Tanker,28,2019-08-03,2025-03-27
9645413,Tp Spirit,Tanker,28,2021-07-29,2024-12-04
9314181,Dubai Diamond,Tanker,28,2021-10-07,2026-06-07
9254862,Skopelos,Tanker,28,2019-01-30,2020-11-15
9333656,Ice Fighter,Tanker,28,2020-01-23,2022-11-25
9229829,Dalian Express,Container,28,2025-03-24,2026-05-19
9299874,Ncc Najd,Tanker,28,2019-12-31,2023-02-20
9895197,Tp Endurance,Tanker,28,2022-01-09,2025-06-07
9952608,Lucky Trader,Tanker,28,2024-02-03,2025-11-14
9413547,Ns Arctic,Tanker,28,2019-11-14,2021-03-13
9305180,Patalya,Tanker,28,2019-07-27,2023-08-07
9943061,Andromeda,Tanker,28,2024-08-22,2026-02-14
9836440,Isabella M II,Tanker,28,2019-11-20,2026-01-30
9282053,Esther Spirit,Tanker,28,2020-06-09,2023-09-11
9403322,Atlantic T,Tanker,28,2020-01-17,2024-03-11
9349631,Ridgebury John B,Tanker,28,2019-08-21,2020-09-07
9877822,Cosmic Glory,Tanker,28,2022-07-08,2023-07-21
9312949,Maersk Huron,Container,28,2020-06-20,2021-06-16
9952983,Jessie Glory,Tanker,28,2024-09-25,2025-08-11
9724075,Elias Tsakos,Tanker,28,2019-06-02,2022-04-25
9485863,Fg Rotterdam,Tanker,28,2020-06-05,2025-05-23
9281932,Jag Pranav,Tanker,28,2024-03-05,2024-08-08
9266267,Stolt Betula,Tanker,28,2020-11-10,2024-02-26
9337286,Caribe Maria,Tanker,28,2021-03-09,2026-04-14
9417464,Aspasia Lemos,Tanker,28,2019-11-20,2021-09-24
9631125,Lori,Container,28,2024-10-28,2025-04-06
9401312,Samus Swan,Tanker,28,2020-02-05,2024-02-02
9724099,Birdie Trader,Tanker,28,2019-11-21,2022-12-05
9663740,Emily Oldendorff,Bulk,28,2020-04-30,2023-02-19
9693812,Weco Amelie,Tanker,28,2019-02-11,2025-02-04
9416032,Mtm Southport,Tanker,28,2020-05-23,2026-05-18
9970571,Venture Iberia,Tanker,28,2026-01-24,2026-07-29
9457713,Pine Olia,Tanker,28,2019-09-23,2023-12-20
9343778,Azalea Galaxy,Tanker,28,2020-05-29,2023-04-12
9417218,Virgo,Tanker,28,2019-03-14,2024-06-28
9753674,Hafnia Turquoise,Tanker,28,2019-03-15,2025-12-29
9402225,Raysut,Tanker,28,2025-10-18,2026-01-31
9478688,Pine Meadow,Tanker,28,2019-07-03,2020-07-19
9773739,Unity Venture,Tanker,28,2021-06-11,2025-06-30
9272656,Pac Adara,Bulk,28,2019-02-15,2020-04-09
9312858,Galway Spirit,Tanker,28,2023-12-21,2024-04-25
9328132,Chemtrans Carolina,Tanker,28,2021-05-01,2023-12-09
9708215,Ardmore Seafox,Tanker,27,2022-12-07,2026-05-21
9645786,S Fontvieille,Tanker,27,2021-10-06,2023-04-07
9455703,High Seas,Tanker,27,2019-06-02,2020-04-11
9683374,Silver London,Tanker,27,2021-03-07,2024-09-25
9700483,Athlos,Tanker,27,2020-05-29,2022-09-29
9833541,Sti Magister,Tanker,27,2019-12-12,2021-05-02
9733571,Epic Sardinia,Tanker,27,2022-01-08,2026-03-04
9724609,Sea Fractus,Tanker,27,2022-10-05,2026-04-01
9903126,Amades,Tanker,27,2022-04-09,2024-10-05
9307982,Idi,Tanker,27,2019-02-12,2021-03-17
9299551,Msc Vittoria,Container,27,2019-01-23,2020-07-09
9692258,Aquila,Tanker,27,2019-12-02,2020-07-02
9378199,Sichem Marseille,Tanker,27,2019-02-01,2019-12-11
9644225,Happy Lady,Tanker,27,2021-03-03,2024-11-29
9790361,St Clemens,Tanker,27,2019-05-29,2026-02-02
9380099,Platytera,Tanker,27,2020-12-11,2024-06-16
9398230,Astrid Schulte,Container,27,2020-01-31,2021-04-06
9288825,Wenche Victory,Tanker,27,2020-03-25,2024-08-24
9973353,White Allegra,Tanker,27,2025-05-25,2026-07-23
9919151,Sakura Voyager,Tanker,27,2023-06-06,2026-01-01
9283617,Pgc Ikaros,Tanker,27,2021-03-26,2023-01-03
9291262,Matterhorn Spirit,Tanker,27,2019-10-26,2022-06-13
9910337,Nord Ventura,Tanker,27,2022-06-12,2026-03-23
9829409,Arctos,Tanker,27,2022-06-30,2023-12-01
9733703,Mayaro,Tanker,27,2019-09-30,2021-06-23
9721920,Marlin Azurite,Tanker,27,2019-02-10,2024-11-17
9733545,Epic Shikoku,Tanker,27,2022-12-22,2026-04-19
9149328,Msc Nadriely,Container,27,2019-01-09,2019-04-05
9654581,Ardmore Explorer,Tanker,27,2021-06-11,2026-07-06
9787170,Minerva Karteria,Tanker,27,2021-02-25,2022-12-05
9735593,Hafnia Expedite,Tanker,27,2019-08-08,2022-12-16
9962407,Gaslog Italy,Gas,27,2025-05-29,2026-03-04
9877652,Solar Sheridan,Tanker,27,2021-05-16,2025-01-28
9875501,Tsurugi Galaxy,Tanker,27,2021-06-19,2026-04-13
9920306,Rooibos Galaxy,Tanker,27,2022-07-27,2026-03-17
9890927,Nord Miyako,Tanker,26,2022-11-18,2024-07-02
9439400,Ps Venezia,Tanker,26,2022-10-21,2023-05-14
9935143,Arachthos I,Tanker,26,2024-01-27,2024-11-27
9934149,St Nicholas,Tanker,26,2024-10-03,2026-06-11
9622019,Mediterranean Expres,Container,26,2021-06-07,2022-11-11
9976824,Bu Fintas,Tanker,26,2025-06-13,2026-07-06
9777371,Bow Palladium,Tanker,26,2020-01-03,2021-11-07
9823560,Marlin La Plata,Tanker,26,2025-05-12,2026-01-05
9746176,Sc Petrel,Tanker,26,2022-04-21,2024-07-29
9977220,Idasah,Gas,26,2025-04-22,2026-05-08
9045792,Green Brazil,(none),26,2019-01-04,2024-01-12
9362138,Ym Saturn,Tanker,26,2024-07-14,2025-02-07
9391440,Nord Minute,Tanker,26,2020-03-20,2021-12-16
9256028,Inca,Tanker,26,2019-09-02,2022-08-10
9898515,Solar Susie,Tanker,26,2022-07-01,2024-11-04
9443164,Torm Malaysia,Tanker,26,2019-04-26,2024-01-24
9660360,Amazon Virtue,Tanker,26,2019-03-06,2023-08-20
9657040,Nave Luminosity,Tanker,26,2021-09-16,2023-01-10
9279111,m Tokyo,Tanker,26,2020-02-05,2022-03-13
9351440,Bellini,Tanker,26,2021-12-19,2025-02-25
9798349,Eco Marina Del Rey,Tanker,26,2019-05-22,2020-01-28
9583689,Hanjin Pioneer,Bulk,26,2023-07-17,2025-02-10
9700342,Seaways Lookout,Tanker,26,2022-09-12,2026-05-18
9755062,Cabo Misaki,Tanker,26,2020-02-20,2024-09-24
9831713,Fpmc 33,Tanker,26,2020-05-24,2023-02-23
9418573,Kriti Bay,Tanker,26,2020-03-27,2022-04-22
9863429,Maritime Glory,Tanker,26,2022-06-11,2025-10-04
9635822,Hafnia Leopard,Tanker,26,2021-06-01,2025-08-06
9759800,Searanger,Tanker,26,2020-02-24,2026-07-11
9443152,Torm New Zealand,Tanker,26,2019-03-01,2024-08-18
9416824,Electa,Tanker,26,2021-07-17,2024-01-16
9893072,Pacific Pearl,Tanker,26,2022-08-28,2023-06-22
9246451,Port Union,Tanker,26,2019-01-22,2019-06-16
9365817,Thale Victory,Tanker,26,2022-01-18,2026-02-13
9471123,Gaschem Stade,Tanker,26,2019-02-03,2019-04-18
9285859,Dubai Horizon,Tanker,26,2019-10-09,2020-05-25
9854739,Sti Mighty,Tanker,26,2020-10-11,2025-09-11
9783007,Nordpenguin,Tanker,26,2019-12-08,2023-10-20
9939606,Lagom,Tanker,26,2024-11-06,2026-05-10
9970569,Venture Pelican,Gas,26,2025-10-18,2026-07-15
9311359,Cabo Froward,Tanker,26,2023-02-26,2025-08-24
9774898,Santos,Tanker,26,2020-01-06,2020-03-09
9273260,Torm Sara,Tanker,26,2020-08-10,2023-03-19
9746621,Poliegos,Tanker,26,2025-05-05,2025-06-06
9708772,Pyxis Lamda,Tanker,26,2022-09-02,2024-10-20
9358632,Om Shanghai,Tanker,26,2020-11-26,2026-05-29
9286231,Msc Everest VIII,Container,26,2025-06-15,2026-06-30
9682370,Silver Carolyn,Tanker,26,2020-07-15,2024-05-20
9314911,Maersk Mediterranean,Tanker,26,2020-02-23,2020-04-29
9337341,Yasa Golden Marmara,Tanker,26,2019-01-13,2020-09-20
9899739,Stena Pro Marine,Tanker,26,2023-10-16,2024-07-21
9568184,Jag Leela,Tanker,26,2022-09-03,2024-06-11
9765029,Searunner,Tanker,26,2021-04-27,2026-04-21
9728241,Minerva Baltica,Tanker,26,2021-01-06,2026-06-30
9290660,Chase Ocean,Tanker,26,2019-01-11,2025-03-17
9707261,Sti Manhattan,Tanker,26,2021-01-03,2022-02-15
9710488,Madelyn Grace,Tanker,26,2019-09-21,2026-06-02
9299214,Ottomana,Tanker,26,2019-07-03,2025-10-17
9447809,Oceanic Moon,Tanker,26,2022-08-15,2025-03-14
9911513,Grouse Sun,Tanker,26,2022-11-09,2026-07-14
9593244,Hanjin Leader,Bulk,26,2023-10-18,2025-03-23
9898498,Solar Sally,Tanker,26,2024-07-08,2026-05-04
9692351,Silver Ebalina,Tanker,26,2019-01-12,2026-06-26
9304320,Celsius Miami,Tanker,26,2020-12-12,2022-02-06
9374301,Seaways Muse,Tanker,26,2020-05-29,2026-06-21
9396488,Pericles,Tanker,26,2019-02-18,2021-08-18
9461697,Hafnia Crux,Tanker,26,2019-11-08,2025-01-30
9464326,Claxton Bay,Tanker,26,2019-01-01,2020-12-01
9406726,Ding Heng 38,Tanker,26,2019-01-14,2023-10-24
9407275,Nordic Basel,Tanker,26,2019-11-23,2023-04-10
9624768,Amelia,Tanker,25,2019-05-07,2025-11-23
9315903,Bosporos,Tanker,25,2020-05-25,2025-02-13
9977232,Umm Graybah,Gas,25,2025-09-07,2026-07-14
9297541,Bonita,Tanker,25,2020-10-09,2023-11-28
9877664,Solar Ailene,Tanker,25,2021-04-30,2022-11-10
9683398,Silver Rotterdam,Tanker,25,2019-01-08,2024-06-08
9251688,Msc Vanessa,Container,25,2019-09-23,2025-01-10
9215282,Bow Sea,Tanker,25,2019-05-19,2020-11-02
9395123,Ea Turia,Container,25,2023-04-19,2026-07-06
9308089,Conquest,Tanker,25,2019-01-18,2022-11-02
9849265,Clearocean Melody,Tanker,25,2022-01-18,2022-05-19
9406635,Cma Cgm Rabelais,Container,25,2020-06-08,2026-06-12
9299422,Maersk Bering,Tanker,25,2024-02-05,2024-09-25
9306782,Ns Century,Tanker,25,2019-09-30,2021-11-08
9718832,Khasab Silver,Tanker,25,2019-01-25,2022-07-17
9471329,Flagship Sage,Tanker,25,2019-02-10,2020-02-12
9974981,Victoria Bay,Tanker,25,2024-05-13,2025-11-01
9125279,Normanna,Tanker,25,2021-01-29,2022-12-02
9276248,Chembulk Yokohama,Tanker,25,2019-05-26,2020-05-16
9499371,Fiyuh,Tanker,25,2019-12-05,2026-04-18
9543110,Stena Convoy,Tanker,25,2022-10-01,2025-08-21
9480203,Msc Cadiz,Container,25,2025-07-22,2026-06-16
9433810,Uog Kyma,Tanker,25,2023-05-04,2024-03-10
9836048,Torm Success,Tanker,25,2020-06-22,2023-08-25
9301952,Seaways Visayas,Tanker,25,2022-09-02,2023-06-28
9242338,m Mumbai,Tanker,25,2019-01-09,2022-02-14
9275660,Conqueror,Tanker,25,2019-01-05,2020-09-22
9596272,Meridian Express,Tanker,25,2020-03-23,2022-04-17
9893084,Pacific Garnet,Tanker,25,2022-01-27,2026-05-31
9484089,Leyte Spirit,Tanker,25,2019-12-21,2021-01-17
9297333,Minerva Clara,Tanker,25,2019-07-14,2022-03-22
9288265,Energy Challenger,Tanker,25,2019-11-07,2020-07-09
9797400,Stena Impero,Tanker,25,2023-10-03,2025-04-18
9216901,Elka Nikolas,Tanker,25,2019-01-04,2019-10-14
9461685,Hafnia Lupus,Tanker,24,2019-09-28,2023-11-01
9765017,Searover,Tanker,24,2019-04-30,2021-11-30
9833553,Sti Mythic,Tanker,24,2022-01-20,2025-05-08
9360453,Eagle Torrance,Tanker,24,2019-03-09,2021-11-10
9976886,Navig8 Excellence,Tanker,24,2025-02-05,2026-06-10
9242326,m Manila,Tanker,24,2020-06-29,2022-09-06
9397042,Sichem Beijing,Tanker,24,2019-06-15,2019-08-28
9406714,Susana S,Tanker,24,2022-03-28,2023-01-17
9832559,Crudesun,Tanker,24,2019-10-02,2022-11-18
9717280,Cielo Di Hanoi,Tanker,24,2019-04-28,2026-07-11
9382956,Selini,Tanker,24,2021-12-17,2023-03-14
9934890,Irini,Tanker,24,2022-09-04,2024-10-12
9732242,Pacific Treasures,Tanker,24,2020-10-14,2024-04-04
9934888,Stena Conductor,Tanker,24,2023-05-06,2026-05-16
9397511,Lysias,Tanker,24,2020-09-18,2022-06-27
9707819,Vukovar,Tanker,24,2019-06-21,2025-10-04
9333046,Nelson,Container,24,2019-01-17,2020-03-25
9423724,Easterly Birdie,Tanker,24,2020-06-12,2026-05-06
9415741,Georgina Pg,Tanker,24,2019-01-21,2019-07-04
9226920,Msc Marianna,Container,24,2024-03-11,2025-02-25
9590905,Cepolis,Tanker,24,2025-07-02,2026-07-23
9765354,Rs Tara,Tanker,24,2019-06-30,2022-07-23
9351933,Dongbang Giant No 1,Bulk,24,2023-09-04,2025-03-07
9248409,Seoul Spirit,Tanker,24,2021-12-01,2024-06-05
9969089,Cma Cgm Mercantour,Container,24,2023-12-04,2025-11-30
9705902,Elka Delphi,Tanker,24,2023-11-30,2026-03-05
9407366,Axios Star,Tanker,24,2019-03-07,2026-06-16
9811127,Stolt Tucan,Tanker,24,2020-04-21,2026-05-06
9722625,Hellas Fighter,Tanker,24,2022-03-15,2024-01-16
9602992,Protector St George,Bulk,24,2021-01-11,2022-09-28
9234472,Elka Hercules,Tanker,24,2020-02-22,2022-06-08
9683049,Kmarin Rigour,Tanker,24,2022-05-23,2026-05-08
9392779,Seaways Polaris,Tanker,24,2021-07-13,2025-07-02
9935935,Largo Emerald,Tanker,24,2025-02-06,2026-06-30
9726463,Maersk Teesport,Tanker,24,2024-06-19,2025-10-10
9880350,Searhythm,Tanker,24,2024-01-12,2026-01-13
9251690,Msc Ludovica,Container,24,2024-03-26,2025-05-10
9414034,P Sophia,Tanker,24,2023-11-09,2024-07-31
9755050,Cabo Kamui,Tanker,24,2023-02-17,2024-01-27
9365269,Scot Flensburg,Tanker,24,2021-02-16,2024-06-23
9907768,Solar Ruba,Tanker,24,2023-09-20,2026-06-14
9290646,Torm Kansas,Tanker,24,2019-12-31,2022-05-03
9265914,Pac Alkaid,Bulk,24,2019-04-30,2020-04-17
9461673,Hafnia Taurus,Tanker,24,2019-09-11,2025-09-25
9323340,Targale,Tanker,24,2019-04-07,2023-02-22
9877793,Morning Glory,Tanker,24,2021-06-19,2025-05-10
9524982,Briolette,Tanker,24,2020-04-25,2023-06-17
9944144,Nord Volante,Tanker,24,2025-01-16,2025-03-03
9726619,Hafnia Lene,Tanker,24,2020-01-15,2026-07-23
9884825,Wonder Altair,Tanker,24,2021-10-09,2026-06-02
9571521,Minervagracht,Bulk,24,2019-04-02,2022-08-17
9214135,Banasol,Bulk,24,2019-07-23,2020-08-23
9467794,Hafnia Australia,Tanker,24,2022-11-16,2026-04-25
9766190,Hafnia Kallang,Tanker,24,2020-01-03,2023-12-12
9400849,Imperial,Tanker,24,2019-11-27,2022-09-13
9708239,Ardmore Seahawk,Tanker,24,2019-07-02,2019-12-01
9460136,P Aliki,Tanker,24,2019-06-12,2024-06-27
9847451,Doric Courage,Tanker,24,2023-05-11,2025-10-29
9383247,Sealand Philadelphia,Container,24,2024-07-23,2024-11-17
9275658,Energy Commander,Tanker,24,2019-04-13,2019-12-29
9373242,Malmo,Tanker,24,2020-04-30,2026-01-20
9743837,Concerto,Tanker,24,2024-06-03,2026-03-28
9670949,Bagheera,Tanker,24,2026-02-11,2026-07-31
9795074,Eagle Bintulu,Tanker,24,2022-05-17,2026-05-31
9759795,Searuby,Tanker,24,2019-03-05,2026-05-19
9505986,Ivory Ray,Tanker,24,2019-04-29,2021-03-28
9733351,Linken,Tanker,24,2021-08-24,2025-09-25
9854806,Torm Stellar,Tanker,24,2021-11-05,2024-02-22
9085560,Kokura,Container,24,2019-04-17,2020-01-28
9348704,Cma Cgm Florida,Container,24,2019-01-01,2019-09-21
9569255,Sea Affluence,Bulk,24,2021-09-11,2022-07-28
9350044,Apl California,Container,24,2025-09-12,2026-06-11
9706073,Hafnia Petrel,Tanker,24,2019-10-29,2023-02-19
9305623,Propontis,Tanker,24,2021-05-04,2026-06-10
9735610,Sti Experience,Tanker,24,2019-07-19,2019-11-19
9941295,Nord Master,Tanker,24,2025-07-24,2025-12-25
9907823,Solar Karen,Tanker,24,2022-03-16,2025-09-22
9314193,Dubai Gold,Tanker,24,2019-07-05,2026-07-03
9685463,Stena Imagination,Tanker,24,2019-11-07,2025-12-21
9200677,Msc Sydney Vi,Container,24,2025-11-27,2026-07-31
9523287,Ionic Aspis,Tanker,24,2022-07-30,2025-10-31
9290579,Torm Ragnhild,Tanker,24,2019-05-25,2022-01-24
9366263,Kardiani,Tanker,23,2019-05-21,2024-07-17
9380673,Nippon Princess,Tanker,23,2020-10-30,2023-01-23
9419735,Nord Stingray,Tanker,23,2020-05-18,2022-07-19
9387970,Energy Centurion,Tanker,23,2019-05-11,2019-10-13
9392793,Great White,Tanker,23,2019-06-06,2025-12-02
9795050,Eagle Brisbane,Tanker,23,2021-12-16,2022-08-11
9683037,Kmarin Resource,Tanker,23,2023-08-28,2025-07-24
9439383,Ps Genova,Tanker,23,2019-01-27,2024-05-13
9877626,Solar Nesrin,Tanker,23,2021-06-07,2024-02-28
9887803,Front Fusion,Tanker,23,2025-06-16,2026-03-23
9411290,Team Calypso,Tanker,23,2019-06-25,2020-03-22
9531765,San Beato,Tanker,23,2020-02-08,2020-08-10
9341079,Ns Corona,Tanker,23,2019-01-09,2021-06-02
9226918,Msc Melissa,Container,23,2020-05-09,2021-02-23
9298375,Carolus Magnus,Tanker,23,2021-06-18,2022-07-02
8912120,Green Costa Rica,Reefer,23,2019-01-11,2024-11-13
9306562,Dhonoussa,Tanker,23,2019-01-13,2021-01-25
9341093,Ns Consul,Tanker,23,2019-07-30,2021-08-19
9774575,Mtm Newport,Tanker,23,2021-01-31,2026-01-01
9538153,Vialli,Tanker,23,2022-03-19,2023-07-07
9367748,Aldabra,Tanker,23,2019-03-08,2023-12-16
9232450,Makronissos,Tanker,23,2019-04-17,2020-05-10
9386005,Seaspan Lima,Container,23,2025-03-26,2025-05-22
9814193,Boxer,Tanker,23,2020-09-13,2026-06-06
9718416,Silver Eburna,Tanker,23,2023-05-21,2025-05-18
9493494,Maple Pioneer,Bulk,23,2019-03-18,2020-05-13
9682461,Vela,Tanker,23,2019-02-26,2022-10-27
9641235,Costa Rica Express,Container,23,2025-10-31,2026-06-10
9897121,Uhl Freedom,Bulk,23,2021-09-11,2024-02-17
9346732,Fsl Hong Kong,Tanker,23,2019-12-21,2020-11-28
9455818,Glenda Melody,Tanker,23,2021-10-16,2022-06-28
9404936,Afra Mare,Tanker,23,2025-06-24,2026-04-29
9422550,Dubai Brilliance,Tanker,23,2020-09-01,2026-04-13
9899478,Cs Zhe Jiang,Tanker,23,2022-07-10,2024-11-23
9420631,Karavas,Tanker,23,2022-06-22,2026-03-08
9766217,Bw Nile,Tanker,23,2020-01-20,2022-01-08
9573672,Vendome Street,Tanker,23,2023-03-10,2025-05-04
9209283,Las Cuevas,Tanker,23,2020-08-07,2020-12-09
9853230,Navig8 Gladiator,Tanker,23,2021-05-17,2024-06-14
9314961,Monaco,Container,23,2020-01-13,2020-02-26
9892298,Asterix I,Gas,23,2025-03-24,2026-05-09
9845764,La Seine,Gas,23,2025-08-12,2026-03-14
9358307,Ps Dream,Tanker,23,2019-04-18,2023-03-07
9602710,Torm Integrity,Tanker,23,2019-03-29,2026-05-31
9419450,Advantage Avenue,Tanker,23,2019-01-15,2021-09-22
9984261,Ginga Prestige,Tanker,22,2025-08-21,2026-06-16
9405423,Serenea,Tanker,22,2020-01-31,2023-09-02
9676515,Wonder Maia,Tanker,22,2023-08-31,2026-06-27
9399260,Ncc Noor,Tanker,22,2023-04-30,2024-04-26
9266841,Sea Beech,Tanker,22,2019-11-21,2020-06-06
9298973,Voidomatis,Tanker,22,2019-04-27,2021-01-27
9686974,Sti Milwaukee,Tanker,22,2019-01-26,2022-04-26
9934670,Astor,Tanker,22,2025-03-18,2025-07-29
9433585,Pink Star,Tanker,22,2020-02-01,2023-12-29
9702209,Jane S,Tanker,22,2020-12-05,2022-02-28
9505819,Soho Square,Tanker,22,2022-09-16,2025-08-13
9774343,Gem No 3,Tanker,22,2019-08-16,2023-03-01
9864356,Castor,Tanker,22,2020-03-18,2024-02-25
9722637,Hellas Revenger,Tanker,22,2022-07-27,2024-06-25
9246449,Port Moody,Tanker,22,2019-02-10,2019-04-07
9975301,Fairchem Pathfinder,Tanker,22,2024-08-24,2025-08-04
9426312,Torm Gitte,Tanker,22,2023-07-16,2025-11-09
9433157,Jennifer Schepers,Container,22,2019-11-06,2020-01-10
9499486,Opec Victory,Tanker,22,2019-01-29,2024-12-01
9929821,Dee4 Nerium,Tanker,22,2023-05-07,2025-12-23
9354909,Atlantis Alexandria,Tanker,22,2019-10-14,2026-07-08
9412725,Jbu Sapphire,Tanker,22,2021-01-17,2025-02-01
9278052,Mtm Colorado,Tanker,22,2021-05-07,2023-08-29
9290608,Champion Ebony,Tanker,22,2022-11-30,2026-05-11
9859739,Energy Integrity,Gas,22,2025-02-05,2026-02-21
9292577,Kriti Emerald,Tanker,22,2019-03-18,2019-12-19
9375616,Torm Laura,Tanker,22,2020-03-13,2025-04-29
9335032,Mrc Sedef,Tanker,22,2019-10-18,2025-05-04
9742053,Halcon Trader,Tanker,22,2020-05-11,2021-04-20
9592288,Indigo Sun,Tanker,22,2019-11-25,2020-06-30
9198094,Minerva Alexandra,Tanker,22,2019-06-30,2019-07-30
9426441,Ionic Artemis,Tanker,22,2019-05-18,2021-06-03
9682332,Silver Orla,Tanker,22,2025-01-02,2026-07-07
9407380,Horizon Thetis,Tanker,22,2020-03-06,2021-02-23
9077044,Sulphur Enterprise,Other,22,2019-03-01,2026-07-27
9973676,Aqua Ray,Tanker,22,2024-09-02,2025-12-11
9849253,Resolve II,Tanker,22,2022-06-02,2023-10-26
9315886,Hayling Island,Container,22,2019-10-20,2019-12-25
9292101,Pasco Odin,Tanker,22,2022-08-18,2022-11-06
9637076,Ardmore Seavantage,Tanker,22,2021-10-26,2025-06-02
9800673,Pacific Tamerlane,Tanker,22,2022-05-21,2025-11-15
9354272,Aquarius,Tanker,22,2025-05-30,2025-12-04
9305489,E R Tianping,Container,22,2019-01-27,2019-12-25
9309588,Ns Stella,Tanker,22,2019-08-17,2020-06-27
9989223,Bow Tiger,Tanker,22,2025-06-24,2026-06-01
9674531,Cma Cgm Loire,Container,22,2022-09-10,2024-01-22
9265902,Pac Altair,Bulk,22,2019-05-13,2020-03-09
9480162,Ncc Dalia,Tanker,22,2021-04-13,2021-12-05
9726607,Hafnia Henriette,Tanker,22,2020-01-24,2025-05-25
9798351,Eldia,Tanker,22,2022-04-01,2023-01-24
9697210,Marlin Amber,Tanker,22,2019-07-01,2022-03-14
9265354,Aztec,Tanker,22,2022-05-05,2023-12-16
9853266,Navig8 Perseverance,Tanker,22,2021-07-06,2023-02-08
9231262,Msc Sweden Vi,Container,22,2024-08-22,2025-08-24
9676228,Penelope M,Gas,22,2021-11-10,2022-04-08
9450349,Northern Juvenile,Container,22,2021-12-16,2026-02-07
9854624,Energy Endeavour,Gas,22,2025-03-24,2026-06-11
9863235,Hafnia Nanjing,Tanker,22,2021-07-14,2026-05-15
9692478,T Kurucesme,Tanker,22,2022-09-03,2023-08-25
9262900,Minerva Lydia,Tanker,22,2021-08-04,2024-10-12
9337406,Banda Sea,Tanker,22,2019-01-01,2019-04-01
9322839,Minerva Atlantica,Tanker,22,2019-03-18,2019-09-12
9396660,Clio,Tanker,22,2019-02-23,2026-02-25
9250490,Torm Freya,Tanker,22,2019-02-27,2019-04-24
9367413,Orchid Sylt,Tanker,22,2020-11-30,2023-11-14
9334703,Laurentia Desgagnes,Tanker,22,2020-11-13,2021-04-29
8512956,Arctic Pearl,Bulk,22,2019-01-01,2019-07-27
9800659,Rich Rainbow,Tanker,22,2021-12-26,2026-06-30
9971707,Nave Cosmos,Tanker,22,2025-11-16,2026-05-17
9333175,Ventura,Passenger,22,2019-02-18,2026-03-20
9298507,Minerva Anna,Tanker,22,2019-09-02,2025-01-15
9403334,Avanti,Tanker,22,2019-02-17,2023-09-05
9386861,Maetiga,Tanker,22,2019-04-05,2020-03-05
9539913,Ardmore Seavaliant,Tanker,22,2024-12-01,2025-03-12
9697234,Marlin Ametrine,Tanker,22,2021-03-18,2024-01-06
9954199,Chem Lombard,Tanker,22,2026-06-16,2026-07-30
9435909,Overseas Santorini,Tanker,22,2020-03-05,2026-05-28
9390628,Dilong Spirit,Tanker,22,2024-06-24,2024-07-25
9788588,Challenge Pinnacle,Tanker,22,2020-07-20,2021-03-03
9380104,Mitera,Tanker,21,2020-01-09,2021-04-03
9788617,Pacific Cobalt,Tanker,21,2020-09-27,2023-09-19
9766310,Sonangol Cazenga,Tanker,21,2019-09-19,2022-06-13
9367695,Hansa Sealancer,Tanker,21,2019-01-19,2024-12-17
9864332,Stamatia,Tanker,21,2019-12-08,2022-03-15
9718090,Cl Zhaoge,Tanker,21,2020-08-28,2025-05-23
9707871,Ardmore Chippewa,Tanker,21,2019-05-08,2023-07-05
9619476,Msc Antigua,Container,21,2025-06-26,2025-12-28
9788552,Pacific Jasper,Tanker,21,2019-12-22,2024-04-13
9812755,Crimson Pearl,Tanker,21,2019-02-21,2021-05-22
9826720,Alexander,Tanker,21,2021-05-09,2023-11-12
9624782,Chemstar Jewel,Tanker,21,2020-03-11,2021-09-25
9417452,Chrysanthemum,Tanker,21,2021-10-29,2023-11-07
9726750,m Savannah,Tanker,21,2019-05-22,2022-09-02
9311725,Fsl Singapore,Tanker,21,2019-07-21,2022-04-04
9304332,Celsius Mumbai,Tanker,21,2019-04-28,2020-02-29
9290464,Seamax Norwalk,Container,21,2022-11-28,2023-10-15
9725598,Eco Revolution,Tanker,21,2024-12-30,2025-03-12
9629548,Seatreasure,Tanker,21,2019-06-10,2021-07-22
9233234,Minerva Maya,Tanker,21,2019-03-25,2019-07-28
9595137,Atria,Tanker,21,2019-10-10,2020-02-15
9214173,Hc Nadja Maria,Bulk,21,2019-04-28,2020-01-03
9821706,Elandra Sound,Tanker,21,2020-08-02,2021-01-08
9939620,Redamancy,Tanker,21,2025-03-24,2026-04-23
9085546,Maersk Kleven,Container,21,2022-07-01,2023-01-03
9953250,Umm Ghuwailina,Gas,21,2025-01-18,2026-03-02
9862932,Pacific Sentinel,Tanker,21,2021-11-26,2026-03-13
9252541,Msc Magnum VII,Container,21,2023-02-10,2023-09-07
9579511,Almi Globe,Tanker,21,2023-04-06,2024-04-27
9275725,Seaways Hellas,Tanker,21,2019-05-11,2020-06-11
9724582,Sea Caelum,Tanker,21,2023-08-16,2025-09-15
9946829,Celsius Gandhinagar,Gas,21,2025-06-02,2026-06-17
9390769,Torm Lene,Tanker,21,2020-03-11,2026-03-08
9422005,Emerald Spirit,Tanker,21,2019-02-08,2024-02-08
9692375,Silver Venus,Tanker,21,2019-06-17,2023-08-11
9394727,Asphalt Spring,Tanker,21,2019-02-21,2019-05-12
9686986,Ocios Ioannis,Tanker,21,2021-08-24,2026-07-30
9498389,Aal Pusan,Bulk,21,2020-08-06,2024-01-21
9280366,Confidence,Tanker,21,2019-04-09,2019-06-03
1054096,Bochem Santos,Tanker,21,2025-11-22,2026-04-21
9310707,Challenge Passage,Tanker,21,2020-02-16,2022-09-05
9318072,Los Angeles Spirit,Tanker,21,2019-03-15,2021-01-30
9801574,Dorado,Tanker,21,2022-06-23,2025-04-10
9724441,Loevstaken,Tanker,21,2022-06-16,2026-04-12
9396713,Aquadisiac,Tanker,21,2019-01-26,2021-02-20
9629964,Mrc Liva,Tanker,21,2022-02-28,2026-01-23
9304162,Christina B,Bulk,21,2019-09-29,2026-05-25
9594896,Flagship Tulip,Tanker,21,2019-04-07,2023-10-10
9985825,Nord Valhalla,Tanker,21,2025-05-21,2026-06-15
9505948,Songa Dream,Tanker,21,2019-03-25,2019-09-21
9935569,Akti A,Tanker,21,2025-01-26,2025-04-29
9820300,Marvin Faith,Tanker,20,2019-07-30,2020-06-16
9986049,Pheasant,Tanker,20,2025-02-22,2026-04-29
9510682,Torm Astrid,Tanker,20,2022-06-30,2023-12-08
9539561,Canal Street,Tanker,20,2021-12-23,2025-12-02
9170597,Trans Iberia,Gas,20,2020-09-20,2023-05-21
9494682,Glenda Melissa,Tanker,20,2021-05-12,2023-07-29
9512757,Andiamo,Tanker,20,2022-12-31,2023-12-12
9724623,Amfitrion,Tanker,20,2020-04-26,2024-10-25
9779795,Ionic Anassa,Tanker,20,2019-10-27,2026-03-10
9247443,Americas Spirit,Tanker,20,2019-01-31,2021-01-01
9318137,Evridiki,Tanker,20,2023-01-04,2023-11-04
9234496,Elka Bene,Tanker,20,2019-11-02,2021-12-06
9256860,Texas Star,Tanker,20,2019-03-08,2019-08-09
9780251,Front Castor,Tanker,20,2023-01-23,2023-06-21
9542178,Asp Lily,Tanker,20,2024-08-09,2024-09-26
9496604,Ym Enlightenment,Container,20,2020-08-31,2021-05-01
9396787,Isola Celeste,Tanker,20,2019-01-24,2019-11-23
9431317,Maersk Katalin,Tanker,20,2019-07-06,2023-05-26
9413573,Ns Africa,Tanker,20,2019-12-16,2021-11-09
9722687,Cma Cgm Ohio,Container,20,2025-01-02,2026-01-11
9498353,Aal Kembla,Bulk,20,2022-09-20,2026-03-31
9791315,Aristea,Tanker,20,2020-08-13,2024-05-23
9943346,Cl Agatha Christie,Tanker,20,2024-03-18,2025-01-19
9321677,Kronviken,Tanker,20,2019-03-25,2021-06-14
9479838,Turmoil,Tanker,20,2019-04-03,2025-07-26
9891684,Perseus Star,Tanker,20,2023-09-02,2026-05-04
9890446,Clearocean Marauder,Tanker,20,2022-04-28,2025-11-03
9573696,Pacific Quartz,Tanker,20,2022-06-04,2024-01-16
9596260,Pyxis Karteria,Tanker,20,2021-10-31,2025-05-18
9371684,Gaschem Caribic,Tanker,20,2019-11-13,2024-10-18
9885908,Bass,Tanker,20,2023-08-11,2024-12-31
1018872,Silver Moon,Tanker,20,2025-03-25,2026-07-07
9398216,Msc Antonia,Container,20,2023-01-27,2023-12-22
9313474,Pti Amazon,Tanker,20,2019-08-05,2020-01-22
9701566,Torm Kirsten,Tanker,20,2019-04-02,2026-05-11
9686766,Sti Gramercy,Tanker,20,2019-02-24,2019-03-27
9422512,Uog Constantine G,Tanker,20,2022-03-21,2025-06-06
9246798,Torm Mary,Tanker,20,2019-06-20,2019-08-05
9382982,Chantal,Tanker,20,2022-02-12,2023-07-20
9887621,Pratincole Pacific,Tanker,20,2022-12-13,2024-12-08
9722651,Cma Cgm Arkansas,Container,20,2024-08-21,2025-08-22
9829447,Sti Magic,Tanker,20,2023-02-21,2023-04-04
9717785,Seaways Cape May,Tanker,20,2019-08-24,2025-10-07
9717113,Sti Guide,Tanker,20,2025-10-16,2025-12-03
9322827,Minerva Antarctica,Tanker,20,2019-04-14,2019-09-19
9389071,Scorpio,Tanker,20,2020-07-10,2022-03-13
9288576,Sg Friendship,Tanker,20,2023-01-12,2024-12-28
9884801,Aquasmeralda,Tanker,20,2023-10-01,2024-07-24
9399272,Ncc Huda,Tanker,20,2021-10-17,2022-10-12
9289764,Reliance II,Tanker,20,2019-05-25,2019-10-06
9682318,Silver Ginny,Tanker,20,2020-12-18,2025-11-28
9282924,Mtm Gibraltar,Tanker,20,2019-02-01,2024-04-05
9853527,Maritime Gracious,Tanker,20,2021-07-13,2022-02-02
9304069,Bantry,Bulk,20,2020-11-29,2021-11-10
9428384,Gunmetal Jack,Tanker,20,2022-07-19,2022-09-04
9250165,m Yangon,Tanker,20,2019-09-15,2022-03-19
9335068,Ncc Haiel,Tanker,20,2022-02-01,2022-04-27
9250531,Wonder Musica,Tanker,20,2019-10-18,2022-03-10
9726475,Torm Troilus,Tanker,20,2023-10-08,2025-02-24
9577070,Advantage Pioneer,Tanker,20,2025-03-18,2026-07-31
9289556,Csl Manhattan,Container,20,2021-09-06,2022-05-10
9785407,Uhl Flash,Bulk,20,2019-09-05,2022-08-15
9308443,Jag Lyall,Tanker,20,2019-01-08,2022-07-10
9913511,Nafsika,Tanker,20,2022-08-10,2024-10-16
9505821,Haigui,Tanker,20,2025-12-05,2026-01-01
9326926,Torm Voyager,Tanker,20,2021-09-09,2025-03-10
9809394,Ginga Angel,Tanker,20,2023-09-19,2025-12-03
9694593,Wide Hotel,Container,20,2025-11-27,2026-06-29
9294288,Heng Hui Yong Wang,Tanker,20,2019-02-16,2024-05-24
9396763,Pyxis Malou,Tanker,20,2020-04-02,2022-04-22
9417206,Taurus,Tanker,20,2019-04-29,2020-09-25
9685475,Stena Immortal,Tanker,20,2023-12-08,2025-08-11
9577082,Scf Prime,Tanker,20,2019-09-05,2020-08-19
9618276,Msc Agrigento,Container,20,2024-01-20,2024-08-27
9755725,The Judge,Tanker,20,2020-10-04,2025-04-07
9711573,Hafnia Aquamarine,Tanker,20,2019-03-29,2026-07-26
9705885,Elka Astir,Tanker,20,2023-01-12,2024-08-14
9952971,Paula Glory,Tanker,20,2024-05-06,2026-06-29
9786231,Sm Osprey,Tanker,20,2019-01-28,2021-01-16
9692337,Silver Dover,Tanker,20,2019-06-27,2019-10-04
9733375,Slogen,Tanker,20,2024-07-18,2025-04-29
9681132,Mia Grace,Tanker,20,2020-12-25,2024-03-24
9290658,Ocean Euphrosyne,Tanker,20,2022-07-14,2026-01-08
9714513,Hafnia Ametrine,Tanker,20,2020-08-15,2024-11-15
9982548,Precious Adelaide,Tanker,20,2024-12-09,2025-01-28
9683984,Largo Energy,Tanker,20,2019-09-17,2023-01-12
9313486,Ark,Tanker,20,2019-05-24,2022-07-13
9189342,Tasman,Container,19,2023-01-29,2024-05-31
9402495,Dubai Charm,Tanker,19,2022-11-24,2024-11-07
9281011,Blue Pride,Tanker,19,2019-01-10,2019-02-24
9930519,Ps Stars,Tanker,19,2022-05-21,2026-04-22
9853553,Maritime Verity,Tanker,19,2021-10-31,2024-04-25
9392389,Celsius Rome,Tanker,19,2019-11-15,2021-04-21
9857224,Yasa Pelican,Tanker,19,2022-02-07,2026-05-28
9379143,Magic Wand,Tanker,19,2019-01-21,2019-03-08
9674775,Clarice,Tanker,19,2025-03-02,2025-03-31
9328297,Ridgebury Apollo,Tanker,19,2020-02-25,2022-06-28
9339985,Yasa Golden Dardanel,Tanker,19,2019-10-30,2020-05-10
9773741,Wisdom Venture,Tanker,19,2019-11-06,2026-06-10
9449429,Cape Dawson,Tanker,19,2019-04-18,2019-09-09
9472751,Orwell,Tanker,19,2019-07-19,2021-04-16
9593672,Kota Bahagia,Bulk,19,2019-06-29,2019-07-18
9542130,Bunga Lavender,Tanker,19,2021-09-02,2021-09-16
9689134,High Sun,Tanker,19,2019-01-23,2019-03-09
8919049,Stolt Cedar,Tanker,19,2019-02-04,2021-07-16
9794721,Hellas Margarita,Tanker,19,2019-02-24,2021-08-18
9282508,Forties,Tanker,19,2019-08-03,2021-05-13
9798959,Atlantic Marble,Tanker,19,2019-09-28,2024-11-13
9706841,Sti Brooklyn,Tanker,19,2022-04-11,2023-07-08
9319882,Houston Star,Tanker,19,2020-08-29,2021-08-06
9299630,Cma Cgm Nabucco,Container,19,2022-12-31,2023-10-06
9399911,Htm Warrior,Tanker,19,2019-08-23,2026-07-24
9379129,Rui Fu Sheng,Tanker,19,2019-06-23,2024-05-04
9704972,Msc Elodie,Container,19,2020-09-04,2021-08-11
9786164,Maersk Cayman,Tanker,19,2019-11-15,2022-12-11
9853541,Maritime Inspiration,Tanker,19,2021-09-19,2022-07-10
9379612,Sand,Tanker,19,2022-09-21,2025-05-09
9408322,Tarbet Spirit,Tanker,19,2021-05-06,2022-11-02
9440136,Torm Philippines,Tanker,19,2024-08-19,2026-07-26
9877585,Eco Joshua Park,Tanker,19,2022-06-10,2026-07-27
9594767,Seaways Colorado,Tanker,19,2019-11-14,2026-06-14
9739276,Hafnia Sol,Tanker,19,2022-03-15,2022-06-22
9402782,Ocean Electra,Tanker,19,2019-11-29,2024-11-26
9498341,Aal Brisbane,Bulk,19,2021-09-23,2023-08-25
9899363,Crude Levante,Tanker,19,2023-03-30,2025-05-13
9390692,Socrates,Tanker,19,2019-06-02,2022-07-01
9682459,Polaris,Tanker,19,2019-05-16,2019-06-17
9818541,Bow Optima,Tanker,19,2024-02-08,2024-07-18
9707845,Ardmore Cherokee,Tanker,19,2019-01-11,2024-11-09
9343209,Torm Cavatina,Tanker,19,2021-09-30,2025-02-26
9947378,Navig8 Providence,Tanker,19,2025-06-17,2026-02-18
9247455,Australian Spirit,Tanker,19,2020-08-21,2021-05-15
9423449,Seapike,Tanker,19,2024-01-13,2025-01-03
9176773,Angistri,Tanker,19,2019-04-02,2019-05-12
9171357,Nounou,Tanker,19,2019-11-07,2020-10-27
9919163,Clearocean Mesquite,Tanker,18,2023-07-07,2023-10-05
9914292,Fairchem Fynbos,Tanker,18,2022-07-31,2025-09-23
9383974,Atlantic Canyon,Tanker,18,2020-01-31,2020-02-20
9890939,Nord Mirai,Tanker,18,2023-11-21,2025-02-12
9380049,Rainbow Star,Tanker,18,2022-07-10,2026-07-20
9390587,Phoenix Hope,Tanker,18,2020-08-10,2022-01-06
9742077,Condor Trader,Tanker,18,2020-10-10,2023-10-11
9799862,Sfl Trinity,Tanker,18,2019-03-05,2020-06-03
9884253,Athina,Tanker,18,2022-10-05,2025-08-29
9299745,Mesaieed,Tanker,18,2020-04-12,2020-06-08
9747326,Pti Hudson,Tanker,18,2020-07-11,2023-12-16
9464560,Atlantic Symphony,Tanker,18,2019-03-16,2019-11-19
9315745,Agisilaos,Tanker,18,2019-04-27,2019-10-27
9724673,British Sailor,Tanker,18,2019-06-19,2019-08-08
9790672,Mtm Key West,Tanker,18,2023-01-14,2023-11-16
9358498,Feo Swan,Tanker,18,2022-06-19,2024-01-03
9421221,Qikiqtaaluk W,Tanker,18,2020-04-10,2021-03-28
9340489,Easterly As Olivia,Tanker,18,2020-11-25,2023-11-03
9301811,Seaspan Lahore,Container,18,2021-01-18,2021-05-12
9283784,Leonora Victory,Tanker,18,2021-12-09,2026-03-06
9924924,Gc Sapphire,Tanker,18,2024-02-24,2025-05-13
9418482,Stride,Tanker,18,2021-05-16,2022-03-15
9731755,Chem Stellar,Tanker,18,2024-05-21,2026-07-29
9236365,Maritime Rosemary,Tanker,18,2020-04-14,2020-07-27
9843352,Yuan Bei Hai,Tanker,18,2022-05-03,2023-12-08
9785706,Sti Leblon,Tanker,18,2025-02-28,2026-02-25
9341433,Om Singapore,Tanker,18,2019-04-16,2023-12-31
9381562,Gulf Baynunah,Tanker,18,2019-04-28,2020-02-19
9234599,Tintomara,Tanker,18,2019-05-08,2019-06-09
9747352,Acacia,Tanker,18,2022-06-15,2025-05-04
9410533,Med Atlantic,Tanker,18,2019-11-12,2020-08-10
9995428,Cape Andiamo,Tanker,18,2025-03-19,2026-03-14
9461702,Hafnia Phoenix,Tanker,18,2022-07-04,2022-10-10
9412737,Bow Compass,Tanker,18,2019-02-20,2019-02-27
9893606,Lng Endeavour,Gas,18,2025-09-22,2026-03-23
9692129,Nord Superior,Tanker,18,2022-02-25,2025-09-23
9380362,Seaways Citron,Tanker,18,2020-08-02,2023-12-28
9311012,Stolt Glory,Tanker,18,2024-08-01,2025-04-23
9978676,North Star,Tanker,18,2025-10-09,2025-12-28
9705914,Elka Elefsis,Tanker,18,2019-11-04,2024-05-24
9429182,Blue Prince,Tanker,18,2023-11-05,2024-08-23
9288863,Seaqueen,Tanker,18,2019-02-19,2022-04-18
9718076,Maersk Tokyo,Tanker,18,2021-04-18,2025-10-12
9402627,Maersk New Delhi,Container,18,2026-04-17,2026-07-08
9176761,Pelagos,Tanker,18,2019-01-04,2019-08-06
9940734,Chemical Frontier,Tanker,18,2023-03-25,2023-04-09
9706475,Sti Rotherhithe,Tanker,18,2019-01-04,2023-02-09
9332169,Atlantic Crown,Tanker,18,2022-02-03,2023-09-23
9829813,Cap Corpus Christi,Tanker,18,2019-08-08,2022-02-11
9329760,Norstar Intrepid,Tanker,18,2021-07-23,2023-04-05
9580182,Epic Beata,Gas,18,2025-06-17,2026-06-02
9870707,Nord Elegance,Tanker,18,2020-08-30,2022-05-20
9470959,Alpine Hibiscus,Tanker,18,2019-01-30,2019-04-09
9520857,Flagship Violet,Tanker,18,2023-06-18,2023-08-04
9456939,Flagship Orchid,Tanker,18,2019-10-04,2023-08-07
9617959,Hafnia Libra,Tanker,18,2020-10-27,2025-04-05
9358319,Ps Queen,Tanker,18,2022-10-05,2023-08-16
9697636,Seaways Castle Hill,Tanker,18,2022-12-02,2026-01-05
9637117,Doric Pioneer,Tanker,18,2020-07-26,2023-12-23
9276585,Minerva Roxanne,Tanker,18,2019-02-22,2022-02-10
9418133,Success,Tanker,18,2020-07-24,2025-06-06
9803429,Tanab,Tanker,18,2019-03-15,2019-06-16
9299719,Ns Champion,Tanker,18,2020-01-13,2022-01-11
9693018,Stena Immaculate,Tanker,18,2019-10-02,2021-11-14
9410911,Sunny Horizon,Tanker,18,2019-09-27,2021-02-18
9792840,Haifeng,Tanker,18,2024-03-16,2024-10-27
9418822,Harbour Express,Tanker,18,2023-03-29,2026-01-17
9441192,Nordic C,Tanker,18,2024-01-07,2025-08-19
9681857,High Loyalty,Tanker,18,2023-12-27,2025-03-27
9451226,Ali Ka,Tanker,18,2021-11-23,2022-01-14
9250099,Dimitra C,(none),18,2020-09-07,2021-03-10
9282998,Alabama Star,Tanker,18,2019-04-10,2020-07-03
9808168,Green Aura,Tanker,18,2025-07-10,2025-08-11
9478690,Alpine Liberty,Tanker,18,2019-11-16,2024-01-22
9325831,Minerva Pacifica,Tanker,18,2022-06-21,2024-05-08
9737527,Starling,Tanker,18,2020-08-02,2023-01-08
9977244,Umm Al Houl,Gas,18,2025-08-30,2026-04-17
9903970,Front Feature,Tanker,18,2024-12-08,2025-01-28
9332315,Ridgebury Voyager,Tanker,18,2020-07-23,2022-08-25
9367401,Fairchem Charger,Tanker,18,2020-12-02,2021-09-05
9917658,Clearocean Milano,Tanker,18,2025-01-28,2026-07-10
9346859,Sea Falcon,Tanker,18,2023-01-12,2023-05-24
9736638,Jutlandia Swan,Tanker,18,2020-09-04,2024-09-21
9379208,Jiaolong Spirit,Tanker,18,2020-02-02,2025-01-03
9922093,Dee4 Ilex,Tanker,18,2024-08-13,2025-05-03
9939591,Komorebi,Tanker,18,2024-09-21,2025-02-19
9709037,Flex Rainbow,Gas,18,2025-01-12,2026-04-30
9718765,Nakhal Silver,Tanker,18,2024-01-16,2024-02-11
9341067,Ns Captain,Tanker,18,2020-05-07,2021-06-28
9272929,Sw Southport I,Tanker,18,2019-08-29,2019-10-13
9718882,Silver Sawsan,Tanker,18,2019-05-10,2022-03-29
9973315,Bochem Brisbane,Tanker,18,2025-03-13,2025-12-06
9579585,Almi Voyager,Tanker,18,2019-07-18,2026-02-20
9340922,Bonaire Trader,Tanker,18,2022-07-02,2022-08-09
9340908,Curacao Trader,Tanker,18,2022-04-17,2022-05-13
9862944,Overseas Sun Coast,Tanker,18,2021-01-07,2022-03-06
9576777,Intrepid Seahawk,Tanker,18,2020-03-12,2020-07-01
9276690,Maritime Kelly Anne,Tanker,18,2020-01-29,2021-06-20
9489077,Ncc Messila,Tanker,18,2020-09-29,2022-02-19
9397456,Alithini II,Tanker,18,2019-01-03,2022-05-07
9848352,Maritime Valor,Tanker,18,2021-11-16,2024-10-28
9524994,Blue Moon,Tanker,18,2019-11-04,2022-11-20
9273351,Eternal Sunshine,(none),18,2021-09-30,2022-03-22
1045710,Velocity,Tanker,18,2026-01-19,2026-07-29
9478705,Alpine Legend,Tanker,18,2019-05-28,2024-11-06
9788435,High Adventurer,Tanker,18,2024-09-08,2025-11-24
9776444,Mtm Amsterdam,Tanker,18,2023-01-23,2026-06-30
9475636,One Modern,Container,18,2021-06-20,2021-12-10
9919632,Jupiter Star,Tanker,18,2022-10-16,2023-10-12
9973303,Bochem New Orleans,Tanker,18,2024-09-23,2026-03-24
9724336,Leontios H,Tanker,18,2019-12-30,2020-04-12
9786176,Maersk Cebu,Tanker,18,2019-07-20,2023-11-06
9747340,Pti Huang He,Tanker,18,2019-01-14,2025-02-28
9806665,Swan Pride,Tanker,17,2022-09-24,2022-11-20
9439797,St Mary,Tanker,17,2021-09-23,2025-07-17
9447043,Hulin,Tanker,17,2023-06-12,2023-08-27
9589932,Nave Cassiopeia,Tanker,17,2019-05-26,2019-09-12
9412452,Elli,Tanker,17,2022-01-02,2023-05-11
9402263,Seliger,Tanker,17,2023-12-07,2024-07-08
9358929,Evridiki,Tanker,17,2020-01-13,2024-06-22
9379155,Clean Thrasher,Tanker,17,2020-10-04,2022-05-20
9271406,Minerva Concert,Tanker,17,2019-03-09,2019-03-22
9854791,Torm Splendid,Tanker,17,2020-11-07,2023-04-02
9238741,Msc Margarita,Container,17,2019-03-16,2019-07-21
9390173,Ellie Lady,Tanker,17,2019-04-23,2019-05-11
9721891,Sunny Apatite,Tanker,17,2021-08-07,2025-08-22
9281853,Antikeros,Tanker,17,2019-03-20,2019-08-27
9792515,Trammo Paris,Tanker,17,2021-03-20,2023-01-17
9290531,Msc Pamela,Container,17,2023-02-10,2023-08-19
9629706,Amirante,Tanker,17,2022-02-20,2026-04-27
9870513,Irene A,Tanker,17,2021-07-21,2026-04-21
9399612,Etc Nefertari,Tanker,17,2020-01-01,2024-11-06
9953274,Limail,Gas,17,2025-08-21,2026-05-18
9845099,Farida,Tanker,17,2026-02-21,2026-03-14
9394947,Seaways Yellowstone,Tanker,17,2020-02-24,2021-05-20
9766205,Hafnia Tagus,Tanker,17,2021-10-21,2024-09-28
9255816,Scot Munchen,Tanker,17,2019-03-22,2019-06-21
9777395,Bow Titanium,Tanker,17,2019-06-16,2019-06-27
9729233,Nord Lavender,Tanker,17,2019-01-25,2019-07-03
9414228,Glen Cove,Tanker,17,2021-09-21,2023-10-19
9785732,Aquatravesia,Tanker,17,2022-04-21,2023-10-22
9794422,Sti Donald Ctrauscht,Tanker,17,2024-11-14,2025-06-15
9153642,Jumbo Vision,Bulk,17,2019-02-03,2026-03-27
9785689,Sti Galata,Tanker,17,2019-07-26,2025-10-05
9600944,Front Idun,Tanker,17,2022-05-04,2025-03-04
9325049,Sonangol Namibe,Tanker,17,2023-06-08,2025-10-09
9787936,Dali,Tanker,17,2021-07-30,2022-04-05
9748681,Nordic Space,Other,17,2019-12-11,2025-12-20
9689158,Pis Precious,Tanker,16,2024-08-19,2026-05-06
9814167,Nord Jewel,Tanker,16,2020-02-13,2020-05-03
9880465,Global Sea Spirit,Gas,16,2025-11-19,2026-04-30
9939589,Hygge,Tanker,16,2024-07-23,2024-11-24
9411329,Ncc Safa,Tanker,16,2020-02-02,2022-05-28
9977268,Leshatt,Gas,16,2025-09-21,2026-05-27
9439369,Owl 1,Tanker,16,2023-06-22,2023-07-30
9322138,Mojito,Tanker,16,2020-07-21,2020-09-12
9843780,Largo California,Tanker,16,2025-04-13,2025-11-01
9419541,Ncc Danah,Tanker,16,2022-06-12,2024-05-31
9923932,Weco Pisces,Tanker,16,2023-05-01,2025-04-08
9323405,Ainazi,Tanker,16,2019-04-30,2020-08-02
9951525,Cma Cgm Innovation,Container,16,2023-12-19,2024-12-03
1034187,Tp Intrepid,Tanker,16,2026-05-04,2026-05-20
9411941,Minerva Vera,Tanker,16,2026-01-15,2026-02-15
9864344,Ion M,Tanker,16,2021-04-24,2026-06-12
9677026,Kea,Container,16,2019-01-04,2019-12-04
9047752,Ncc Mekka,Tanker,16,2019-01-05,2019-12-14
9319674,Maersk Penguin,Tanker,16,2019-08-05,2022-07-04
9828156,Trent,Tanker,16,2019-09-07,2021-02-25
9363780,Twinkle Star,Tanker,16,2021-11-01,2022-06-25
9498456,Aal Melbourne,Bulk,16,2024-07-08,2025-02-12
9593012,Sfl Ottawa,Tanker,16,2021-11-23,2024-01-01
9326885,Mari Ugland,Tanker,16,2019-03-11,2019-05-13
9699517,Clipper Saturn,Gas,16,2025-01-27,2026-03-28
9917866,Zahra,Tanker,16,2022-12-08,2023-01-04
9674543,Cma Cgm Rhone,Container,16,2025-02-26,2026-02-19
9681845,High Voyager,Tanker,16,2024-04-19,2024-05-28
9592290,Nissos Paros,Tanker,16,2021-10-25,2026-07-16
9443865,Grand Ace9,Tanker,16,2020-02-29,2020-11-22
9298595,Filicudi M,Tanker,16,2020-10-03,2021-02-07
9718753,Rustaq Silver,Tanker,16,2019-05-24,2026-07-14
9867798,Pacific Blue,Tanker,16,2023-08-20,2026-02-22
9347449,Sm Seattle,Container,16,2019-10-12,2020-03-05
9407378,Horizon Athena,Tanker,16,2019-06-27,2022-03-21
9779537,Seaways Montauk,Tanker,16,2023-07-31,2024-08-16
9567697,Eurovision,Tanker,16,2021-06-28,2022-12-24
9381847,Gulf Rastaq,Tanker,16,2021-05-18,2026-06-09
9343194,Torm Leader,Tanker,16,2021-03-21,2023-11-27
9304605,Minerva Symphony,Tanker,16,2024-01-03,2024-01-18
9976939,Al Kharrarah,Tanker,16,2025-07-01,2026-07-23
9325336,Nave Dorado,Tanker,16,2019-10-11,2019-12-04
9412036,Signal Alpha,Tanker,16,2019-08-14,2020-09-20
9258674,Sea Faith,Tanker,16,2019-06-10,2019-11-18
9794410,Sti San Telmo,Tanker,16,2019-10-02,2020-04-10
9393010,Bow Agathe,Tanker,16,2024-02-29,2024-06-14
9665683,Carl Schulte,Container,16,2024-08-27,2025-02-10
9583653,Navigare Pactor,Tanker,16,2019-03-30,2020-06-11
9274434,Cap Leon,Tanker,16,2020-03-17,2020-07-09
9285471,Msc Tianjin,Container,16,2025-11-12,2026-06-08
9804825,Intermezzo,Tanker,16,2025-03-22,2025-09-19
9250892,Eagle Toledo,Tanker,16,2020-06-14,2020-09-27
9486934,Samos,Tanker,16,2022-04-09,2022-05-06
9941520,Maran Gas Antibes,Gas,16,2026-01-22,2026-07-09
9922988,Grazyna Gesicka,Tanker,16,2025-08-12,2026-07-21
9392808,Seaways Mystery,Tanker,16,2021-12-17,2026-06-21
9234587,Wan Cheng,Tanker,16,2019-08-30,2025-01-25
9728411,Kwk Excelsus,Tanker,16,2021-01-06,2025-10-11
9944649,Stena Progressive,Tanker,16,2024-11-21,2025-01-02
9197155,Global Spirit,Tanker,16,2019-04-04,2019-08-24
9332626,Sunny Liger,Tanker,16,2019-10-14,2024-09-23
9694658,Nissos Christiana,Tanker,16,2024-04-30,2024-08-20
1015210,Stena Contender,Tanker,16,2026-05-14,2026-07-24
9477567,Mtm Rotterdam,Tanker,16,2022-05-20,2025-10-01
9943396,Cl Virginia Woolf,Tanker,16,2024-10-16,2025-10-03
9629380,Tokyo Bay,Container,16,2023-11-28,2024-08-02
9607954,Seaways Redwood,Tanker,16,2019-05-29,2023-05-24
9460784,True Confidence,Bulk,16,2022-08-13,2023-06-03
9292034,Tower Bridge,Tanker,16,2019-01-30,2019-11-06
9298961,Nestos,Tanker,16,2019-10-05,2020-08-05
9281267,Msc Ornella,Container,16,2024-07-19,2025-09-05
9193707,Rosina Topic,Bulk,16,2019-01-01,2019-03-06
9571038,Velos Diamantis,Tanker,16,2022-08-18,2022-10-03
9976812,Al Qaiyyah,Gas,16,2025-09-20,2026-03-03
9404223,Horizon Ekavi,Tanker,16,2019-06-27,2019-11-19
9301823,Rio Grande Express,Container,16,2021-04-01,2021-09-17
9407407,Horizon Theoni,Tanker,16,2019-03-22,2022-08-12
9877561,Htm Knight,Tanker,16,2023-03-12,2026-06-10
9325843,Ulriken,Tanker,16,2022-04-13,2024-07-11
9874258,Sfl Fraser,Tanker,16,2021-05-11,2023-08-08
9466738,Sloman Hermes,Tanker,16,2019-06-03,2020-06-04
9400801,Jal Sasvata,Tanker,16,2019-11-08,2020-01-02
9829497,Sti Millennia,Tanker,16,2022-06-01,2026-02-03
9255799,Scot Hamburg,Tanker,16,2021-07-15,2025-08-08
9899985,Nord Vision,Tanker,16,2025-01-19,2026-05-31
9508158,Aapus 11,Tanker,16,2021-06-23,2026-06-29
9498444,Aal Kobe,Bulk,16,2023-10-14,2026-06-27
9426295,Pis Polaris,Tanker,16,2024-12-12,2026-04-05
9935911,Largo Eagle,Tanker,16,2023-01-04,2026-03-17
9951159,Seaboard Genesis,Container,16,2024-03-30,2025-08-27
9313462,Lila Rhine,Tanker,16,2020-02-12,2022-07-07
9917646,Clearocean Meribel,Tanker,16,2022-09-13,2023-01-07
9299733,Antaios,Tanker,16,2019-08-08,2022-08-04
9877808,Midnight Glory,Tanker,16,2023-08-04,2025-01-12
9597147,Stolt Orca,Tanker,16,2024-09-16,2025-11-18
9289788,Westmore,Tanker,16,2020-04-07,2020-09-18
9340477,Octonaut,Tanker,16,2023-08-17,2026-01-02
9398254,Anton Schulte,Container,16,2019-04-11,2019-10-06
9489209,Champion Istra,Tanker,16,2023-07-04,2025-07-20
9352133,Caribe Liza,Tanker,16,2022-02-16,2024-05-11
9943360,Cl George Eliot,Tanker,16,2024-08-23,2026-02-13
9254812,Culpeo,Tanker,16,2019-12-22,2020-01-24
9238818,Zea Hamburg,Bulk,16,2019-01-15,2020-01-15
9323352,Ugale,Tanker,16,2021-06-24,2022-05-19
9226140,Maritime Vanessa,Tanker,15,2019-12-07,2020-02-23
9815850,Coral Express,Tanker,15,2019-03-05,2022-08-03
9737395,Stavanger Ts,Tanker,15,2020-06-20,2023-06-28
9281009,Everest Spirit,Tanker,15,2021-01-17,2023-05-01
9985837,Um Shimanto,Tanker,15,2025-09-20,2026-01-11
9366275,High Mars,Tanker,15,2019-05-09,2019-07-14
9704518,Navigator Ceres,Tanker,15,2019-02-22,2019-03-05
9346433,Cabo San Vicente,Tanker,15,2024-03-16,2024-04-30
9172210,Andino Delta,Tanker,15,2024-06-29,2024-09-21
9665669,Christa Schulte,Container,15,2024-08-12,2025-01-30
9311646,Lutsen,Tanker,15,2019-11-21,2020-09-01
9567702,Euro,Tanker,15,2019-08-03,2021-12-21
9341445,Om Borneo,Tanker,15,2021-07-16,2023-04-22
9375604,Gotland Aliya,Tanker,15,2019-02-15,2019-03-24
9849394,Clearocean Miracle,Tanker,15,2020-12-03,2022-08-26
9425540,Mariposa,Tanker,15,2019-01-21,2019-03-02
9635779,Elandra Sea,Tanker,15,2019-06-16,2019-08-02
9265756,Sophie Schulte,Tanker,15,2019-09-28,2020-03-23
9408205,Front Njord,Tanker,15,2023-02-23,2023-03-04
9424936,One Maxim,Container,15,2021-08-16,2022-01-31
9323792,Alice I,Tanker,15,2020-01-23,2020-02-19
9299927,Maersk Seville,Container,15,2021-08-26,2022-02-20
9449819,Cma Cgm Cendrillon,Container,15,2019-01-05,2019-06-26
9367671,Minerva Mediterranea,Tanker,15,2019-01-10,2021-10-28
9419797,Trf Pescara,Container,15,2019-02-22,2019-09-14
9629550,Seasalvia,Tanker,15,2019-05-19,2021-06-09
9330874,Cap Lara,Tanker,15,2019-12-30,2020-03-25
9276597,Minerva Lisa,Tanker,15,2020-02-22,2021-07-11
9829095,Caspian Sea,Tanker,15,2019-04-28,2022-02-20
9816763,Gaslog Warsaw,Gas,15,2025-02-11,2025-09-10
8218938,Lauren Foss,(none),15,2020-03-31,2020-05-31
9388704,Sichem Eagle,Tanker,15,2019-04-29,2019-05-10
9797981,Torm Herdis,Tanker,15,2025-06-20,2026-06-13
9635652,Rhodos,Container,15,2019-01-23,2020-01-25
9332781,Mars Sun,Tanker,15,2021-09-21,2023-06-09
9787168,Minerva Eleftheria,Tanker,15,2020-10-31,2022-01-05
9337315,Ag Mars,Tanker,15,2019-02-15,2019-06-07
9788564,Hakata Princess,Tanker,15,2019-03-31,2026-04-03
9456927,Torm Evelyn,Tanker,15,2019-02-26,2025-05-26
9275969,Amazon Beauty,Tanker,15,2019-05-18,2019-08-03
9459230,Dee4 Cedar,Tanker,15,2019-01-01,2019-08-27
9447794,Oceanic Star,Tanker,15,2025-09-22,2025-12-13
9283734,Tula,Tanker,15,2019-04-10,2020-01-19
9508940,Hinch Spirit,Tanker,15,2020-06-02,2026-02-20
9903413,Lorax,Tanker,15,2022-08-21,2023-03-29
9292345,Angel Star,Tanker,15,2019-04-17,2024-01-06
9657478,Fairchem Sabre,Tanker,15,2021-12-18,2025-12-05
9323510,Bangkok,Container,15,2023-06-30,2023-12-21
9654787,Ardmore Engineer,Tanker,15,2021-01-26,2024-12-28
9465978,Torm Aslaug,Tanker,14,2021-05-28,2023-03-30
9867621,Aristofanis,Tanker,14,2020-11-29,2021-02-27
9724087,Thomas Zafiras,Tanker,14,2021-04-11,2023-07-20
9418119,Horizon Electra,Tanker,14,2022-05-04,2023-01-23
9415399,Barbarosa,Tanker,14,2024-06-03,2024-06-18
9592692,Torm Emilie,Tanker,14,2022-06-18,2024-04-05
9550709,Pelagic Turbot,Tanker,14,2025-09-10,2025-12-09
9553749,Ocean Nisa,Tanker,14,2026-02-21,2026-05-16
9431381,Eser K,Tanker,14,2019-10-08,2019-12-02
9354258,Spruce Express,Tanker,14,2019-08-16,2019-11-05
9327451,Seaways Galle,Tanker,14,2023-01-09,2025-10-17
9213583,Gsl Myny,Container,14,2024-09-17,2025-01-31
9489285,Olympic Sea,Tanker,14,2023-11-05,2023-11-19
9688831,Sti Madison,Tanker,14,2019-12-24,2023-12-16
9797723,Torm Sovereign,Tanker,14,2020-03-07,2024-06-19
9960306,Peregrine Pacific,Tanker,14,2024-09-01,2025-07-02
9138408,Aigran D,Tanker,14,2019-08-07,2021-04-05
9299771,Strust,Tanker,14,2022-11-09,2023-02-28
9917880,Mona,Tanker,14,2023-02-24,2023-03-24
9290361,Seaoath,Tanker,14,2021-06-11,2022-02-07
9788473,St Michaelis,Tanker,14,2019-02-23,2019-03-21
9381823,Gulf Jumeirah,Tanker,14,2019-03-06,2019-09-05
9373656,Seastar,Tanker,14,2021-03-11,2023-11-22
9456070,Broadway,Tanker,14,2020-03-23,2022-10-02
9264465,m Fairfield,Tanker,14,2020-02-15,2022-06-04
9984871,Stavanger Star,Tanker,14,2026-03-23,2026-07-27
9779965,Kyrakatingo,Tanker,14,2024-10-23,2026-05-01
9699866,Largo Mariner,Tanker,14,2019-05-18,2024-11-23
9265885,Johnny Trader,Tanker,14,2020-12-08,2021-01-10
9836036,Torm Strength,Tanker,14,2019-10-21,2019-12-15
9458834,Uacc Riyadh,Tanker,14,2020-09-03,2021-10-28
9709984,Jag Punit,Tanker,14,2019-08-12,2024-04-16
9369875,Mantaro I,Tanker,14,2021-05-12,2021-11-03
9376945,Star I,Tanker,14,2021-03-30,2022-03-14
9667928,Evinos,Tanker,14,2022-06-27,2023-01-16
9285835,Wonder Polaris,Tanker,14,2021-08-09,2022-04-02
9686649,Front Cougar,Tanker,14,2025-03-02,2025-04-12
9471018,Green Pioneer,Tanker,14,2023-03-05,2023-11-15
9635846,Hafnia Tiger,Tanker,14,2024-12-04,2025-11-18
9696694,Sti Alexis,Tanker,14,2024-11-07,2025-11-22
9543550,Torm Anabel,Tanker,14,2020-12-25,2024-03-27
9843211,Seavelvet,Tanker,14,2021-05-01,2026-01-07
9573660,Pacific Diamond,Tanker,14,2020-08-15,2023-03-27
9540003,Deltagas,Tanker,14,2026-02-08,2026-02-14
9758064,Bw Tulip,Gas,14,2025-10-08,2026-05-11
9854727,Sti Maestro,Tanker,14,2020-06-02,2024-04-18
9893034,Pacific Ruby,Tanker,14,2022-10-20,2023-09-06
9952610,Marina M,Tanker,14,2023-02-13,2023-11-28
9402586,Gaschem Adriatic,Tanker,14,2022-05-29,2022-07-31
9430739,Alkimos,Tanker,14,2020-10-26,2021-01-09
9879997,Maran Aspasia,Tanker,14,2022-08-12,2022-10-05
9339313,Ns Lion,Tanker,14,2019-06-24,2020-01-05
9592240,Aqualegend,Tanker,14,2021-05-14,2023-06-11
9666077,Stena Imperative,Tanker,14,2020-03-18,2021-01-21
9629574,Seafriend,Tanker,14,2019-11-13,2020-11-04
9336464,Dvina Gulf,Tanker,14,2019-03-09,2020-03-30
9362372,Bright Dawn,Tanker,14,2019-10-21,2021-07-20
9475612,One Marvel,Container,14,2021-07-22,2022-01-06
9381756,Velos Aquarius,Tanker,14,2021-10-13,2022-08-28
9853278,Navig8 Passion,Tanker,14,2025-07-10,2026-06-15
9681144,Sti St Charles,Tanker,14,2020-08-29,2022-02-07
9970947,Seaboard Globe,Container,14,2024-03-23,2024-05-06
9872353,Baiacu,Tanker,14,2024-06-21,2026-06-24
9712307,Torm Thunder,Tanker,14,2021-04-10,2023-06-05
9883041,Nord Minami,Tanker,14,2025-08-08,2026-03-13
9330783,Mid Osprey,Tanker,14,2020-03-23,2020-04-05
9577032,Ligurian Sea,Tanker,14,2023-09-26,2024-09-17
9295945,Allegoria,Container,14,2019-02-13,2019-11-22
9588287,Iver Blessing,Tanker,14,2019-03-09,2019-11-29
9397559,Scf Angara,Tanker,14,2019-02-21,2019-03-01
9296547,Aleyna Mercan,Tanker,14,2020-12-14,2021-01-06
9461843,Sks Darent,Tanker,14,2023-05-11,2023-07-06
9338814,Joyce,Tanker,14,2022-02-28,2022-04-16
9726451,Maersk Tangier,Tanker,14,2019-02-09,2023-04-23
9380075,Minerva Oceania,Tanker,14,2019-06-16,2024-10-25
9253325,Gold Sun,Tanker,14,2021-10-09,2021-10-18
9877640,Solar Skyler,Tanker,14,2022-03-30,2026-04-21
9686754,Sti Soho,Tanker,14,2020-07-19,2020-08-14
9303417,Patagonian Mystic,Tanker,14,2021-06-21,2022-01-12
9326902,Team Explorer,Tanker,14,2020-03-25,2020-05-03
9257802,Eagle Tacoma,Tanker,14,2019-05-17,2019-06-27
9694189,Lvm Warrior,Tanker,14,2024-07-18,2025-09-06
9893761,Clearocean Mustang,Tanker,14,2022-01-22,2022-03-05
9945796,Eco Enchanted,Tanker,14,2024-06-27,2025-01-25
9457268,Seafrontier,Tanker,14,2019-10-03,2022-06-01
9976915,Umm Swayyah,Gas,14,2025-05-20,2025-12-17
9704477,Sti Seneca,Tanker,14,2019-02-25,2022-06-09
9405928,Pine Express,Tanker,14,2023-10-30,2024-06-22
9877573,Eco Yosemite Park,Tanker,14,2022-08-10,2023-12-26
9609914,Unique Harmony,Tanker,14,2019-09-09,2020-01-31
9286023,Meganisi,Tanker,14,2019-01-14,2019-01-24
9833577,Sti Modest,Tanker,14,2022-12-27,2023-09-13
9439539,Sea Bay,Tanker,14,2020-06-30,2020-07-11
9321847,Aries Sun,Tanker,14,2020-04-25,2020-09-03
9540819,Nord Andes,Tanker,14,2020-05-06,2020-06-23
9326861,Lila Gothenburg,Tanker,14,2019-04-26,2022-09-21
9407392,Horizon Theano,Tanker,14,2019-07-20,2020-11-16
9713612,Epic Susui,Gas,14,2021-04-04,2021-05-07
9566708,Henda,Tanker,14,2020-02-22,2021-03-16
9899480,Cs Hu Bei,Tanker,14,2024-04-02,2024-05-24
9893058,Pacific Sapphire,Tanker,14,2022-10-31,2023-01-02
9669653,Cielo Di Gaeta,Tanker,14,2022-07-30,2023-12-10
9675066,Happy Albatross,Gas,14,2025-09-09,2025-12-14
9407201,Oriental Marguerite,Tanker,14,2020-10-01,2025-07-10
9230488,Msc Michaela,Container,14,2019-12-27,2020-03-22
9901867,Orchid Spirit,Tanker,14,2025-04-27,2026-07-31
9901427,Magnolia Express,Tanker,14,2021-09-14,2025-02-15
9712864,Torm Hannah,Tanker,14,2023-04-24,2026-03-07
9832274,Front Silkeborg,Tanker,14,2020-04-22,2020-05-02
9590307,Red Moon,Tanker,14,2023-04-18,2026-04-28
9635808,Hafnia Lynx,Tanker,14,2019-08-04,2026-01-29
9248148,Msc Pilar Vi,Container,14,2025-06-02,2026-01-17
9289752,River Shiner,Tanker,14,2022-11-11,2023-01-02
9309629,Serene Monaco,Tanker,14,2021-10-12,2025-06-30
9849382,Clearocean Magic,Tanker,14,2020-12-15,2024-08-07
9272682,Yc Azalea,Tanker,14,2025-02-08,2025-04-26
9255660,Seascout,Tanker,14,2019-05-25,2020-06-04
9595163,Sea Falcon II,Bulk,14,2023-09-06,2024-06-27
9793375,Orient Challenge,Tanker,14,2026-02-26,2026-03-27
9423621,Prabhu Parvati,Tanker,14,2024-04-11,2025-05-03
9955478,Bochem Rotterdam,Tanker,14,2025-02-19,2026-04-05
9970583,Venture Cameron,Gas,14,2026-04-08,2026-07-31
9290610,Coipo,Tanker,14,2022-07-28,2023-01-04
9919723,Theresa Dua,Tanker,14,2024-05-17,2025-05-03
9543548,Torm Arawa,Tanker,14,2023-12-26,2026-05-08
9760225,Hafnia Prestige,Tanker,14,2020-07-20,2026-04-02
9390329,Lillo Swan,Tanker,14,2019-12-14,2019-12-28
9297345,Alba,Tanker,14,2021-05-08,2021-06-11
9851725,Cb Pacific,Tanker,14,2020-10-11,2026-02-19
9378022,Rhl Augsburg,Tanker,14,2020-01-13,2020-01-25
9874820,Isabella,Gas,14,2025-01-10,2026-03-26
9947598,Puteri Ledang,Gas,14,2025-05-07,2025-08-20
9907809,Solar Lai Fong,Tanker,14,2022-08-10,2025-09-30
9244984,Celsius Manila,Tanker,14,2020-08-01,2021-08-28
9369887,Sirtaki,Tanker,14,2020-04-24,2024-12-08
9836452,Clyde,Tanker,13,2019-08-31,2025-09-17
9475624,One Motivator,Container,13,2021-08-11,2022-01-29
9354260,Pm Duke,Tanker,13,2019-01-11,2026-01-05
9401128,Verige,Tanker,13,2022-10-17,2024-05-30
9735579,Hafnia Excel,Tanker,13,2019-05-21,2026-06-19
9347750,Lena,Container,13,2019-01-02,2026-04-17
9869265,Cool Racer,Gas,13,2025-10-10,2026-07-14
9804928,Furano Galaxy,Tanker,13,2025-08-19,2025-09-02
9331141,Samraaalkhaleej,Tanker,13,2020-01-19,2020-01-29
9479840,Luctor,Tanker,13,2019-07-20,2020-06-15
9858852,Wisco Adventure,Tanker,13,2024-08-07,2026-07-24
9337004,Aias,Tanker,13,2019-05-17,2019-05-28
9802164,Sea Panther,Tanker,13,2019-06-30,2019-07-27
9359387,Gulf Mishref,Tanker,13,2019-02-15,2022-10-16
9888730,Fezzan,Tanker,13,2024-03-04,2024-03-27
9634086,Gaslog Seattle,Tanker,13,2025-02-19,2025-08-17
9800001,Eva Hongkong,Tanker,13,2023-10-02,2023-10-22
9785225,Minerva Kalypso,Tanker,13,2021-04-29,2025-08-02
9382762,Minerva Sophia,Tanker,13,2020-04-08,2020-06-21
9973937,Navig8 Executive,Tanker,13,2025-05-18,2025-12-10
9297357,Hammurabi,Tanker,13,2019-12-09,2022-12-14
9934151,St Helen,Tanker,13,2026-02-07,2026-03-23
9865116,Sparto,Tanker,13,2026-05-18,2026-07-31
9397535,Scf Irtysh,Tanker,13,2019-05-20,2019-12-15
9794848,Advantage Padova,Tanker,13,2019-05-29,2025-04-29
9742912,Silverway,Tanker,13,2019-01-15,2019-02-02
9341081,Ns Clipper,Tanker,13,2021-03-12,2021-03-25
9311361,Cabo De Hornos,Tanker,13,2021-09-25,2021-10-02
9781279,Cielo Di Rotterdam,Tanker,13,2024-11-21,2026-04-17
9417799,Ghibli,Tanker,13,2019-01-07,2019-01-23
9394959,Seaways Yosemite,Tanker,13,2021-12-10,2022-09-11
9785378,Industrial Fame,Bulk,13,2019-01-07,2019-03-25
9779977,Norddolphin,Tanker,13,2019-07-11,2019-07-31
9436018,Iridescent,Tanker,13,2021-11-06,2021-11-22
9311634,Sawtooth,Tanker,13,2022-05-18,2022-07-19
9683415,Silver Linda,Tanker,13,2019-03-27,2022-10-20
9645762,Sti Le Rocher,Tanker,13,2019-06-14,2022-08-30
9269269,Gaschem Baltic,Gas,13,2021-08-12,2022-03-11
9917842,Amira,Tanker,13,2022-09-19,2023-06-28
9312901,Wonder Mimosa,Tanker,13,2024-01-26,2024-01-31
9322982,Caribe Ilse,Tanker,13,2019-03-17,2021-01-21
9416070,Ding Heng 39,Tanker,13,2020-04-15,2023-06-29
9399363,Hulda Maersk,Tanker,13,2022-03-28,2025-12-21
9353137,Pluto,Tanker,13,2019-01-02,2022-06-05
9181663,Msc Matilde,Container,13,2021-12-15,2022-02-18
9404833,Summit Spirit,Tanker,13,2024-03-25,2024-04-16
9744831,Ontario,Tanker,13,2026-04-24,2026-05-13
9732606,Seamax Mystic,Container,13,2022-03-03,2022-10-03
9315783,Seavictory,Tanker,13,2019-04-12,2020-03-27
9448762,Cosco Philippines,Container,13,2024-12-12,2025-09-13
9309435,Minerva Alice,Tanker,13,2021-09-20,2022-07-21
9409259,Free Spirit,Tanker,13,2019-02-27,2019-03-04
9930923,Dee4 Juniper,Tanker,13,2024-03-11,2024-05-26
9277735,Keros,Tanker,13,2019-08-14,2019-08-28
9864368,Proteus,Tanker,13,2022-10-28,2025-11-05
9376828,Atlas Star,Tanker,12,2025-12-10,2026-02-25
9286059,Baltic Sun II,Tanker,12,2019-08-25,2019-09-30
9439840,Elisabeth Schulte,Tanker,12,2020-06-08,2021-06-14
9408554,Pacific Sky,Tanker,12,2021-01-30,2021-07-11
9509449,Elandra Oak,Tanker,12,2022-09-17,2022-11-26
9939577,Augenstern,Tanker,12,2024-08-20,2026-07-14
9855367,Baleen,Tanker,12,2025-01-09,2026-05-04
9333785,Capricorn Sun,Tanker,12,2023-03-10,2023-08-13
9810214,Hafnia Atlantic,Tanker,12,2019-10-26,2023-08-24
9984273,Fairchem Pinnacle,Tanker,12,2025-12-21,2025-12-26
9470997,Mount Kibo,Tanker,12,2026-06-08,2026-07-25
9412880,Methane Julia Louise,Gas,12,2026-04-17,2026-07-12
9665671,Clemens Schulte,Container,12,2024-10-16,2025-01-12
9935557,Theanoula,Tanker,12,2023-05-13,2023-06-06
8130899,Mighty Servant 3,Other,12,2019-01-16,2021-05-22
9579547,Almi Explorer,Tanker,12,2025-11-19,2025-12-02
9961477,Greenergy Ocean,Gas,12,2025-10-26,2026-03-13
9694476,Bw Bobcat,Tanker,12,2021-03-27,2022-09-01
9862413,Pro Onyx,Tanker,12,2022-06-20,2023-07-01
1022706,Stena Continent,Tanker,12,2025-10-09,2025-11-06
9374856,Alora,Tanker,12,2023-08-09,2023-08-19
9260263,Sw Julia I,Tanker,12,2019-10-11,2020-02-24
9392781,Atlantic Pisces,Tanker,12,2019-01-06,2020-07-20
9421972,Scf Samotlor,Tanker,12,2019-09-06,2019-09-24
9363467,Mambo,Tanker,12,2023-12-19,2024-06-15
9466025,Torm Amalie,Tanker,12,2023-11-05,2023-12-21
9794056,Eco Bel Air,Tanker,12,2022-06-10,2024-08-25
9364215,Nectar Sea,Tanker,12,2019-11-09,2021-03-04
9411927,Alangova,Tanker,12,2024-09-29,2024-10-04
9731731,Chem Star 1,Tanker,12,2025-05-10,2025-08-12
9131096,Happy Bear,Tanker,12,2019-03-17,2019-03-23
9880403,Forever Brilliancy,Tanker,12,2026-06-17,2026-06-23
9451692,Alpine Marina,Tanker,12,2019-02-08,2024-05-15
9453030,Valpiave,Tanker,12,2019-10-05,2022-12-01
9930105,Ghat,(none),12,2022-12-09,2022-12-17
9407158,Mol Emissary,Container,12,2019-11-09,2020-01-03
9475650,One Mission,Container,12,2021-08-22,2021-11-14
9793284,Challenge Pollux,Tanker,12,2021-08-03,2021-08-12
9814428,Cobalt Sun,Tanker,12,2023-03-18,2025-07-09
9403786,Bow Gallant,Tanker,12,2020-04-24,2022-03-12
9274800,Seatrust,Tanker,12,2019-09-09,2022-11-12
9298284,Chemtrans Adriatic,Tanker,12,2024-03-23,2025-02-16
9297876,Msc Bhavya V,Container,12,2025-09-28,2026-01-06
9973925,Navig8 Estelle,Tanker,12,2025-05-01,2025-09-13
9708083,Bw Myna,Tanker,12,2019-06-20,2020-06-20
9420760,Pudu,Tanker,12,2021-12-26,2022-09-26
9943310,Cl Charlotte Bronte,Tanker,12,2024-07-11,2024-07-22
9299769,Bareilly,Tanker,12,2019-12-09,2021-03-29
9986104,Al Galayel,Gas,12,2026-04-20,2026-05-30
9430284,Celsius Riga,Tanker,12,2020-03-14,2020-04-04
9295969,Cma Cgm Sambhar,Container,12,2026-02-27,2026-07-03
9997220,Gordons Bay,Tanker,12,2026-01-12,2026-04-07
9442158,Searanger,Tanker,12,2021-05-31,2022-02-15
9986647,Idd Al Shargi,Gas,12,2026-03-07,2026-06-07
9412000,Conga,Tanker,12,2026-04-08,2026-04-18
9379624,Fos Picasso,Tanker,12,2020-03-20,2020-03-31
9323649,Mayuree Naree,Bulk,12,2021-06-21,2024-05-12
9657038,Nave Jupiter,Tanker,12,2025-10-20,2026-06-22
9943334,Cl Pearl Buck,Tanker,12,2023-08-29,2023-12-06
9925875,Bungo Crown,Tanker,12,2022-12-20,2023-08-11
9255983,Battersea Park,Tanker,12,2019-06-29,2019-12-26
1056006,Parian Trader,Tanker,12,2026-05-11,2026-07-16
9293155,Wonder Vega,Tanker,12,2021-12-13,2021-12-20
9916123,Katherine Lady,Tanker,12,2024-02-09,2024-08-08
9580405,Nave Andromeda,Tanker,12,2021-06-23,2021-08-04
9788576,Blue Butterfly,Tanker,12,2020-10-15,2025-10-25
9838254,Marlin Lavender,Tanker,12,2019-07-01,2019-07-16
9410131,Nilufer Sultan,Tanker,12,2021-04-16,2021-06-23
9295270,Ncc Tihama,Tanker,12,2023-11-13,2023-11-23
9333371,Helle Ritscher,Container,12,2024-08-18,2024-09-22
9368792,Thetagas,Tanker,12,2026-06-20,2026-07-12
9389289,T Jungfrau,Tanker,12,2025-11-17,2026-01-21
9423683,Mid Fortune,Tanker,12,2019-10-03,2019-10-12
9277785,Torm Emilie,Tanker,12,2019-02-19,2019-02-26
9981518,Shraouh,Gas,12,2026-05-12,2026-06-25
9800013,Eva Bergen,Tanker,12,2019-03-26,2019-09-10
9917555,Orion Harmony,Gas,12,2026-05-02,2026-07-18
9747338,Pti Nile,Tanker,12,2023-04-26,2025-10-03
9983891,Pintail Pacific,Tanker,12,2025-12-10,2026-05-08
9956587,Orion Spirit,Gas,12,2025-04-09,2026-01-25
9236054,Chembulk Gibraltar,Tanker,12,2019-01-30,2019-02-09
9443425,Sapphire,Tanker,12,2025-07-25,2026-03-26
9792204,Antipolis,Tanker,12,2022-11-05,2025-12-23
9838216,Nord Vanguard,Tanker,12,2023-06-06,2026-01-01
9428346,Mr Tigris,Tanker,12,2020-05-09,2020-08-22
9395329,Botafogo,Tanker,12,2020-05-02,2021-07-08
8813635,Nova Florida,Reefer,12,2019-03-28,2021-06-22
9995454,Dino,Tanker,12,2025-10-10,2025-12-17
9726580,Front Ocelot,Tanker,12,2022-10-16,2023-11-19
9337389,Stavanger Blossom,Tanker,12,2019-04-22,2019-04-30
9939632,Trouvaille,Tanker,12,2025-08-07,2026-05-18
9758832,Energy Innovator,Gas,12,2025-07-25,2026-04-27
9324318,Bw Lena,Tanker,12,2020-05-30,2020-06-21
9342217,Hafnia Seine,Tanker,12,2022-03-10,2025-10-25
9188647,Carnival Spirit,Passenger,12,2023-10-04,2025-10-27
9697246,Marlin Ammolite,Tanker,12,2023-09-23,2026-02-10
9367528,Chemway Arrow,Other,12,2026-01-28,2026-02-06
9364588,Jane,Tanker,12,2022-02-18,2022-04-02
9448712,Petite Soeur,Tanker,12,2022-04-25,2024-06-06
9832248,Front Singapore,Tanker,12,2020-10-12,2022-03-18
9251755,Cosmo,Tanker,12,2021-05-14,2021-12-08
9389849,Posillipo,Tanker,12,2025-05-29,2025-07-22
9292357,Ocean Sunrise,Tanker,12,2024-10-14,2024-10-22
9354894,Seaways Lily,Tanker,12,2023-12-19,2024-01-02
9941300,Nord Mariner,Tanker,12,2023-07-23,2025-07-05
9414242,Chemroad Dita,Tanker,12,2023-08-08,2026-05-22
9440382,Mikela P,Tanker,12,2020-06-16,2025-09-28
9788485,St Nikolai,Tanker,12,2020-02-09,2026-07-16
9433808,Sunshine Express,Tanker,12,2021-06-13,2022-08-30
9853539,Maritime Guardian,Tanker,12,2021-08-19,2022-04-09
9335123,Gulf Moon,Tanker,12,2019-08-28,2019-09-05
9902835,Nord Majestic,Tanker,12,2022-02-04,2023-01-30
9411343,Yannis P,Tanker,12,2019-05-02,2025-08-24
9448499,Gaz Serenity,Tanker,12,2022-07-13,2022-08-25
9251717,Msc Maureen,Container,12,2026-04-11,2026-07-20
9285861,Minerva Iris,Tanker,12,2020-08-30,2024-01-29
9553634,Etagas,Tanker,12,2024-04-11,2026-04-13
9231494,Em Corfu,Container,12,2026-04-19,2026-06-18
9619452,Msc Arica,Container,12,2025-11-20,2026-07-30
9340594,Maersk Beaufort,Tanker,12,2021-02-23,2023-02-20
9607186,Bw Falcon,Tanker,12,2019-04-15,2021-07-06
9321976,Mitera Marigo,Tanker,12,2021-12-06,2021-12-25
9666089,Stena Impulse,Tanker,12,2019-12-03,2022-06-10
9412581,Nordic Vega,Tanker,12,2019-11-10,2021-05-19
9250488,Torm Thyra,Tanker,12,2023-08-20,2023-08-31
9613965,Stolt Beluga,Tanker,12,2025-04-12,2026-01-05
9791157,Hodaka Galaxy,Tanker,12,2026-01-30,2026-02-07
9791171,Hakone Galaxy,Tanker,12,2026-01-02,2026-01-10
8920581,Stolt Guillemot,Tanker,12,2020-04-09,2020-07-30
9452880,Afroditi,Tanker,12,2024-09-02,2024-09-16
9307944,Amber,Tanker,12,2021-06-15,2022-02-21
9800049,Oriental Cosmos,Tanker,12,2026-05-27,2026-06-01
9609639,Garnet Express,Tanker,12,2020-07-28,2020-09-13
9432048,Demetrios,Tanker,12,2023-07-09,2023-07-27
9681118,Sti Meraux,Tanker,12,2020-02-21,2021-02-11
9321706,Cap Charles,Tanker,12,2022-03-13,2022-04-21
9828895,Ionian Star,Tanker,12,2021-07-15,2024-10-29
9339284,Msc Candice,Container,12,2021-11-19,2022-11-20
9724350,Sola Ts,Tanker,12,2020-04-26,2024-08-18
9972359,Hl Alyssa Warner,Gas,12,2026-02-10,2026-07-09
9780263,Front Pollux,Tanker,12,2023-08-04,2023-08-16
9725627,Hafnia Malacca,Tanker,12,2024-10-01,2024-10-27
9737400,Bergen Ts,Tanker,12,2020-12-31,2023-10-24
9585900,Ast Sunshine,Tanker,12,2021-07-25,2022-04-11
9577044,Catalan Sea,Tanker,12,2021-07-30,2024-02-15
9328481,Gerhard Schulte,Container,12,2020-02-01,2020-06-06
9324459,Explorer II,Tanker,12,2020-01-12,2020-03-30
9982677,Al Kheesah,Gas,12,2026-03-19,2026-06-13
9857468,Seatribute,Tanker,12,2021-02-03,2026-06-27
9317949,Seamagic,Tanker,12,2019-12-17,2022-04-19
9729221,Marlin Hera,Tanker,12,2019-04-20,2025-06-22
9294123,Prince I,Tanker,12,2020-06-29,2020-11-15
9256858,Lady M,Tanker,12,2019-10-31,2019-11-29
9351464,Ariane,Tanker,12,2020-07-30,2020-08-06
9592252,Minerva Kythnos,Tanker,12,2022-01-05,2022-03-29
9251822,Afra Willow,Tanker,12,2019-02-22,2019-03-04
9943308,Cl Jane Austen,Tanker,12,2024-07-13,2024-08-02
9792199,Neapolis,Tanker,12,2021-12-19,2024-07-14
9800702,Ayoe,Tanker,12,2022-02-11,2025-08-10
9409479,Spottail,Tanker,12,2022-07-07,2022-08-29
9335056,Ncc Dammam,Tanker,12,2022-09-04,2022-09-11
9439307,Owl 2,Tanker,12,2022-01-31,2023-12-16
9814179,Pm Regent,Tanker,12,2025-03-14,2026-01-19
9274616,Seajewel,Tanker,12,2019-12-23,2020-01-09
9428865,Lakshmi,Tanker,12,2025-07-03,2026-01-07
9243394,Msc Darien,Container,12,2021-11-01,2023-01-12
9777383,Bow Platinum,Tanker,12,2020-04-09,2020-04-29
9508823,Kongo Star,Tanker,12,2023-05-28,2024-06-08
9235816,Buxlink,Container,12,2020-05-13,2020-06-25
9434230,Torm Singapore,Tanker,12,2020-11-10,2025-02-27
9451288,Chemroad Quest,Tanker,12,2024-03-12,2024-03-23
9380740,Cap Theodora,Tanker,12,2021-07-26,2026-05-30
9969625,Seaboard Gemini,Container,12,2024-05-11,2024-06-24
9470911,Falcon Bay,Tanker,12,2021-01-29,2022-05-29
8983131,St Joseph,(none),12,2020-10-08,2020-10-30
9231614,Sw Cap Ferrat 1,Tanker,12,2019-01-30,2020-01-09
1018470,Green Endeavour,Tanker,12,2026-02-07,2026-02-26
9813096,Baru,Gas,12,2026-06-08,2026-06-16
9818539,Bow Odyssey,Tanker,12,2023-07-02,2024-05-10
9209104,Newyorker,Container,12,2020-06-11,2020-07-29
9455741,Velebit,Tanker,12,2020-10-20,2023-09-13
9772321,Lesvos,Tanker,12,2023-07-03,2023-07-14
9368223,Gullit,Tanker,12,2022-04-29,2022-05-06
9395032,Sl Harrier,Container,12,2024-03-16,2026-07-28
9403621,Apl Norway,Container,12,2020-01-01,2020-05-31
9282510,Dylan,Tanker,12,2021-11-16,2022-04-11
9747106,Lian Xi Hu,Tanker,12,2021-07-25,2026-06-08
9820283,Marvin Independence,Tanker,11,2019-05-23,2019-05-30
9443140,Cpo Australia,Tanker,11,2019-01-03,2019-07-19
9808156,Green Attitude,Tanker,11,2020-08-14,2020-10-26
6665000,Randy Anderson,(none),11,2025-10-04,2025-10-07
9927201,Green Adventure,Tanker,11,2026-04-25,2026-05-03
9399351,Henry Maersk,Tanker,11,2021-06-06,2022-05-18
9801562,Draco,Tanker,11,2022-10-15,2023-06-06
9935155,Kufra,Tanker,11,2025-10-04,2025-10-09
1073705,Cs Fujairah,Tanker,11,2026-05-20,2026-07-09
9277723,Torm Estrid,Tanker,11,2022-09-28,2022-10-08
9789685,Zea Frontier,Bulk,11,2020-01-14,2020-01-25
9737096,Epicurus,Tanker,11,2019-09-03,2020-04-15
9810513,Sperchios,Tanker,11,2019-09-03,2019-09-09
9706425,Sti Notting Hill,Tanker,11,2019-04-16,2025-11-09
9749491,Cherokee,Tanker,11,2021-09-29,2023-11-10
1015181,Um Kiso,Tanker,11,2026-04-25,2026-07-02
9459034,Ncc Reem,Tanker,11,2021-11-03,2023-06-11
1024015,Atlantic Majesty,Tanker,11,2026-02-10,2026-04-06
9467055,Northern Power,Container,11,2019-09-07,2019-09-30
9553622,Theresa Schulte,Tanker,11,2020-11-09,2021-02-04
9989209,Bow Jaguar,Tanker,11,2024-07-16,2024-12-07
9237503,Barry,Container,11,2019-03-07,2019-05-12
9521540,Aal Dampier,Bulk,11,2020-02-18,2026-01-22
9365362,Gemini Pearl,Tanker,11,2020-01-26,2024-08-25
9256236,Augusta,Tanker,11,2019-04-18,2019-11-01
9239630,Seaways Silvermar,Tanker,11,2021-03-28,2021-04-05
9943841,Amore Mio I,Tanker,11,2025-03-02,2025-08-21
9325324,High Sd Yihe,Tanker,11,2019-03-31,2024-03-21
9390161,Jag Aanchal,Tanker,11,2026-02-24,2026-06-24
9346720,Dakota Strength,Tanker,11,2020-11-05,2021-11-22
9274525,Nordic Rio,Tanker,11,2020-03-04,2022-10-28
9307229,Pusan C,Container,11,2019-01-05,2025-03-23
9790983,Seaviolet,Tanker,11,2025-08-05,2025-08-10
9248461,Chembulk Savannah,Tanker,11,2019-04-15,2019-04-21
9724348,Parthenon Ts,Tanker,11,2019-05-08,2021-10-03
9944637,Stena Provident,Tanker,11,2024-02-06,2024-02-16
9214032,Bow Condor,Tanker,11,2019-01-31,2019-05-13
9419448,Amax Arrow,Tanker,11,2023-04-25,2023-05-01
9281554,Mattheos I,Tanker,11,2019-08-01,2019-08-31
9799874,Sfl Sabine,Tanker,11,2020-08-24,2025-11-04
9725495,Yara Aesa,Tanker,11,2024-03-28,2026-03-03
9917892,Amwaj,Tanker,11,2023-05-18,2025-08-19
9214147,Barcarena,Bulk,11,2019-02-10,2019-02-26
9425502,Torm Gyda,Tanker,11,2019-04-02,2019-04-10
9853400,Aurviken,Tanker,11,2020-10-04,2022-04-19
9566150,Zao Galaxy,Tanker,11,2026-07-01,2026-07-15
9331153,Alhani,Tanker,11,2020-03-06,2021-09-06
9693068,Abliani,(none),11,2020-12-07,2020-12-19
9973913,Navig8 Exceed,Tanker,11,2024-08-04,2025-07-29
9886720,Sea Urchin,Tanker,11,2021-11-21,2023-10-10
9629691,James Cook,Tanker,10,2023-01-19,2023-02-06
9308833,Lovina,Tanker,10,2020-01-27,2020-02-12
9696242,High Trader,Tanker,10,2022-04-27,2022-05-03
9379325,Indian Point,Tanker,10,2019-11-18,2019-12-07
9323338,Puze,Tanker,10,2019-12-26,2020-01-05
9683063,Kmarin Regard,Tanker,10,2026-03-16,2026-07-29
9797747,Atlantic Harmony,Tanker,10,2025-04-17,2025-07-19
9528043,Daytona,Tanker,10,2022-06-26,2022-07-08
9943384,Cl Toni Morrison,Tanker,10,2024-11-04,2025-05-28
9531507,Navigator Gusto,Gas,10,2026-07-23,2026-07-28
9719771,Navig8 Axinite,Tanker,10,2021-07-22,2021-07-27
9773040,Victory Venture,Tanker,10,2023-03-22,2026-03-29
9304588,Torm Resilience,Tanker,10,2020-01-26,2021-08-24
9414981,Iwami,Bulk,10,2022-10-02,2024-10-20
9817626,Elandra Osprey,Tanker,10,2021-12-13,2021-12-18
9370836,New Amorgos,Tanker,10,2019-09-30,2019-10-26
9683386,Silver Hague,Tanker,10,2024-11-07,2024-11-12
9315898,Byzantion,Tanker,10,2022-11-03,2026-07-03
9893773,Nord Valkyrie,Tanker,10,2021-06-22,2021-06-28
9484522,Lana,Container,10,2020-11-19,2021-01-06
9924912,Gc Beryl,Tanker,10,2024-01-26,2024-07-21
9669940,Sti Opera,Tanker,10,2019-05-09,2019-10-18
9254848,Msc Anshika Vi,Container,10,2025-10-11,2026-02-03
9311036,Okee John T,Tanker,10,2020-01-11,2025-05-22
9936549,Eco Oracle,Gas,10,2025-06-30,2025-07-17
9363821,Orchid Kefalonia,Tanker,10,2022-04-22,2022-04-27
9504023,Valentine,Tanker,10,2023-03-15,2023-06-10
9290359,Ottoman Nobility,Tanker,10,2022-04-09,2022-04-15
9348687,Seattle Express,Container,10,2021-03-16,2021-05-05
9332494,Owl 3,Tanker,10,2025-01-07,2025-01-12
9879698,Adamastos,Gas,10,2025-06-16,2025-12-21
9386249,Norstar Baltic,Tanker,10,2020-09-09,2020-09-30
9555292,T Matterhorn,Tanker,10,2022-09-19,2023-10-26
9251705,Msc Florentina,Container,10,2025-05-02,2025-06-20
9973901,Navig8 Excel,Tanker,10,2024-06-13,2024-07-10
9683025,Kmarin Reliance,Tanker,10,2021-10-02,2025-12-03
9385831,Alcyone T,Tanker,10,2021-07-12,2022-10-22
9965552,Fairchem Pioneer,Tanker,10,2024-10-23,2024-10-28
9797802,Sten Odin,Tanker,10,2020-02-01,2020-04-11
9242156,Ceylon,Tanker,10,2019-03-21,2019-03-26
9724037,Gion Trader,Tanker,10,2019-12-26,2019-12-31
9733674,Buccoo Reef,Tanker,10,2019-03-08,2019-07-11
9458183,Habip Bayrak,Tanker,10,2020-06-20,2020-07-06
9669926,Green Sea,Tanker,10,2019-09-11,2019-11-03
9365245,Rhl Dresden,Tanker,10,2020-08-07,2021-01-13
9529645,Bunga Laurel,Tanker,10,2021-12-29,2022-01-11
9570101,Seaclipper,Tanker,10,2023-12-20,2024-07-31
9391426,Alpine Mia,Tanker,10,2022-01-18,2023-04-03
9856622,Hafnia Guangzhou,Tanker,10,2021-06-19,2026-06-28
9913626,Yellow Stars,Tanker,10,2022-12-12,2024-11-15
9288746,Seaborn,Tanker,10,2019-05-30,2022-05-27
9359868,Gulf Fanatir,Tanker,10,2024-11-04,2026-03-09
9433846,Fpmc 26,Tanker,10,2019-09-02,2019-09-11
9433303,Lokholmen,Tanker,10,2019-11-19,2019-11-26
1074723,Elandra Cedar,Tanker,10,2025-12-27,2026-01-04
9301031,Star Gwyneth,Bulk,10,2019-10-12,2019-10-26
9294276,Chembulk Ulsan,Tanker,10,2020-01-17,2020-01-22
9298492,Northern Ocean,Tanker,10,2021-11-03,2021-11-11
9487172,New Accord,Tanker,10,2019-08-05,2019-08-13
9722170,Sti Gladiator,Tanker,10,2026-05-19,2026-05-30
9995478,Narrator,Tanker,10,2026-01-23,2026-05-13
9872999,Hellas Athina,Tanker,10,2025-11-06,2026-04-28
9907653,Emeraldway,Tanker,10,2022-08-16,2022-09-14
9296731,Stolt Courage,Tanker,10,2022-03-11,2022-03-17
9644744,Genius Star XII,Bulk,10,2021-11-28,2021-12-13
9414292,Celsius Palermo,Tanker,10,2021-04-16,2021-04-20
9528378,Fpmc 28,Tanker,10,2019-08-28,2019-09-03
9466960,Msc Jasper VIII,Container,10,2026-05-04,2026-07-14
9370135,Sun Aquamarine,Bulk,10,2020-06-08,2020-07-14
9409510,Songa Challenge,Tanker,10,2019-04-09,2019-04-16
9301732,Energy,Tanker,10,2019-11-05,2026-04-27
9925708,Modesty,Tanker,10,2026-02-26,2026-04-13
9883493,Southern Xantis,Tanker,10,2023-12-02,2023-12-16
9986283,Hl Fortuna,Gas,10,2026-04-24,2026-07-11
9490868,Filia,Bulk,10,2020-10-02,2024-10-04
9251896,Tambourin,Tanker,10,2019-03-12,2019-03-18
9315941,Seaways Huron,Tanker,10,2020-10-29,2024-01-02
9773765,Seacharm,Tanker,10,2026-03-06,2026-03-16
9400356,Alsia Swan,Tanker,10,2021-03-27,2024-07-08
9473092,Harbour Feature,Tanker,10,2019-11-17,2020-01-22
9543536,Alegria 1,Tanker,10,2020-12-10,2023-07-25
9544592,Vanda,Tanker,10,2022-08-18,2022-08-23
9257711,Pro Jade,Tanker,10,2020-01-09,2020-02-25
9402809,Celsius Ravenna,Tanker,10,2022-07-23,2022-11-25
9296195,Minerva Emma,Tanker,10,2019-06-12,2019-07-05
1045693,Eternity,Tanker,10,2026-03-20,2026-03-27
9792010,Southern Quokka,Tanker,10,2019-11-12,2025-06-11
9423645,Songa Breeze,Tanker,10,2024-11-15,2024-11-23
9210062,Msc Glory R,Container,10,2022-07-16,2022-08-24
9853008,Minerva Kallisto,Tanker,10,2020-11-10,2021-03-28
9742895,Diamondway,Tanker,10,2021-12-04,2023-01-16
9416381,Clarity,Tanker,10,2023-03-10,2023-03-17
9610793,Georgy Maslov,Tanker,10,2021-10-25,2022-01-23
9818228,Nordic Cygnus,Tanker,10,2021-07-25,2025-02-20
9536363,Navigator Galaxy,Tanker,10,2022-07-25,2022-07-29
9425239,Tosna Star,Tanker,10,2021-12-10,2021-12-16
9486922,Alberta,Tanker,10,2023-03-02,2023-03-13
9830288,Hafnia Hong Kong,Tanker,10,2026-05-30,2026-06-09
9897133,Uhl Flair,Bulk,10,2022-10-02,2022-10-12
1055985,Saronic Wind,Tanker,10,2026-01-08,2026-01-13
9796731,Frankopan,Tanker,10,2021-10-20,2022-09-01
9635767,Leopard Star,Tanker,10,2019-01-11,2019-01-21
9800817,Antares,Tanker,10,2022-09-14,2023-10-20
9581447,Maersk Maru,Tanker,10,2023-11-23,2025-04-14
9385192,Pinnacle Spirit,Tanker,10,2020-01-23,2020-01-30
9358321,Sextans,Tanker,10,2021-01-28,2021-08-17
9790464,Summer Ploeg,Tanker,10,2019-04-19,2019-04-27
9085522,Kure,Container,10,2023-03-11,2023-05-11
9389978,Archangel Gabriel,Tanker,10,2026-06-03,2026-07-01
9749532,Elandra Firth,Tanker,10,2026-03-14,2026-03-23
9461659,Hafnia Pegasus,Tanker,10,2019-02-25,2019-03-05
9400370,Orionis,Tanker,10,2019-10-22,2026-05-10
9734850,Yara Sela,Gas,10,2024-07-17,2026-04-07
9622916,Cora Oldendorff,Bulk,10,2021-12-11,2023-12-14
9275749,Seaways Reymar,Tanker,10,2019-09-05,2019-09-12
9564671,Portofino,Tanker,10,2022-04-03,2022-04-27
9969376,Jozef Pilsudski,Tanker,10,2025-09-12,2026-01-20
9326873,Maribel,Tanker,10,2019-09-07,2019-09-12
9449405,Mare Picenum,Tanker,10,2021-03-03,2025-01-16
9693082,Ypapanti,Tanker,10,2023-10-05,2023-10-17
9263186,Hafnia Rainier,Tanker,10,2019-01-06,2019-01-10
9431290,Maersk Katarina,Tanker,10,2023-02-02,2025-07-28
9344007,Torm Hardrada,Tanker,10,2020-01-01,2020-01-05
9697442,Nave Sextans,Tanker,10,2019-04-11,2019-04-23
9956393,Maran Gas Kimolos,Gas,10,2026-01-27,2026-05-13
9321029,Prestige,Container,10,2024-04-24,2024-07-10
9733698,Store Bay,Tanker,10,2019-09-17,2020-12-28
9959929,Sabrina Glory,Tanker,10,2025-09-08,2026-04-27
9803364,Orange Victoria,Tanker,10,2020-08-17,2020-08-27
9706061,Bw Raven,Tanker,10,2020-02-16,2020-02-23
9367669,Petalouda,Tanker,10,2019-02-19,2019-02-27
9828144,Ps Milano,Tanker,10,2024-05-10,2024-08-21
9636632,Maersk Adriatic,Tanker,10,2025-05-26,2025-06-03
9476824,Hafnia Leo,Tanker,10,2024-04-20,2024-08-04
9387671,Ncc Qamar,Tanker,10,2026-02-18,2026-02-24
9107306,Pine Arrow,Bulk,10,2023-05-29,2023-07-24
9676527,Elandra Melody,Tanker,10,2026-03-25,2026-03-29
9867607,Mtm Vancouver,Tanker,10,2024-03-30,2026-04-30
9946386,Saint Barbara,Gas,10,2025-05-27,2026-02-21
9786152,Maersk Callao,Tanker,10,2025-01-23,2025-01-30
9819844,Homeric,Tanker,10,2020-03-25,2024-07-07
9878888,Gui Ying,Gas,10,2025-10-22,2026-03-28
9480150,Ncc Sama,Tanker,10,2023-11-22,2023-12-20
9893163,Zandolie,Tanker,10,2021-08-24,2026-01-25
9763332,Asphalt Splendor,Tanker,10,2023-09-11,2025-04-12
9306794,Ns Commander,Tanker,10,2019-05-28,2019-06-07
9457878,Rubyt,(none),10,2022-12-02,2022-12-11
9704465,Sti Pontiac,Tanker,10,2026-03-24,2026-07-11
1074735,Elandra Cypress,Tanker,10,2026-03-18,2026-03-28
9475648,One Maneuver,Container,10,2021-08-03,2021-10-29
9412335,Ns Bora,Tanker,10,2019-09-29,2019-10-03
9942653,Kamui Galaxy,Tanker,10,2024-08-14,2024-10-31
9682588,Maran Gas Achilles,Tanker,10,2026-05-25,2026-07-03
9528380,Miss Marina,Tanker,10,2019-04-30,2019-05-04
9830290,Hafnia Shanghai,Tanker,10,2019-08-06,2019-08-13
9310161,Ardmore Seafarer,Tanker,10,2019-01-02,2019-01-06
9768746,Maritime Polaris,Tanker,10,2024-09-07,2024-09-21
9911551,Cypress Sun,Tanker,10,2023-07-30,2023-08-12
9389514,Helene Maersk,Tanker,10,2021-03-14,2021-03-21
9414072,Stolt Groenland,Tanker,10,2019-07-22,2019-07-30
9379301,Alpine Penelope,Tanker,10,2019-03-22,2019-03-29
9341940,Pelagic Tope,Tanker,10,2022-07-27,2023-11-21
9281920,m Potomac,Tanker,10,2021-08-23,2022-11-04
9594858,Eagle San Pedro,Tanker,10,2021-05-26,2022-07-13
9358931,Sten Hidra,Tanker,9,2025-11-07,2025-11-13
9440485,Aramon,Tanker,9,2019-06-09,2019-06-13
9291250,Almi Star,Tanker,9,2019-01-21,2019-01-26
9364966,Nijinsky,Tanker,9,2019-03-31,2019-04-15
1019773,Aegean C,Tanker,9,2026-05-31,2026-06-08
9045780,Green Italia,Reefer,9,2019-01-22,2019-02-02
9901099,Liatris,Tanker,9,2022-02-27,2022-03-09
9657052,Nave Velocity,Tanker,9,2019-05-09,2019-05-15
9659103,Waasmunster,Gas,9,2025-02-26,2025-03-04
9903918,Sea Dragon,Tanker,9,2023-02-22,2023-02-26
9444285,Msc Dubai VII,Container,9,2025-12-13,2026-02-25
9997971,Seadancer,Tanker,9,2026-07-13,2026-07-23
9340128,Nordic Hanne,Tanker,9,2019-12-05,2019-12-14
9317078,Haruna Express,Tanker,9,2019-06-18,2019-06-22
9336490,Hafnia Europe,Tanker,9,2019-02-18,2019-02-24
9183568,Sigmagas,Tanker,9,2022-07-05,2022-08-30
9869887,Explora II,Passenger,9,2025-01-16,2026-02-19
8316699,Savannah Pearl,Bulk,9,2019-02-19,2019-02-24
9791145,Kimolos,Tanker,9,2022-04-22,2022-05-18
9832250,Front Siena,Tanker,9,2020-07-16,2021-08-22
9477517,Pvt Flora,Tanker,9,2026-05-23,2026-05-28
9327413,Aristidis,Tanker,9,2022-01-06,2022-01-11
8983234,Ginny Lab,(none),9,2023-03-28,2025-03-13
9588158,White Moon,Tanker,9,2022-03-03,2022-03-27
9871074,Theresa II,Tanker,9,2024-05-23,2024-05-26
9635858,Bw Jaguar,Tanker,9,2021-02-17,2021-02-23
9446374,Dim,Tanker,9,2026-04-15,2026-04-22
9312913,Atlantas II,Tanker,9,2019-01-30,2019-02-06
9579535,Almi Sun,Tanker,9,2026-03-03,2026-03-11
9066667,Crystal Symphony,Passenger,9,2019-01-04,2019-10-26
9645425,Aegean Dream,Tanker,9,2021-05-06,2025-10-10
9797266,Atlantic Pride,Tanker,9,2021-12-19,2021-12-25
9872987,Hellas Diana,Gas,9,2026-04-04,2026-06-21
9722584,Sti Grace,Tanker,9,2026-02-19,2026-02-24
9406673,Delta Hellas,Tanker,9,2019-12-14,2019-12-30
9337391,Athens Voyager,Tanker,9,2019-05-07,2019-05-13
8912144,Green Guatemala,Reefer,9,2023-01-13,2025-05-21
9327011,Azurite,Tanker,9,2020-12-27,2021-01-04
9579559,Almi Odyssey,Tanker,9,2019-05-03,2020-07-17
9396737,Falcon Iris,Tanker,9,2019-03-15,2022-05-24
9857212,Yasa Albatross,Tanker,9,2024-05-05,2026-07-13
9797993,Torm Hermia,Tanker,9,2024-04-18,2024-08-21
9819650,Gaslog Windsor,Gas,9,2026-02-17,2026-07-01
9271999,Moyra,Tanker,9,2019-11-06,2019-11-10
9828900,Aegean Star,Tanker,9,2021-03-22,2021-04-25
9698288,Gas Top,Gas,9,2026-02-07,2026-02-14
9457593,Ross Sea,Tanker,9,2023-01-24,2023-02-03
9486180,Ecofuture,Tanker,9,2021-12-14,2026-04-08
9818058,Eikeviken,Tanker,9,2021-11-03,2021-11-09
9708148,Sti Spiga,Tanker,9,2023-11-18,2024-07-27
9506459,Celebrity Reflection,Passenger,9,2019-03-03,2020-02-26
9587207,Seabliss,Tanker,9,2023-04-05,2023-04-09
9258868,Star Swift,Tanker,9,2019-05-13,2019-06-29
9123154,Msc Korea,Container,8,2024-04-21,2024-05-22
9565625,Bochem Singapura,Tanker,8,2019-11-14,2019-11-21
9707807,Sti Osceola,Tanker,8,2021-02-06,2021-02-11
9458808,Ncc Yanbu,Tanker,8,2022-06-30,2022-07-21
9382073,Starman,Tanker,8,2022-07-09,2022-07-14
9785718,Sti La Boca,Tanker,8,2019-05-17,2019-05-22
9482873,Navig8 Macallister,Tanker,8,2023-04-18,2023-04-25
9293753,Conti Cortesia,Container,8,2021-07-10,2021-10-23
9896452,Seri Daya,Gas,8,2025-05-15,2025-07-28
9371579,Fairplayer,Bulk,8,2025-02-05,2025-02-08
9940100,Fionia Swan,Tanker,8,2025-01-22,2025-01-27
9813113,Barramundi,Gas,8,2026-06-03,2026-06-12
9941283,Ikigai,Tanker,8,2024-06-26,2024-07-03
9795127,Eagle San Francisco,Tanker,8,2024-01-11,2024-01-16
9924728,Oriental Ixia,Tanker,8,2025-11-03,2025-11-10
9594793,Athens Spirit,Tanker,8,2019-08-27,2019-09-07
9085479,Cool Expreso,Reefer,8,2019-09-10,2019-09-28
9356438,Alyarmouk,Tanker,8,2022-06-09,2023-05-21
9396672,Pike,Tanker,8,2021-07-11,2022-09-11
9311000,Rose M,Tanker,8,2021-11-14,2021-11-17
9601833,Aqualegacy,Tanker,8,2021-08-08,2021-08-20
9823558,Marlin Loreto,Tanker,8,2025-01-16,2025-01-25
9251559,Tivy Gold,Tanker,8,2024-02-16,2024-02-26
9303651,Bow Santos,Tanker,8,2019-01-08,2019-01-11
9577068,Torm Evolve,Tanker,8,2024-11-03,2024-11-07
9788966,Ithacki,Tanker,8,2024-12-08,2024-12-12
9829904,Marlin Le Havre,Tanker,8,2023-04-18,2023-04-27
9682394,Silver Amanda,Tanker,8,2021-01-12,2021-01-19
9798973,Strimon,Tanker,8,2023-01-08,2023-01-13
9813058,Samc Swan,Tanker,8,2023-03-12,2023-03-15
9401271,Crete I,Container,8,2019-11-23,2020-02-04
9327102,Aurelia,Tanker,8,2021-11-14,2021-11-20
9692296,Silver Philippa,Tanker,8,2022-03-16,2026-04-28
9801976,Prometheus Light,Tanker,8,2025-09-19,2025-10-01
9841627,Marlin Shikoku,Tanker,8,2020-03-01,2020-03-09
9681390,Sti Venere,Tanker,8,2022-09-01,2022-09-07
9789257,Atlantic Falcon,Tanker,8,2019-07-14,2019-08-11
9948695,Energy Endurance,Gas,8,2025-03-20,2025-06-07
9382114,Vs Salome,Tanker,8,2022-01-05,2022-01-12
1043322,Rike J,Container,8,2025-12-24,2025-12-28
9143544,Kobe Express,Container,8,2022-02-06,2022-04-01
9213909,Noble Spirit,Tanker,8,2019-04-17,2019-04-26
9635781,Valle Sole,(none),8,2022-11-19,2022-11-24
9835848,Marlin Sicily,Tanker,8,2020-12-05,2020-12-14
9332171,Jo Ask,Tanker,8,2022-10-29,2022-11-05
9314167,La Boheme,Tanker,8,2022-09-30,2022-10-06
9553397,Furuholmen,Tanker,8,2020-07-20,2025-02-08
1046647,Cs Saker,Tanker,8,2026-07-11,2026-07-21
9798868,Nicopolis,(none),8,2022-11-24,2022-11-27
9885996,Mol Hestia,Tanker,8,2025-10-12,2026-02-08
9493767,Pola,Tanker,8,2022-08-04,2022-08-09
9442017,Serene Sea,Tanker,8,2021-02-04,2021-02-10
9712319,Torm Titan,Tanker,8,2024-05-21,2024-05-25
9994709,Um Yoshino,Tanker,8,2025-08-02,2025-08-09
9610389,Nexus Victoria,Tanker,8,2026-07-25,2026-07-29
9306809,Ncc Tabuk,Tanker,8,2022-10-20,2022-10-28
9340582,Maersk Brigit,Tanker,8,2019-08-26,2019-09-01
9722704,Cma Cgm Tanya,Container,8,2025-04-06,2025-07-09
9521564,Aal Bangkok,Bulk,8,2019-11-30,2026-03-23
9236248,Minerva Zenia,Tanker,8,2020-04-15,2020-04-22
9654579,Ardmore Encounter,Tanker,8,2022-07-26,2022-08-01
9732395,Polar Bright,Tanker,8,2026-03-22,2026-03-26
9300415,Ever Smile,Container,8,2021-07-29,2021-10-19
9923463,Proteus Ingrid,Tanker,8,2025-08-30,2025-09-06
9231822,Msc Shanghai V,Container,8,2025-09-08,2025-10-24
9644237,Athina M,Tanker,8,2024-10-29,2024-11-02
9425318,Uog Despina V,Tanker,8,2023-01-26,2023-01-30
9902756,Vivit Arabia Lng,Gas,8,2026-02-13,2026-02-15
9428982,Torm Gwendolyn,Tanker,8,2025-12-02,2025-12-10
9299458,Maersk Barry,Tanker,8,2024-07-03,2024-07-12
9706463,Sti Hammersmith,Tanker,8,2021-05-14,2021-05-18
9296597,Odori,Tanker,8,2020-05-21,2020-05-24
9380831,Minerva Julie,Tanker,8,2019-09-11,2019-09-19
9917828,Maria,Tanker,8,2022-09-25,2022-09-30
9321768,Excelerate Shenandoa,Gas,8,2026-04-19,2026-04-22
9465966,Torm Alice,Tanker,8,2023-11-08,2023-11-13
9354519,Fsl Osaka,Tanker,8,2019-02-04,2019-02-10
9273624,Seaways Ariadmar,Tanker,8,2019-02-03,2019-02-10
9566162,Chemroute Pegasus,Tanker,8,2026-06-11,2026-06-17
1037684,Chemroad Kaia,Tanker,8,2026-06-07,2026-06-14
9772034,Pacific Sarah,Tanker,8,2021-08-17,2021-08-23
9320714,Ridgebury Captain Dr,Tanker,8,2022-02-25,2022-03-21
9558464,Pacific Dawn,Bulk,8,2024-07-25,2024-07-27
9363754,Aviator,Bulk,8,2019-04-09,2019-04-27
9328974,Nisi,Tanker,8,2026-04-12,2026-04-16
1071410,Asp Sunshine,Tanker,8,2026-05-24,2026-05-31
9885910,Balzani,Bulk,8,2023-11-17,2023-11-24
9260275,Sw Monaco I,Tanker,8,2022-04-30,2022-05-08
9821691,Elandra Bay,Tanker,8,2026-03-08,2026-04-01
6728068,Oregon II,(none),8,2021-09-19,2025-11-20
9336397,Lillesand,Tanker,8,2021-09-29,2024-06-07
9876402,Puffin Pacific,Tanker,8,2025-12-21,2025-12-27
9391531,Pvt Solana,Tanker,8,2024-06-26,2024-06-30
9556181,Navig8 Honor,Tanker,8,2020-08-16,2020-08-26
9439204,Uraga Princess,Tanker,8,2020-03-01,2020-09-19
9981257,Sedat Basak,Tanker,8,2025-03-09,2025-03-13
9575541,Sonangol Rangel,Tanker,8,2020-10-03,2025-11-16
9704520,Navigator Copernico,Tanker,8,2019-08-31,2019-09-05
9301990,Aldebaran,Container,8,2020-09-17,2020-11-17
9407146,Altamira Express,Container,8,2022-03-01,2022-04-28
9664782,Sfl Panther,Tanker,8,2026-04-26,2026-05-05
9288851,Carlton,Tanker,8,2021-06-19,2021-10-23
9995430,Cape Avanti,Tanker,8,2026-04-04,2026-04-10
9472763,Mp Mr Tanker1,Tanker,8,2021-07-30,2021-08-03
9434204,Olaf,Tanker,8,2021-02-16,2021-02-19
9311713,Sapsan,Tanker,8,2024-09-17,2024-09-22
9675080,Taugas,Gas,8,2025-09-12,2025-09-16
9997969,Seamagic,Tanker,8,2026-04-12,2026-04-20
9414503,Yamato Spirit,Tanker,8,2023-01-12,2023-01-18
9941726,Penelope,Tanker,8,2024-03-20,2024-03-30
9722649,Hellas Nemesis,Tanker,8,2020-10-01,2020-10-06
9593000,Atina,Tanker,8,2020-10-13,2020-10-22
9675494,Hafnia Cougar,Tanker,8,2026-05-04,2026-05-11
9744946,Earth Summit,Gas,8,2019-07-14,2019-07-21
9259721,Lila Hong Kong,Tanker,8,2023-04-03,2023-04-21
9785380,Uhl Fusion,Bulk,8,2020-09-13,2021-06-10
9798179,Dancing Brave,Tanker,8,2022-12-31,2023-01-05
9311610,Miltiadis M II,Tanker,8,2020-03-25,2020-08-06
9975583,Msc Le Havre,Container,8,2025-09-14,2026-03-19
9718404,Silver Ervilia,Tanker,8,2021-10-08,2021-10-13
9946702,Elytis,Tanker,8,2025-01-07,2025-01-16
9255696,Minerva Nike,Tanker,8,2021-06-13,2021-06-25
9047245,Lagoon Phoenix,Reefer,8,2021-07-23,2022-07-08
9070632,Marella Discovery,Passenger,8,2023-04-27,2023-11-11
9473066,Sealeo,Tanker,8,2025-12-30,2026-01-04
9851701,Cb Baltic,Tanker,8,2023-06-11,2023-06-14
9512173,Oasis,Tanker,8,2025-05-25,2025-06-04
9806158,Karimata,Tanker,8,2026-07-26,2026-07-31
9953456,Akrisios,Tanker,8,2023-09-05,2023-09-12
1014034,Seamerit,Tanker,8,2025-05-16,2025-06-01
9835862,Marlin Sardinia,Tanker,8,2025-05-12,2025-05-21
9281580,Ioannis I,Tanker,8,2019-09-26,2019-09-30
9477505,Chem Taurus,Tanker,8,2025-05-02,2025-05-10
9299147,Stena Primorsk,Tanker,8,2019-04-12,2019-04-15
9337638,Nyk Meteor,Container,8,2020-08-21,2020-08-29
9314208,Hyde,Tanker,8,2019-07-25,2019-07-30
9436020,Crude Centurion,Tanker,8,2021-09-13,2021-09-19
9833591,Sti Miracle,Tanker,8,2024-10-05,2024-10-13
9711535,Dilos,Gas,8,2019-05-24,2019-05-31
9254240,Torm Moselle,Tanker,8,2020-04-19,2020-04-25
8912132,Green Honduras,(none),8,2021-10-02,2023-09-01
9303780,Irenes Rainbow,(none),8,2022-01-26,2022-03-23
9720495,Msc Branka,Container,8,2021-10-27,2022-06-29
9513141,Advantage Sun,Tanker,8,2021-01-22,2021-02-01
9749489,Apache,Tanker,8,2019-10-30,2019-11-03
9675078,Zoe Schulte,Tanker,8,2024-12-29,2025-01-05
1021594,Spa,Tanker,8,2026-05-08,2026-05-23
9931173,Theresa Empat,Tanker,8,2025-01-08,2025-01-14
9904871,Torm Helene,Tanker,8,2023-07-30,2023-08-11
9798167,Desert Orchid,Tanker,8,2020-03-09,2020-03-12
9379818,Capella,Tanker,8,2023-09-10,2023-09-15
1024510,Um Minami,Tanker,8,2026-04-30,2026-05-07
9623855,Seamax Stamford,Container,8,2019-03-06,2019-03-07
9708150,Sti Lombard,Tanker,8,2026-05-14,2026-05-19
9251523,Maritime Jingan,Tanker,8,2022-10-18,2022-10-25
9843560,Vernadsky Prospect,Tanker,8,2021-06-23,2021-07-10
9301005,High Performance,Tanker,8,2020-01-13,2020-01-18
9383443,Barbarica,Tanker,8,2020-05-26,2026-01-03
9745926,Front Antares,Tanker,8,2023-07-05,2023-07-10
9819856,Rhythmic,Tanker,8,2021-12-26,2021-12-30
9385996,Maersk Nansha,Container,8,2026-02-15,2026-03-19
9974979,Table Bay,Tanker,8,2024-05-17,2024-05-26
9699115,Seamax Niantic,Container,8,2020-10-02,2020-12-24
9323778,Jal Siddhi,Tanker,8,2023-05-22,2023-07-11
9531519,Navigator Genesis,Tanker,8,2023-01-19,2023-01-22
9800245,Patmos I,Tanker,8,2024-05-08,2024-05-16
9761516,Loire,Tanker,8,2025-06-27,2025-07-05
9413779,Pacific Jewel,Tanker,8,2023-07-10,2023-07-15
9327463,Y Gemini,(none),8,2022-12-09,2022-12-14
9254252,Ginga Merlin,Tanker,8,2026-07-07,2026-07-11
9311048,Ridgebury Acacia,Tanker,8,2022-08-14,2022-08-18
9746243,Elandra Spruce,Tanker,8,2020-02-26,2020-03-02
9413016,Blue Sky,Tanker,8,2023-01-25,2024-09-06
9299692,Ns Concord,Tanker,8,2021-07-15,2021-08-01
9953248,Rex Tillerson,Tanker,8,2025-02-16,2026-04-08
9239989,Team Toccata,Tanker,8,2019-08-02,2019-08-09
9785835,Monte Urbasa,Tanker,8,2025-05-13,2025-05-17
9768734,Maritime Meridian,Tanker,8,2021-05-09,2021-06-02
9883259,Tarsus,Tanker,8,2022-09-01,2022-09-06
9524475,Suez Rajan,Tanker,8,2020-07-26,2020-07-31
9403346,High Force,Tanker,8,2019-02-11,2019-02-15
9447029,Basat,Tanker,8,2024-01-13,2024-02-19
9579523,Almi Sky,Tanker,8,2023-02-09,2023-02-14
9427641,Tahoe Spirit,Tanker,8,2022-01-04,2022-01-09
9169524,Aurora,Passenger,8,2020-02-07,2024-01-27
1023932,Mh Gladiator,Tanker,8,2026-03-20,2026-03-23
9838589,A Leopard,Tanker,8,2026-04-19,2026-04-29
9336517,Lake Sturgeon,Tanker,8,2022-09-23,2022-09-27
9299783,Cma Cgm Tosca,Container,8,2024-03-05,2024-06-01
9261102,Sten Idun,Tanker,8,2020-08-06,2020-08-08
9758076,Bw Lilac,Gas,8,2025-01-23,2026-07-01
9621601,Lacerta,Tanker,8,2019-05-26,2019-06-01
9795971,Orange Sea,Reefer,8,2021-10-20,2021-11-03
9796781,Nohshu Maru,Gas,8,2026-03-12,2026-03-18
1018860,Golden Sun,Tanker,8,2026-02-11,2026-07-31
9592226,Aqualiberty,Tanker,8,2022-09-15,2022-09-20
9594755,Seaways Sabine,Tanker,8,2025-10-16,2025-10-27
9292010,Zea Jakarta,Bulk,8,2019-02-18,2019-08-23
9676711,Max Schulte,Container,8,2021-07-05,2025-04-25
9729740,Balboa,Bulk,8,2022-03-14,2022-03-18
9997244,Precious Balboa,Tanker,8,2025-10-15,2025-10-22
9231183,Yash,Tanker,8,2024-01-31,2024-02-07
9424924,One Matrix,Container,8,2021-07-14,2021-10-08
9244544,Zea Shanghai,Bulk,8,2019-05-04,2019-11-17
9817470,Breiviken,Tanker,8,2024-02-24,2024-03-05
9413028,Blue Sea,Tanker,8,2026-01-20,2026-02-02
9222572,Trogir,Bulk,8,2025-01-04,2025-01-14
9304590,Torm Eric,Tanker,8,2020-03-07,2020-03-11
9892975,Atlantic Emerald,Tanker,8,2026-07-28,2026-07-31
1021180,Jal Dhvani,Tanker,8,2026-03-23,2026-03-29
9487251,Diyyinahi,Tanker,8,2025-10-19,2025-10-25
9231482,Evridiki G,Container,8,2023-02-04,2023-02-09
9283796,Delphi,Tanker,8,2019-01-10,2019-01-15
9195420,Bbc Romania,Bulk,8,2020-10-16,2020-10-19
9939565,Arrebol,Tanker,8,2024-04-07,2024-04-17
9392080,Inuyama,Bulk,8,2025-09-23,2025-09-28
9956408,Marangas Kastelorizo,Tanker,8,2026-03-17,2026-03-21
9235995,Zea Tokyo,Bulk,8,2019-06-01,2019-12-20
9749805,Snow Ploeg,Tanker,8,2023-04-13,2023-05-17
9578646,Atlanta Spirit,Tanker,8,2021-12-29,2022-01-03
9374557,Sophia Kosan,Tanker,8,2020-09-21,2020-09-26
9922823,Aquafreedom,Tanker,8,2023-02-02,2023-02-06
9941910,Mulberry Express,Tanker,8,2026-01-14,2026-01-19
9616230,Europa 2,Passenger,8,2020-01-01,2024-05-11
9721918,Marlin Aventurine,Tanker,8,2019-03-18,2019-03-25
9324497,Bahri Tulip,Tanker,8,2020-08-05,2020-08-09
9339636,Vs Spirit,Tanker,8,2020-03-19,2020-03-27
9923437,Proteus Bohemia,Tanker,8,2026-03-16,2026-03-25
9974474,Msc Cote Divoire,Container,8,2026-04-14,2026-06-23
9384007,Grand Ace12,Tanker,8,2024-04-19,2024-04-23
9256298,Maersk Kalea,Tanker,8,2019-05-28,2019-06-05
9315721,Jag Prakash,Tanker,8,2024-01-14,2024-01-21
9986075,Hasbah,Gas,8,2026-04-30,2026-07-19
9551777,Thekla Schulte,Gas,8,2025-06-25,2025-07-05
9412359,Ns Bravo,Tanker,8,2019-11-30,2019-12-16
9793272,Challenge Prime,Tanker,8,2025-11-29,2025-12-06
9411939,Minerva Marina,Tanker,8,2023-12-12,2023-12-19
9435557,Owl4,Tanker,8,2023-02-07,2023-02-13
9379519,Ardmore Seamariner,Tanker,8,2019-09-10,2019-09-18
9430272,Celsius Roskilde,Tanker,8,2020-10-12,2020-10-31
9459022,Ncc Najem,Tanker,8,2025-07-12,2025-07-17
9823572,Marlin Lome,Tanker,8,2022-07-21,2022-07-29
9638563,Nave Atropos,Tanker,8,2019-10-31,2019-11-04
9826897,Alfred,Tanker,8,2022-11-04,2022-11-11
9482847,Konstantin Jacob,Tanker,8,2021-12-14,2021-12-20
9974929,Tian Yi 156,Other,8,2025-12-24,2026-01-18
9793856,Banglar Agrajatra,Tanker,8,2024-06-01,2024-06-06
9258014,Nostos,Tanker,7,2021-11-29,2021-12-03
9712292,Torm Thor,Tanker,7,2022-09-09,2022-09-13
9972385,Hl Puffin,Gas,7,2026-05-01,2026-05-04
9312456,Stena Perros,Tanker,7,2019-10-25,2019-10-29
9384564,Red Sun,Tanker,7,2021-10-09,2021-10-16
9938030,Strymon,Tanker,7,2023-06-21,2023-06-25
9255684,Minerva Zoe,Tanker,7,2023-02-06,2023-02-09
9374296,Maria Faith,Tanker,7,2026-05-20,2026-05-25
9315654,Sonangol Kassanje,Tanker,7,2022-09-29,2022-10-04
9393084,Bw Thames,Tanker,7,2019-05-23,2019-05-27
9839090,Stavanger Pearl,Tanker,7,2026-07-03,2026-07-07
9313436,Peonia,Tanker,7,2025-06-30,2025-07-05
9466013,Torm Agnete,Tanker,7,2026-02-28,2026-03-05
9578634,Barcelona Spirit,Tanker,7,2023-05-24,2023-06-01
9788605,Challenge Prospect 2,Tanker,7,2021-11-24,2021-12-04
9296377,Tokyo Spirit,Tanker,7,2024-03-29,2024-04-05
9292503,Helga Spirit,Tanker,7,2020-08-05,2022-01-28
9428499,Kohl I,Bulk,7,2019-01-11,2019-05-09
9482574,Navigator Leo,Tanker,7,2025-02-15,2025-02-17
9761358,Maran Helios,Tanker,7,2023-04-28,2023-05-05
9569499,T Procyon,Tanker,7,2025-07-08,2025-07-13
9577094,Scf Provider,Tanker,7,2019-03-24,2019-03-28
9712321,Torm Torino,Tanker,7,2024-11-18,2024-11-21
9416733,Fraternity,Tanker,7,2022-07-09,2022-07-12
9783382,Lian Yang Hu,Tanker,7,2019-06-17,2019-06-21
9654775,Ardmore Exporter,Tanker,7,2023-04-20,2023-04-25
9437684,Chrysalis,Tanker,7,2021-03-19,2021-04-04
9240885,Torm Gertrud,Tanker,7,2019-06-13,2019-06-21
9843209,Seafaith,Tanker,7,2026-04-24,2026-05-01
9397781,Galissas,Tanker,7,2019-05-05,2019-05-09
9544607,Janine K,Tanker,7,2026-07-25,2026-07-31
9469687,Yasa Aqualina,Tanker,7,2026-03-12,2026-03-17
9395379,Koro Sea,Tanker,7,2020-09-23,2020-09-30
9428841,Sm Navigator,Tanker,7,2020-08-30,2020-09-03
9404845,Zenith Spirit,Tanker,7,2025-01-09,2025-01-19
9304629,Raptor,Tanker,7,2023-05-21,2023-05-26
9981245,Tinam,Tanker,7,2025-12-04,2025-12-08
9601223,Seamajesty,Tanker,7,2024-09-05,2024-09-10
9428683,Adamas I,Tanker,7,2022-06-21,2022-06-28
9222273,Paris II,Container,7,2021-09-14,2023-01-16
9334571,Two Million Ways,Tanker,7,2020-04-24,2020-04-29
9466714,Sloman Hera,Tanker,7,2020-09-17,2020-09-19
9308144,St Andrew,Tanker,7,2024-07-20,2024-07-25
9423906,Bachata,Tanker,7,2024-09-14,2024-09-18
9288928,Cape Beale,Tanker,7,2019-01-03,2019-01-10
9216602,Supertramp,Bulk,7,2019-02-16,2019-02-27
9312133,Explorer,Tanker,7,2019-04-04,2019-04-20
9292204,Adygeya,Tanker,7,2019-05-10,2019-05-17
9185499,Susanne Victory,Tanker,7,2019-06-22,2019-06-28
9289776,Emerald Shiner,Tanker,7,2019-08-02,2019-08-07
9870159,Lng Adventure,Tanker,7,2025-04-26,2025-10-28
9530890,Maria,Tanker,7,2023-06-14,2023-06-23
9547697,Olavo Bilac,Tanker,7,2022-02-01,2022-02-06
9421403,Swarna Mala,Tanker,7,2019-04-20,2019-04-23
9292199,Besiktas Dardanelles,Tanker,7,2021-06-05,2021-06-08
9767950,Maran Gas Spetses,Tanker,7,2025-03-11,2025-06-22
9735634,Sti Express,Tanker,7,2021-09-21,2021-09-26
9200689,Msc Darwin Vi,Container,7,2025-05-27,2025-05-31
9778296,Cielo Bianco,Tanker,7,2019-06-06,2019-06-13
9745524,Pacific Gas,Gas,7,2026-01-05,2026-01-08
9308821,Zuma,Tanker,7,2023-02-02,2023-02-06
9725873,Ogino Park,Tanker,7,2023-08-19,2023-08-25
9233741,Nell Jacob,Tanker,7,2019-01-04,2019-01-08
9579042,Stena Suede,Tanker,7,2026-01-17,2026-01-27
9419151,Leo,Tanker,7,2019-05-11,2019-05-15
9341184,Sten Moster,Tanker,7,2020-07-04,2020-07-16
9796705,Kalolimnos,Tanker,7,2023-09-11,2023-09-15
9923009,Alfios I,Tanker,7,2024-12-18,2024-12-22
9629952,Sti Garnet,Tanker,7,2019-02-05,2019-02-16
9323314,Ance,Tanker,7,2019-01-13,2019-01-20
9660657,Ocean Venture,Tanker,7,2026-07-16,2026-07-20
1057218,P Marseille,Tanker,6,2026-07-13,2026-07-18
9772357,Marathi,Tanker,6,2021-08-12,2021-08-17
9934163,Alder Express,Tanker,6,2024-07-02,2024-07-05
9923994,Dino,Tanker,6,2024-07-30,2024-08-16
9985992,Eva Pearl,Tanker,6,2025-11-22,2025-11-28
9592680,Jo Pinari,Tanker,6,2022-07-15,2022-07-25
1030064,Jarama,Tanker,6,2026-05-14,2026-05-21
9933212,Freeport Star,Tanker,6,2023-12-10,2023-12-14
9480198,Msc Madrid,Container,6,2025-05-27,2025-05-29
9772278,Mia Desgagnes,Tanker,6,2020-05-30,2020-06-02
9439541,Sea Hope,Tanker,6,2023-04-02,2023-04-11
9283306,Venice A,Tanker,6,2021-02-08,2021-02-14
9514169,Green Warrior,Tanker,6,2020-09-07,2020-09-11
9977282,Simsimah,Gas,6,2026-02-21,2026-02-25
9772113,Chios,Tanker,6,2021-02-02,2021-02-05
9696682,Sti Rose,Tanker,6,2026-06-25,2026-07-04
9991850,Esteem Fuji,Tanker,6,2026-07-02,2026-07-05
9790995,Front Capella,Tanker,6,2024-06-21,2024-06-26
9297515,Nordic Skier,Tanker,6,2022-08-19,2022-09-05
9790622,Chemroad Hawk,Tanker,6,2026-07-07,2026-07-11
9650585,Fairmaster,Bulk,6,2019-06-14,2019-06-20
9968932,Bw Nivalis,Gas,6,2026-04-09,2026-04-12
9301902,Grace Lucrum,Tanker,6,2022-08-20,2022-08-24
9795995,Orange Strait,Reefer,6,2022-10-04,2022-11-10
9961403,Danuta Siedzikownai,Tanker,6,2026-05-30,2026-06-01
9532783,Apl Oregon,Container,6,2021-03-10,2021-03-12
9380570,Style,Tanker,6,2021-03-26,2021-03-29
9445148,Inase,Bulk,6,2025-05-27,2025-06-03
9917854,Hayat,Tanker,6,2026-07-17,2026-07-22
9703332,Front Jaguar,Tanker,6,2022-09-22,2022-10-10
9512185,Paccha,Tanker,6,2021-05-30,2021-06-05
9983889,Piura Pacific,Tanker,6,2026-02-23,2026-02-28
9594846,Eagle San Juan,Tanker,6,2024-11-15,2024-11-18
9284374,Nordic Josephine,Tanker,6,2024-10-12,2024-10-16
9959917,Jill Glory,Tanker,6,2026-05-26,2026-05-31
9791872,Cielo Di Londra,Tanker,6,2020-01-31,2020-02-06
9677313,Gamsunoro,Tanker,6,2025-12-10,2025-12-17
9292620,Afrodite,Tanker,6,2021-11-02,2021-11-07
9301029,Ambrosia,Tanker,6,2021-07-15,2021-07-19
9485631,Uacc Ibn Al Haitham,Tanker,6,2021-06-19,2021-06-23
9942500,Dee4 Mahogany,Tanker,6,2023-09-16,2023-09-22
9375575,Gotland Marieann,Tanker,6,2020-04-09,2020-04-13
9978339,Sfl Taurus,Tanker,6,2024-11-25,2024-11-30
9253076,Eagle Tampa,Tanker,6,2020-01-17,2020-01-20
9610781,Nikolay Zuyev,Tanker,6,2020-07-16,2020-07-29
9473054,Ps Trieste,Tanker,6,2024-01-11,2024-01-18
9327035,Estia,Tanker,6,2023-04-09,2023-04-16
1025564,Sea Penguin,Tanker,6,2026-07-02,2026-07-10
9299343,Fsl Piraeus,Tanker,6,2019-09-01,2019-09-03
9735622,Sti Executive,Tanker,6,2020-01-20,2020-01-26
9851787,Qogir,Gas,6,2024-08-21,2024-09-23
8912156,Green Chile,Reefer,6,2019-07-14,2019-07-31
9892987,Atlantic Jade,Tanker,6,2023-10-26,2023-10-31
9919620,Olympios,Tanker,6,2024-06-01,2024-06-05
9829100,Tyrrhenian Sea,Tanker,6,2021-10-22,2021-10-27
9243849,Fairpartner,Bulk,6,2020-11-21,2020-11-25
9735608,Sti Exceed,Tanker,6,2020-02-09,2020-02-15
9726487,Torm Timothy,Tanker,6,2021-07-24,2021-07-27
9487469,Nave Titan,Tanker,6,2020-03-22,2021-05-12
9334325,Saracena,Tanker,6,2025-08-30,2025-09-03
9539573,Pacific Zircon,Tanker,6,2022-04-29,2022-05-03
9935923,Largo Excellence,Tanker,6,2026-06-25,2026-07-02
9802683,Spirit Of Discovery,Passenger,6,2025-02-06,2025-02-09
1013963,Stena Conquest,Tanker,6,2026-06-22,2026-06-30
9153654,Fairlane,Bulk,6,2023-05-16,2023-06-05
1027976,Lucknam,Tanker,6,2026-03-24,2026-04-01
9288954,Mariner A,Tanker,6,2025-04-05,2025-04-10
1027897,Marex Nina,Tanker,6,2026-01-20,2026-01-24
9315185,Antarctic,Tanker,6,2026-05-10,2026-05-15
9410179,Minerva Pisces,Tanker,6,2020-08-27,2020-08-31
9916616,Clearocean Hickory,Tanker,6,2024-02-10,2024-02-15
9700225,Al Betroleya,Tanker,6,2019-11-17,2019-11-25
9794068,Eco Beverly Hills,Tanker,6,2019-11-18,2019-11-23
9948281,Dat Mercury,Tanker,6,2026-06-19,2026-06-24
8642799,Esmeralda,Other,6,2026-05-25,2026-06-02
9300881,Iki,Bulk,6,2019-09-01,2019-09-04
9635676,Alexandra,Container,6,2019-08-18,2019-08-20
9308027,Navios Spring,Container,6,2019-01-03,2019-01-08
9424596,Argent Gerbera,Tanker,6,2026-07-02,2026-07-11
9594743,Pecos,Tanker,6,2020-04-25,2020-04-29
9263708,Torm Carina,Tanker,6,2020-08-08,2020-08-11
9946398,Ignacy Lukasiewicz,Tanker,6,2025-04-03,2025-10-08
9411197,Asahi Princess,Tanker,6,2024-03-11,2024-03-17
9365386,Dl Cosmos,Tanker,6,2020-04-21,2020-04-28
9761528,Namsen,Tanker,6,2020-01-22,2020-01-27
9732034,Maritime Equator,Tanker,6,2020-11-28,2020-12-03
9682239,Bw Merlin,Tanker,6,2020-05-08,2020-05-16
9307839,Msc Naisha III,Container,6,2022-07-27,2022-07-31
9743485,Molly Schulte,Container,6,2019-03-18,2019-03-23
9785392,Uhl Fast,Bulk,6,2023-01-12,2023-01-19
9488322,Pechora Star,Tanker,6,2020-11-19,2020-11-27
9881940,Meizan,Tanker,6,2024-06-16,2024-06-19
9874246,Zeynep,Tanker,6,2022-01-05,2022-01-12
9761176,Navigator Yauza,Tanker,6,2026-04-18,2026-04-21
9933200,Solomos,Tanker,6,2025-06-29,2025-07-05
9382061,Argent Daisy,Tanker,6,2023-08-11,2023-08-13
9251121,Epic Barnes,Tanker,6,2019-01-26,2019-01-30
9795062,Eagle Brasilia,Tanker,6,2025-10-14,2025-10-20
9522128,Calida,Tanker,6,2021-11-18,2021-11-23
9512848,Syn Antares,Tanker,6,2020-07-04,2020-07-06
9912880,Marie,Tanker,6,2024-01-12,2024-01-15
9276561,Minerva Helen,Tanker,6,2021-04-12,2021-04-19
9412103,Pegasus,Tanker,6,2025-09-03,2025-09-08
9237412,M T Jag Lavanya,Tanker,6,2021-02-07,2021-02-14
9220809,Clamor Schulte,Gas,6,2022-02-25,2022-03-03
9279733,Sea Hermes I,Tanker,6,2022-04-03,2022-04-13
9442720,Mr Leo,Tanker,6,2020-03-18,2020-03-27
9786190,Maersk Crete,Tanker,6,2024-06-08,2024-06-13
9594731,Seaways Brazos,Tanker,6,2025-06-20,2025-06-27
8308147,Curacao Pearl,Bulk,6,2019-09-24,2019-09-28
9800300,Hafnia Larissa,Tanker,6,2026-04-20,2026-04-25
9281425,Gulf Pearl,Tanker,6,2020-03-10,2020-03-15
9392250,Bwek Mauritius,Gas,6,2025-12-12,2025-12-19
9493523,Stena Premium,(none),6,2019-08-14,2019-08-17
9409168,Marycam Swan,Gas,6,2022-08-16,2022-08-19
9374569,Stina Kosan,Gas,6,2020-03-12,2020-03-14
9360324,Atlantic Titan,Tanker,6,2019-07-23,2019-07-29
9905318,Asia,Tanker,6,2024-10-15,2024-10-18
9907433,Cedar,Tanker,6,2022-09-11,2022-09-15
9906702,Grand Winner 3,(none),6,2022-12-07,2022-12-11
9645774,Gem Turquoise,Tanker,6,2026-06-24,2026-06-29
9464376,Swift,Tanker,6,2026-06-13,2026-06-18
9997218,Mh Daisen,Tanker,6,2026-04-04,2026-04-10
9761956,Sunrise,Tanker,6,2023-04-26,2023-05-02
9582348,Endeavor,Other,6,2025-02-18,2025-03-04
9737515,Bluebird,Tanker,6,2019-08-16,2019-08-22
9944132,Nord Virage,Tanker,6,2025-05-04,2025-05-10
9569994,Talara,Tanker,6,2019-10-02,2019-10-07
9577109,Scf Pearl,Tanker,6,2020-02-26,2020-03-02
9682980,British Heritage,Tanker,6,2019-10-15,2019-10-20
9669665,Cielo Di New York,Tanker,6,2025-10-31,2025-11-02
1022744,Altmann,Tanker,6,2026-03-28,2026-04-05
9856634,Hafnia Beijing,Tanker,6,2020-10-01,2020-10-07
1054424,Paros Star,Tanker,6,2026-06-18,2026-06-22
9288021,Torm Helvig,Tanker,6,2020-01-30,2020-02-02
9708227,Ardmore Seawolf,Tanker,6,2023-03-04,2023-03-08
9496692,Ganges Star,Tanker,6,2021-05-08,2021-05-14
9419723,Nord Skate,Tanker,6,2021-05-22,2021-05-25
9796494,Hafnia Despina,Tanker,6,2026-04-03,2026-04-10
9389497,Hans Maersk,Tanker,6,2025-06-26,2025-06-29
9308857,Carmel,Tanker,6,2021-06-28,2021-07-08
9308819,Cs Zephyr,Tanker,6,2019-11-15,2019-11-18
9439852,Edzard Schulte,Tanker,6,2019-10-04,2019-10-09
9321720,Cap Victor,Tanker,6,2021-02-17,2021-02-21
9902902,Sm Albatross,Gas,6,2026-06-25,2026-06-29
9972672,Athos Lng,Gas,6,2025-07-29,2025-08-30
9324746,Scf Tobolsk,Gas,6,2021-04-07,2021-04-10
9399507,Maran Plato,Tanker,6,2025-09-06,2025-09-17
9462926,Decathlon,Tanker,6,2022-01-10,2022-01-22
9831206,Ps Atene,Tanker,6,2022-08-20,2022-08-25
9247754,Maria H,Container,6,2024-12-01,2024-12-03
9892133,Lng Geneva,Gas,6,2025-11-23,2025-12-27
9380063,Minerva Emily,Tanker,6,2020-11-18,2020-11-20
9683051,Kmarin Resolution,Tanker,6,2025-05-19,2025-05-24
9421219,Kitikmeot W,Tanker,6,2019-12-30,2020-01-02
9970612,Bonita Angela,Tanker,6,2025-03-03,2025-03-07
5239515,Ts Gunilla,Other,6,2019-03-24,2019-03-31
9276573,Minerva Eleonora,Tanker,6,2022-09-12,2022-09-23
9979448,Maratho,Tanker,6,2025-12-04,2025-12-08
9328144,Gotland Sofia,Tanker,6,2019-04-13,2019-04-17
9291597,Ym Jupiter,Tanker,6,2024-07-29,2024-08-03
9199828,Eagle Sibu,Tanker,6,2019-04-17,2019-05-01
9790373,Ardmoregibraltar,Tanker,6,2024-07-21,2024-07-23
9940746,Chemical Ranger,Tanker,6,2023-12-30,2024-01-03
9934644,Green Azure,Tanker,6,2024-04-30,2024-05-05
9297888,Seadancer,Tanker,6,2019-05-30,2019-06-10
9324320,Bw Orinoco,Tanker,6,2021-12-19,2021-12-26
9907225,Orient M,Tanker,6,2025-08-23,2025-08-26
9873840,Bw Lesmes,Gas,6,2026-04-18,2026-04-25
9374507,Kouros,Tanker,6,2025-07-19,2025-07-24
9300465,Ever Safety,Container,6,2021-09-16,2021-09-18
9486178,Chem Lyra,Tanker,6,2021-08-08,2021-08-10
9186338,Blue Marlin,Other,6,2019-10-21,2019-11-10
9367700,Ardmore Sealifter,Tanker,6,2020-03-18,2020-03-21
9945459,Celsius Glarus,Gas,6,2026-06-22,2026-06-24
9417220,Kriti Coral,Tanker,6,2020-12-26,2020-12-30
9843572,Samuel Prospect,Tanker,6,2020-09-04,2020-09-06
9737242,Alp Defender,(none),6,2022-09-27,2022-10-01
9297096,Bbc Germany,Bulk,6,2020-11-16,2020-11-26
9552472,Kaimon Galaxy,Tanker,6,2026-04-14,2026-04-17
9800336,Hafnia Triton,Gas,6,2026-05-26,2026-05-31
9829007,Thun Liffey,Tanker,6,2020-07-07,2020-07-10
9800166,Pgc Taormina,Tanker,6,2026-05-22,2026-05-25
9986116,Shafallah,Gas,6,2026-06-18,2026-06-23
9096921,Pis Jawa,(none),6,2026-04-13,2026-04-15
9392391,Jose Progress,Tanker,6,2021-01-21,2021-01-25
9993808,Atlantic Rainbow,Tanker,6,2026-07-24,2026-07-29
9985849,Degu,Tanker,6,2025-08-10,2025-08-16
9382968,Salamina,Tanker,6,2023-11-11,2023-11-15
9537642,Ceto,Tanker,6,2022-08-26,2022-08-28
9553646,Happy Osprey,Tanker,6,2021-06-15,2021-06-22
9478614,Alpine Link,Tanker,6,2022-05-25,2022-05-28
9358400,Torm Maren,Tanker,6,2025-03-06,2025-03-22
9981386,Al Zore,Gas,6,2026-07-24,2026-07-28
9973640,Metro Aegean,Tanker,6,2024-08-14,2024-08-21
9258882,Star Osprey,Tanker,6,2021-02-21,2021-03-03
1054101,Bochem Callao,Tanker,6,2026-07-10,2026-07-17
9721401,Seapeak Vancouver,Gas,6,2025-03-07,2025-03-11
9235713,Astro Sculptor,Tanker,6,2020-09-28,2020-10-01
9380087,Joropo,Tanker,6,2026-03-25,2026-03-29
9457220,Happy Sky,Bulk,6,2024-10-24,2024-11-05
9994515,Pacific Aquamarine,Tanker,6,2026-05-18,2026-05-23
9347358,Allie Chouest,(none),6,2022-12-01,2023-10-10
9302671,Cape Brasilia,Tanker,6,2019-01-11,2019-01-17
9440497,Aligote,Tanker,6,2022-07-10,2022-07-15
8822583,Green Magic,Reefer,6,2019-06-15,2019-07-04
9307994,Clover,Tanker,6,2019-06-20,2019-06-23
9711494,Othoni,Gas,6,2019-06-14,2019-06-16
9797656,Hsiang Hao,Bulk,6,2021-09-11,2021-10-29
9390599,Jag Lokesh,Tanker,6,2026-05-07,2026-05-12
9377779,Monterey,Tanker,6,2019-10-02,2019-10-07
9961491,Greenergy Star,Gas,6,2026-03-27,2026-03-29
9746671,Eco Frost,Tanker,6,2020-05-15,2020-05-19
9771913,Lng Schneeweisschen,Gas,6,2025-06-10,2025-07-21
9443853,Grand Ace11,Tanker,6,2025-05-08,2025-05-15
9919577,Ps New Orleans,Tanker,6,2025-09-15,2025-09-19
9261762,Chem Guard,Tanker,6,2025-07-21,2025-07-26
9419890,Advantage Summer,Tanker,6,2019-11-21,2019-12-01
9934137,Seadrive,Tanker,6,2024-07-10,2024-07-14
9302607,Alaska,Tanker,6,2022-02-20,2022-02-26
9941685,Hafnia Languedoc,Tanker,6,2025-08-22,2025-08-25
9681106,Sti Texas City,Tanker,6,2022-03-03,2022-03-07
9284386,Ryvingen Sun,Tanker,6,2024-12-14,2024-12-23
9683001,Kmarin Respect,Tanker,6,2023-12-31,2024-01-03
9800269,Sikinos I,Tanker,6,2021-08-25,2021-08-28
9417751,Lia,Tanker,6,2024-11-05,2024-11-10
9724439,Sun Ploeg,Tanker,6,2020-06-17,2020-06-19
9773478,Marfa,Tanker,6,2023-11-22,2023-11-24
9979993,Seatrust,Tanker,6,2026-07-18,2026-07-20
9391282,Kriti Ruby,Tanker,6,2023-07-15,2023-07-19
9424900,One Magnificence,Container,6,2021-09-26,2021-09-28
9335836,Elenore,Tanker,6,2023-10-07,2023-10-12
9437185,Kristi P Smith,(none),6,2019-05-22,2019-07-05
9326811,Aegean Horizon,Tanker,6,2020-03-31,2020-04-08
9396749,Elandra Blu,Tanker,6,2020-07-24,2020-07-27
9847114,Front Sparta,Tanker,6,2025-05-29,2025-06-08
9418597,Beijing Spirit,Tanker,6,2020-08-29,2020-09-01
9459010,Ncc Shams,Tanker,6,2022-01-19,2022-01-24
9975519,Mesaieed,Gas,6,2026-03-27,2026-04-03
9885855,Minerva Amorgos,Gas,6,2025-05-05,2026-01-15
9893046,Pacific Diamond,Tanker,6,2021-10-02,2021-10-09
9391361,Parsifal II,Tanker,6,2019-03-31,2019-04-04
9656498,Rolldock Star,Other,6,2021-08-22,2021-09-03
9889904,Orion Sea,Gas,6,2025-02-04,2025-11-30
9378735,Sten Bothnia,Tanker,6,2024-12-07,2024-12-12
9396385,Ars Et Labor,Tanker,6,2024-10-08,2024-10-11
9746774,Eco Nical,Gas,6,2020-11-22,2020-11-27
9903138,Nord Victorious,Tanker,6,2026-02-02,2026-02-07
9638551,Nave Rigel,Tanker,6,2019-06-13,2019-06-19
9523835,Rt Star,Tanker,6,2019-08-03,2019-08-06
9877171,Spyros,Tanker,6,2023-12-24,2023-12-27
9686900,Uasc Bubiyan,Container,6,2019-02-15,2019-02-18
9310525,Kythira Warrior,Tanker,6,2021-04-12,2021-04-17
9380506,Alpine Mathilde,Tanker,6,2020-06-27,2020-07-02
1064936,Sc Emerald,Tanker,6,2026-03-27,2026-03-31
9527623,Mississippi Star,Tanker,6,2024-07-24,2024-07-27
9318113,Orca I,Container,6,2020-08-12,2020-08-16
9704453,Sti Black Hawk,Tanker,6,2024-06-01,2024-06-04
9786217,Maersk Cyprus,Tanker,6,2024-03-28,2024-04-01
9729271,Hafnia Soya,Tanker,6,2024-08-11,2024-08-14
9409467,Bowfin,Tanker,6,2022-08-02,2022-08-16
9180906,Tasos,Bulk,6,2020-09-03,2020-09-11
9413559,Ns Antarctic,Tanker,6,2020-06-12,2020-06-27
9958858,Orion Saint,Gas,6,2025-11-26,2026-01-04
9587829,Adara,Tanker,6,2020-10-14,2020-10-16
9971733,Nave Neutrino,Tanker,6,2026-05-20,2026-07-31
9347308,Huey,Tanker,6,2023-04-26,2023-05-01
9707390,Ardmore Defender,Tanker,6,2022-02-26,2022-03-04
9963853,Quest Kirishima,Gas,6,2025-05-24,2026-01-31
9324289,Kriti State,Tanker,6,2023-04-12,2023-04-15
9305178,Patrona 1,Tanker,6,2025-01-14,2025-01-20
9409170,Cma Cgm Corneille,Container,6,2020-06-20,2020-06-23
9356713,One Triton,Container,6,2026-07-20,2026-07-22
9634165,Jumbo Kinetic,Bulk,6,2021-11-26,2021-12-01
9956410,Bochem Casablanca,Tanker,6,2025-09-16,2025-09-20
9927213,Green Anax,Tanker,6,2024-12-10,2024-12-13
9267156,Tina I,Container,6,2026-06-22,2026-06-25
9953054,Megan Glory,Tanker,6,2024-04-15,2024-04-18
9406001,Gem,Tanker,6,2025-03-19,2025-04-01
9945291,Elandra Swallow,Tanker,6,2025-04-12,2025-04-19
9348053,Monte Azul,Container,6,2021-05-26,2021-05-28
9970375,Mossel Bay,Tanker,6,2024-03-21,2024-03-27
9352597,Lila Ace,Tanker,6,2025-06-26,2025-07-03
9696589,Sti Poplar,Tanker,6,2023-05-08,2023-05-11
9710476,Bigroll Bering,Bulk,6,2025-07-07,2025-08-12
9859210,Harrisburg,Tanker,6,2026-05-08,2026-05-13
9262819,Cape Egmont,Tanker,6,2019-04-13,2019-04-17
9858060,Basset,Tanker,6,2025-08-17,2025-08-19
9859181,San Jack,Tanker,6,2021-07-14,2021-07-19
9945306,Elandra Swift,Tanker,6,2025-03-24,2025-03-29
9393981,Rolldock Sun,Other,6,2021-05-26,2021-09-20
9745237,Aegean Unity,Tanker,6,2021-09-13,2021-09-22
9783992,Hanover Square,Tanker,6,2025-02-22,2025-02-25
1013987,Jal Prerana,Tanker,6,2025-11-08,2025-11-12
9952945,Cindy Glory,Tanker,6,2026-05-09,2026-05-13
9482603,Phoenix Admiral,Tanker,6,2019-12-11,2019-12-17
9733363,Alden,Tanker,6,2025-11-16,2025-11-21
9746619,Milos,Tanker,6,2022-02-13,2022-02-20
9439163,Iver Ambition,Tanker,6,2026-02-16,2026-02-20
9299707,Ns Concept,Tanker,6,2019-07-14,2019-07-22
9384019,Aris II,Tanker,6,2020-11-14,2020-11-18
9986087,Al Slaimi,Gas,6,2026-06-18,2026-06-21
9296810,Esteem Splendour,Tanker,6,2019-01-29,2019-03-12
9378151,Clipper Hermes,Gas,6,2022-04-29,2022-05-04
9843340,Yuan Nan Hai,Tanker,6,2024-07-31,2024-08-05
9278155,Msc Nerissa,Container,6,2020-03-16,2020-03-18
9389083,Agrari,Tanker,6,2021-08-09,2021-08-19
9543043,Happy Kestrel,(none),6,2026-07-10,2026-07-18
9416056,Trf Miami,Tanker,6,2020-05-18,2020-05-26
9197727,Happy Bird,Gas,6,2020-07-22,2020-07-30
9326823,Msc Emden III,Container,6,2022-08-15,2022-08-17
9276016,Surfer Rosa,Tanker,6,2019-03-03,2019-03-07
9797759,Atlantic Infinity,Tanker,6,2025-09-15,2025-09-20
9403891,Tasing Swan,Tanker,6,2020-12-03,2020-12-06
9733686,Grande Riviere,Tanker,6,2020-05-28,2020-06-01
9304825,Seamaster Iv,Tanker,6,2020-06-25,2020-07-02
9748899,Gaslog Houston,Gas,6,2025-10-16,2025-10-22
9332638,Arctic Flounder,Tanker,6,2022-08-23,2022-08-29
9891919,Seaguardian,Tanker,6,2023-07-16,2023-07-19
9759745,Front Challenger,Tanker,6,2022-02-19,2022-02-24
9288930,Torm Garonne,Tanker,6,2019-01-08,2019-01-12
9347736,Fortunato,Gas,6,2022-08-29,2022-09-06
9778301,Cielo Rosso,Tanker,6,2020-08-23,2020-08-27
9760500,Solomon Sea,Tanker,6,2022-03-25,2022-03-30
9600932,Front Ull,Tanker,6,2022-08-11,2022-08-17
9779941,Aristoklis,Tanker,6,2021-04-07,2021-04-10
9746279,Largo Sea,Tanker,6,2022-09-11,2022-09-16
9487275,Mezairaa,Tanker,6,2025-05-08,2025-05-15
9223289,Kang Sheng Kou,Other,6,2025-04-15,2025-05-15
9404780,Navigator Gemini,Tanker,6,2023-07-29,2023-08-04
9778727,Aquapuelche,Tanker,6,2020-11-04,2020-11-11
9423736,Sunny Hill,Tanker,6,2020-04-28,2020-05-02
9301885,Maria M,Tanker,6,2024-07-06,2024-07-10
1076513,Top Ocean,Tanker,6,2026-05-08,2026-05-15
9397547,Scf Anadyr,Tanker,6,2020-04-13,2020-04-16
9252187,Promoter,Tanker,6,2020-04-27,2020-05-07
9607966,Seaways Shenandoah,Tanker,6,2025-08-24,2025-08-29
9681687,Seapeak Creole,Tanker,6,2026-06-06,2026-06-08
9708760,Pyxis Epsilon,Tanker,6,2020-02-03,2020-02-07
9457024,Nave Cosmos,Tanker,6,2020-07-08,2020-07-11
9788708,Ottoman Courtesy,Tanker,6,2024-08-18,2024-08-22
9263693,Torm Camilla,Tanker,6,2020-06-10,2020-06-15
1037701,Golden Thetis,Tanker,6,2025-10-25,2025-10-28
9621596,Bora Bora,Tanker,6,2023-11-14,2023-11-18
9437048,Gsl Tripoli,Container,6,2023-11-15,2023-11-19
9503926,Shannon Star,Tanker,6,2020-04-23,2020-05-01
9295086,Torm Sofia,Tanker,6,2023-05-20,2023-05-25
9745902,Front Altair,Tanker,6,2024-12-05,2024-12-10
1054620,Cape Tainaron,Tanker,6,2025-12-08,2025-12-19
9366299,High Jupiter,Tanker,6,2020-08-15,2020-08-18
9787352,Seashine,Tanker,6,2023-11-03,2023-11-06
9482859,Navig8 Messi,Tanker,6,2023-06-14,2023-06-18
8414738,Zhenhua 23,Bulk,6,2021-12-05,2021-12-21
9360946,Mtm North Sound,Tanker,6,2025-08-06,2025-08-09
9697612,Seaways Lonsdale,Tanker,6,2025-06-29,2025-07-03
9732929,Ardmore Persistence,Tanker,6,2026-02-12,2026-02-15
9746255,Largo Sun,Tanker,6,2022-06-26,2022-06-30
9993872,Atlantic Sunflower,Tanker,6,2026-03-10,2026-03-15
9595333,Aura M,Tanker,6,2021-06-19,2021-06-26
9305867,Minerva Rita,Tanker,6,2019-09-20,2019-09-22
1021702,Bise,Tanker,6,2026-02-08,2026-02-11
9413523,Stena Premium,Tanker,6,2019-08-07,2019-08-09
9273052,Delos Voyager,Tanker,6,2019-10-21,2019-10-25
9783928,Sealoyalty,Tanker,6,2023-09-01,2023-09-13
9288916,Decameron,Tanker,6,2019-11-11,2019-11-18
9863223,Hafnia Shenzhen,Tanker,6,2021-07-24,2021-07-29
9986099,Al Sene,Gas,6,2026-05-12,2026-05-17
9402213,Velos Emerald,Tanker,6,2025-09-15,2025-09-20
9674713,High Freedom,Tanker,6,2025-12-27,2026-01-01
9636644,Maersk Aegean,Tanker,6,2026-07-24,2026-07-27
9706839,Sti Bronx,Tanker,6,2019-10-25,2019-10-29
9886794,Boyang Capella,Reefer,6,2021-12-10,2022-01-19
9344019,Port Amalfi,Tanker,6,2026-06-06,2026-06-12
9156539,Sveva,Tanker,6,2020-08-03,2020-08-11
9858072,Bulldog,Tanker,6,2026-03-07,2026-03-12
9730414,Seaways Hatteras,Tanker,6,2021-09-09,2021-09-13
9291028,Olmeca,Tanker,6,2020-07-10,2020-07-12
9724714,British Cadet,Tanker,6,2021-12-05,2021-12-10
9693020,Stena Impeccable,Tanker,6,2022-06-11,2022-06-19
9393321,Msc Elaine,Container,5,2025-07-17,2025-07-19
9994682,Mh Konpira,Tanker,5,2025-05-03,2025-05-08
9364930,Marvel,Tanker,5,2019-03-18,2019-03-22
9721786,Island Venture,(none),5,2019-01-04,2019-01-22
9284726,Shandong Weihe,Tanker,5,2022-07-12,2022-07-15
9379064,Zeal Start,Tanker,5,2025-10-04,2025-10-08
9784025,Pluto Moon,Tanker,5,2024-03-29,2024-04-03
9282792,Atalandi,Tanker,5,2021-05-26,2021-05-29
9577185,Saehan Nuria,Tanker,5,2026-02-08,2026-02-13
9379210,Shenlong Spirit,Tanker,5,2021-08-09,2021-08-12
9246803,Torm Vita,Tanker,5,2019-05-18,2019-05-23
9429027,Delta Tolmi,Tanker,5,2019-07-14,2019-07-19
9783019,Nordindependence,Tanker,5,2020-07-17,2020-07-21
9953432,Atrotos,Tanker,5,2024-10-29,2024-11-03
9290294,Al Habibah,Tanker,5,2019-02-08,2019-02-17
9792541,Fontana,Tanker,5,2025-08-30,2025-09-02
9784013,Neptune Moon,Tanker,5,2020-09-18,2020-09-23
9915909,Wudang,Tanker,5,2026-07-21,2026-07-25
9794850,Advantage Portocervo,Tanker,5,2025-05-18,2025-05-27
9418652,Lisa,Container,5,2022-01-06,2022-01-07
9593438,Seaways Rio Grande,Tanker,5,2023-01-09,2023-01-11
9688362,Sti Battery,Tanker,5,2020-03-31,2020-04-03
9813230,Uhl Focus,Bulk,5,2020-05-18,2020-05-23
9788590,Eternal Sunshine,Tanker,5,2020-08-06,2020-08-12
9626285,Gaslog Skagen,Gas,5,2025-02-24,2025-02-28
9047506,Ncc Riyad,Tanker,5,2019-06-14,2019-06-16
9459266,Leman,Tanker,5,2025-06-28,2025-06-30
9339337,Ns Lotus,Tanker,5,2019-01-08,2019-01-11
9807229,Sea Dolphin,Tanker,5,2021-02-20,2021-02-24
1014864,Invictus,Tanker,5,2025-09-17,2025-09-21
9956953,Mol Azure,Gas,5,2026-02-24,2026-02-26
8716502,Grand Classica,Passenger,5,2021-09-06,2021-09-23
9900007,Dimitrios,Tanker,5,2024-11-28,2024-12-02
9319870,Nordbay,Tanker,5,2020-10-30,2020-11-03
9593426,Seaways San Saba,Tanker,5,2022-10-14,2022-10-17
9300879,Iyo,Bulk,5,2019-04-13,2019-04-17
9785720,Aquasurazo,Tanker,5,2021-07-29,2021-08-04
9994711,Mh Ibuki,Tanker,5,2026-07-20,2026-07-28
9984857,Helios,Tanker,5,2025-09-12,2025-09-15
9302994,Selena,Tanker,5,2020-03-27,2020-04-01
9428358,Uacc Sila,Tanker,5,2019-03-16,2019-03-19
9898503,Solar Cheryl,Tanker,5,2026-02-16,2026-02-20
9700213,Dk Abdul Razzak Kha,Tanker,5,2019-06-03,2019-06-14
9355472,Tucana,Container,5,2025-08-10,2025-08-12
9862346,Pearl Lng,Tanker,5,2026-02-04,2026-02-06
9387920,Aegean Wave,Tanker,5,2019-02-07,2019-02-13
9981374,Wadi Al Sail,Gas,5,2026-04-18,2026-04-24
9808326,Diadema,Tanker,5,2025-08-22,2025-08-26
8642555,Arc Gloria,Other,4,2026-05-25,2026-06-02
9306677,Sloman Themis,Tanker,4,2021-11-05,2021-11-07
9309502,Chemroad Wing,Tanker,4,2024-05-23,2024-05-26
9922976,Lech Kaczynski,Gas,4,2025-03-06,2025-04-12
9619464,Msc Agadir,Container,4,2026-04-24,2026-04-25
9280627,Cma Cgm Puccini,Container,4,2026-06-26,2026-06-27
9682978,Effie Maersk,Tanker,4,2021-05-02,2021-05-07
9798870,Persepolis,Tanker,4,2023-01-25,2023-01-27
9402914,Maran Penelope,Tanker,4,2026-07-04,2026-07-09
9600877,Tahiti,Tanker,4,2022-01-16,2022-01-18
9941013,Hls Bilbao,Gas,4,2025-10-09,2026-01-13
9415404,Al Agaila,Tanker,4,2024-10-30,2024-11-02
9404807,Navigator Taurus,Tanker,4,2024-08-17,2024-08-20
9334569,Polar Unicorn,Tanker,4,2022-04-09,2022-04-16
9881627,Kismet,Other,4,2025-01-28,2025-02-11
9845788,Bonito Lng,Tanker,4,2026-05-28,2026-05-29
9785158,Kinisis,Gas,4,2026-04-03,2026-04-04
8642567,J S De Elcano,Other,4,2024-05-18,2024-05-22
9313943,Msc Leandra V,Container,4,2025-03-11,2025-03-13
9762261,Flex Endeavour,Gas,4,2026-07-16,2026-07-17
9605279,Msc Amalfi,Container,4,2019-06-26,2019-06-27
9902665,Selena Atk,Tanker,4,2022-07-29,2022-08-01
9265744,Atlas Voyager,Tanker,4,2019-04-19,2019-04-22
9378450,Nieuw Amsterdam,Passenger,4,2023-11-06,2023-11-08
9399478,Vail Spirit,Tanker,4,2021-08-15,2021-08-26
9722596,Sti Jermyn,Tanker,4,2023-09-12,2023-09-15
9378448,Eurodam,Passenger,4,2026-01-20,2026-01-22
9969388,Ignacy Janpaderewski,Gas,4,2025-12-28,2025-12-29
9385142,Scf Don,Tanker,4,2022-02-12,2022-02-13
1050959,Segway,Tanker,4,2026-04-22,2026-04-25
9863182,Dorado Lng,Gas,4,2026-01-02,2026-01-04
9714642,Navigator Castor,Tanker,4,2025-11-26,2025-11-28
9273844,Aframax Rio,Tanker,4,2019-11-11,2019-11-20
9324306,Bw Hudson,Tanker,4,2019-06-25,2019-06-29
9416109,Songa Winds,Tanker,4,2019-03-13,2019-03-15
9983695,Msc Douala VIII,Container,4,2026-03-14,2026-03-16
9892482,Uhl Faith,Bulk,4,2024-06-28,2024-07-01
4723741,Bap Union,Other,4,2026-05-25,2026-06-01
9301471,Msc Luanda VIII,Container,4,2026-04-16,2026-04-18
9292175,Msc Shanelle V,Container,4,2025-06-05,2025-06-07
9348675,Long Beach Express,Container,4,2021-06-29,2021-06-30
4601072,Warship P842,Other,4,2026-05-27,2026-05-31
9999999,Frenchwarship,(none),4,2024-02-26,2025-04-21
9948293,Dat Venus,Tanker,4,2023-05-13,2023-05-16
9793870,Banglar Agragoti,Tanker,4,2022-03-22,2022-03-27
9917804,Lora,Tanker,4,2022-07-21,2022-07-28
9459292,Jipro Neftis,Tanker,4,2022-03-28,2022-03-31
9796937,Forever Prosperity,Tanker,4,2026-05-13,2026-05-16
9225677,Msc Luisa,Container,4,2020-05-24,2020-05-25
9977311,Umm Al Zubar,Gas,4,2026-07-06,2026-07-07
9221827,Buxcoast,Container,4,2024-06-04,2024-06-06
9887401,Solar Catie,Tanker,4,2023-09-06,2023-09-13
9958286,Aktoras,Tanker,4,2025-10-29,2025-10-31
9730373,San Jacinto,Tanker,4,2022-08-23,2022-08-25
9444417,Als Clivia,Container,4,2022-06-05,2022-06-07
9461776,Stella,Tanker,4,2025-07-16,2025-07-19
9932402,Yokosuka Spirit,Tanker,4,2025-10-04,2025-10-06
9897107,Electra,Tanker,4,2025-11-02,2025-11-04
9527855,Alicante,Tanker,4,2022-01-15,2022-01-18
9689146,High Fidelity,Tanker,4,2024-08-01,2024-08-04
9380374,Sea La Belle,Tanker,4,2024-05-28,2024-06-01
9408073,Baker Spirit,Tanker,4,2024-07-04,2024-07-10
9255945,Genmar Compatriot,Tanker,4,2019-01-28,2019-01-31
9818278,Fure Ven,Tanker,4,2020-08-27,2020-08-28
9654567,Ardmore Endurance,Tanker,4,2026-06-13,2026-06-17
9701217,Maran Gas Amphipolis,Gas,4,2026-06-05,2026-06-06
9977270,Al Sailiya,Gas,4,2026-05-06,2026-05-08
9650054,Maran Gas Alexandria,Gas,4,2026-05-01,2026-05-03
9332884,Cma Cgm George Sand,Container,4,2023-03-22,2023-03-24
9602722,Jo Redwood,Tanker,4,2021-07-05,2021-07-10
9490313,Amagi Galaxy,Tanker,4,2024-12-13,2024-12-14
9956616,Orion Sirius,Gas,4,2025-11-30,2025-12-03
9694385,Zita Schulte,Tanker,4,2024-06-24,2024-06-26
9337913,Xin Ou Zhou,Container,4,2024-06-07,2024-06-08
8700280,Amera,Passenger,4,2023-03-27,2023-03-29
9226906,Arcadia,(none),4,2022-11-30,2022-12-03
9917830,Fatimah,Tanker,4,2023-02-27,2023-03-04
9737371,Marathon Ts,Tanker,4,2025-05-26,2025-05-29
9979278,Maersk Fortaleza,Container,4,2024-05-27,2024-05-29
9189366,Msc Tavvishi Vi,Container,4,2025-05-13,2025-05-14
9296391,Ridgebury Maryselena,Tanker,4,2022-07-20,2022-07-26
9594822,Eagle San Antonio,(none),4,2024-06-08,2024-06-11
9908982,Rich Harvest,Tanker,4,2023-07-24,2023-07-27
9309473,Msc Heidi,Container,4,2023-07-20,2023-07-22
9396323,Histria Giada,Tanker,4,2023-07-07,2023-07-09
9340104,Nordic Pia,Tanker,4,2020-09-17,2020-09-19
9845013,Global Energy,Gas,4,2026-03-07,2026-03-08
9406922,Pacific Trader,Container,4,2020-03-17,2020-03-18
9974503,Msc Ghana,Container,4,2026-03-09,2026-03-11
9862906,Aristidis I,Gas,4,2026-07-21,2026-07-23
9332834,Jupiter Sun,Tanker,4,2021-06-09,2021-06-12
9307279,Jpo Scorpius,Container,4,2019-11-28,2019-11-30
9404765,Aom Sophie,(none),4,2019-03-30,2019-04-02
9422225,World Navigator,Tanker,4,2021-10-03,2021-10-07
9183855,Europa,Passenger,4,2023-10-29,2023-10-31
9956604,Orion Iris,Gas,4,2026-04-19,2026-04-21
9299159,Stena Performance,Tanker,4,2022-02-03,2022-02-06
9477294,Juliana,Container,4,2025-11-26,2025-11-27
9416422,Ridgebury Johnzipser,Tanker,4,2022-03-22,2022-04-08
9815604,Iberian Sea,Tanker,4,2022-05-05,2022-05-08
9774628,Lng Juno,Gas,4,2025-06-28,2025-07-31
1058341,Delos C,Tanker,4,2026-07-21,2026-07-24
9342487,Seapeak Magellan,Gas,4,2025-09-24,2025-12-22
9315381,Msc Agamemnon VIII,Container,4,2026-07-23,2026-07-25
9833723,Prostar,Tanker,4,2020-10-21,2020-10-25
9961518,Greenergy Wind,Gas,4,2026-06-14,2026-06-15
9980540,Elisa Ardea,Gas,4,2026-01-11,2026-01-13
9972373,Hl Sea Eagle,Gas,4,2026-01-30,2026-02-02
9263136,Chembulk Kobe,Tanker,4,2019-04-22,2019-04-23
9285990,America,Container,4,2025-12-28,2025-12-29
9309411,Harmony N,Container,4,2020-08-30,2020-09-01
9926922,Orion Sinead,Gas,4,2025-06-30,2025-07-03
9976135,Kool Tiger,Gas,4,2026-02-24,2026-02-25
9832547,Crudemed,Tanker,4,2019-01-01,2019-01-05
9874480,Lng Enterprise,Gas,4,2026-05-30,2026-05-31
9352195,Nord Hummock,Tanker,4,2021-03-21,2021-03-22
9306811,Ncc Qassim,Tanker,4,2022-08-12,2022-08-17
9724697,British Officer,Tanker,4,2022-09-20,2022-09-22
9461491,Gulf Bridge,Container,4,2020-11-22,2020-11-24
9300427,Ever Superb,Container,4,2021-11-18,2021-11-20
9992232,Olympus Lng,Gas,4,2026-04-14,2026-04-15
9218131,Norwegian Sun,Passenger,4,2019-09-03,2019-09-04
9912854,Axios I,Tanker,4,2025-09-05,2025-09-10
9967263,Msc Maputo,Container,4,2025-04-03,2025-04-04
9333369,Queen B III,Container,4,2022-07-24,2022-07-25
9810367,Woodside Rees Wither,Tanker,4,2026-05-25,2026-05-27
9064126,Seven Seas Navigator,Passenger,4,2025-03-25,2025-03-28
9535151,Herta,Container,4,2021-12-06,2021-12-08
9453999,Eagle Hydra,Tanker,4,2024-09-05,2024-09-08
9290282,Msc Rachele,(none),4,2022-11-23,2022-11-24
7931454,Seaway Eagle,Other,4,2025-11-02,2025-11-04
9305477,Msc Tianshan,Container,4,2026-07-04,2026-07-07
9707273,Sti Queens,Tanker,4,2019-04-11,2019-04-13
9952141,Bow Cheetah,Tanker,4,2026-07-16,2026-07-19
9299135,Stena Provence,Tanker,4,2022-05-10,2022-05-13
9766841,Bigroll Beaufort,Bulk,4,2025-05-21,2025-05-29
1075600,Bow Ocelot,Tanker,4,2026-06-22,2026-06-27
9682576,Maran Gas Leto,Gas,4,2025-07-30,2025-08-01
9339301,Ns Leader,Tanker,4,2021-10-07,2021-10-11
9273387,Chembulk New Orleans,Tanker,4,2020-08-11,2020-08-13
9261114,Stenheim,(none),4,2023-11-11,2024-06-14
9780017,Stolt Condor,Tanker,4,2026-07-24,2026-07-26
9704984,Msc Naomi,Container,4,2025-03-28,2025-03-30
9399765,Msc Passion III,Container,4,2025-04-24,2025-04-25
9404716,Rolldock Sky,Bulk,4,2025-12-20,2025-12-28
9953418,Agisilaos,Tanker,4,2025-03-15,2025-03-18
7711725,Radcliffe R Latimer,Bulk,4,2025-03-17,2025-03-19
9996393,Taipan,Tanker,4,2025-08-11,2025-08-13
9502506,Le Boreal,Passenger,4,2023-04-14,2023-04-17
9635810,Bw Puma,Tanker,4,2021-05-17,2021-05-19
9299757,Khawr Aladid,Tanker,4,2021-05-18,2021-05-22
9723291,Minerva Tychi,Tanker,4,2024-02-24,2024-02-27
8920141,Fuji Bay,Reefer,4,2020-06-01,2020-06-13
9297553,Montego,(none),4,2020-10-11,2020-11-13
9970674,Archy Vanguard,Gas,4,2026-02-15,2026-02-16
9876385,Pelican Pacific,Tanker,4,2025-11-16,2025-11-19
9311830,Sc Montreal,Container,4,2026-07-13,2026-07-15
9450363,Northern Jamboree,Container,4,2019-03-14,2019-03-16
9881201,Energy Intelligence,Gas,4,2026-01-15,2026-01-17
9300908,Ibi,Bulk,4,2021-01-28,2021-01-30
9972218,Amaryllis Knutsen,Gas,4,2026-06-07,2026-06-08
9381835,Gulf Muttrah,Tanker,4,2026-06-05,2026-06-08
9981398,Al Fath,Gas,4,2026-06-01,2026-06-03
9868156,Maran Phoebe,Tanker,4,2026-07-02,2026-07-05
9337444,Msc Uberty VIII,Container,4,2025-05-14,2025-05-15
9400980,Oracle,Tanker,4,2021-04-08,2021-04-10
9979773,Ocean Oasis,Gas,4,2026-07-19,2026-07-20
9749415,Seaway Swan,Other,4,2025-07-15,2025-07-17
9635688,Skiathos,Container,4,2019-01-13,2019-01-15
9137038,Lady Irina,Bulk,4,2022-09-05,2022-09-06
9862487,Diamond Gmetropolis,Gas,4,2025-01-21,2025-01-30
9991862,Esteem Cormorant,Gas,4,2026-05-11,2026-05-12
9919773,Sfl Bonaire,Tanker,4,2024-11-03,2024-11-05
9210139,Seven Seas Mariner,Passenger,4,2022-03-21,2022-03-23
9861990,Bangus,Bulk,4,2023-12-17,2023-12-21
9704491,Navigator Umbrio,Tanker,4,2026-01-09,2026-01-11
9743473,Mimmi Schulte,Container,4,2021-11-04,2021-11-05
9398228,Msc Noa,Container,4,2021-10-25,2021-10-27
9294836,Quebec Express,Container,4,2020-10-11,2020-10-12
9393022,Msc Shay,(none),4,2022-11-29,2022-11-30
9278698,Caribbean Spirit,Tanker,4,2020-10-10,2020-10-14
9895238,Vivirt City Lng,Gas,4,2026-05-18,2026-05-19
9730945,Kleon,Tanker,4,2020-09-08,2020-09-12
9231810,Msc Hong Kong V,Container,4,2025-08-02,2025-08-04
9307140,Pacific Dawn,Tanker,4,2019-09-07,2019-09-11
9243382,Nq Morina,(none),4,2022-11-27,2022-11-29
9045168,Water Phoenix,Reefer,4,2020-01-15,2020-01-15
9299355,Fsl Perth,Tanker,4,2019-06-13,2019-06-15
9683013,Kmarin Renown,Tanker,4,2026-03-11,2026-03-14
9777943,Rivera,Tanker,4,2021-04-19,2021-04-22
9579561,Almi Navigator,Tanker,4,2025-12-30,2026-01-01
9892456,Tenergy,Tanker,4,2025-12-24,2025-12-26
9278650,Chembulk Hongkong,Tanker,4,2020-06-24,2020-06-27
9242637,Bomar Valour,Container,4,2019-03-24,2019-03-26
6125398,A R A Libertad,(none),4,2026-05-24,2026-06-03
9720483,Msc Chloe,Container,4,2020-10-29,2020-11-01
9290945,Tamina,Container,4,2023-03-22,2023-03-24
9536832,Calandria,Tanker,4,2023-11-20,2023-11-23
9433509,Torm Atlantic,Tanker,4,2026-04-13,2026-04-16
9439735,Msc Langsar,Container,4,2026-06-13,2026-06-15
9795983,Orange Stream,Reefer,4,2022-03-12,2022-03-26
9389100,Myrtos,Tanker,4,2019-12-24,2019-12-26
9282261,Msc Ans,Container,4,2024-08-31,2024-09-02
9794836,Advantage Portofino,Tanker,4,2025-08-31,2025-09-04
9753557,Reliable Warrior,Tanker,4,2022-09-09,2022-09-20
9947366,Navig8 Pride Lhj,Tanker,4,2026-01-18,2026-01-21
9330771,Strinda,Tanker,4,2024-12-01,2024-12-08
9844863,Maran Gas Psara,Tanker,4,2026-04-11,2026-04-13
9628166,Value,Container,4,2026-05-31,2026-06-02
9309447,Msc Rania,Container,4,2025-03-27,2025-03-29
9369904,Seapeak Meridian,Tanker,4,2025-03-21,2025-03-24
9304411,Msc Esthi,Container,4,2025-08-07,2025-08-08
9579494,Almi Horizon,Tanker,4,2021-07-10,2021-07-14
9262716,Argus,Container,4,2026-05-26,2026-05-28
9466726,Sloman Herakles,(none),3,2019-01-22,2019-03-06
9282041,Axel Spirit,Tanker,3,2021-11-16,2021-11-19
7633375,Sunnanvik,Bulk,3,2025-10-09,2025-10-15
8913162,Amadea,Passenger,3,2019-04-22,2019-04-23
9957725,Assos,Gas,3,2025-10-28,2025-10-30
8201480,Artania,Passenger,3,2019-01-13,2019-01-15
9406013,Cape Benat,Tanker,3,2026-06-06,2026-06-08
9845776,Amberjack Lng,Gas,3,2025-05-23,2025-05-24
1043085,Delos T,Tanker,3,2026-07-28,2026-07-30
9709025,Flex Ranger,Tanker,3,2025-02-02,2025-02-04
9867619,Aitolos,Tanker,3,2021-10-03,2021-10-05
9265689,Bitu Express,Tanker,2,2019-02-28,2019-04-04
9981403,Barzan,Gas,2,2026-06-17,2026-06-22
9884021,Asklipios,Tanker,2,2025-12-26,2025-12-27
9437672,Stealth Berana,(none),2,2019-02-21,2019-02-27
9953262,Hlaitan,Gas,2,2026-01-21,2026-01-22
9854612,Energy Pacific,Tanker,2,2025-09-12,2025-09-13
9937945,Puteri Saadong,Gas,2,2025-02-24,2025-02-25
9412309,Delta Med,Tanker,2,2019-07-22,2019-07-26
1243640,Bowling Green,(none),2,2021-05-20,2021-05-20
9436408,Storholmen,(none),2,2025-02-26,2025-02-26
9728423,Csk Vanguard,Tanker,2,2025-05-11,2025-05-13
9225495,Subsea Responder II,(none),2,2026-01-24,2026-01-27
9958664,Kongtong,Gas,2,2025-12-22,2025-12-24
9864916,Gaslog Georgetown,Tanker,2,2025-09-05,2025-09-07
9333618,Cool Rover,Gas,2,2025-12-16,2025-12-17
9904651,Prism Diversity,Gas,2,2025-12-07,2025-12-08
9402665,Waltz,(none),2,2020-01-10,2020-01-10
9862475,Flex Vigilant,Gas,2,2025-04-27,2025-04-28
9869942,Minerva Kalymnos,Tanker,2,2025-12-20,2025-12-22
9341146,Champion Pula,Tanker,2,2019-01-03,2019-01-04
9886732,Clean Cajun,Gas,2,2025-07-07,2025-07-08
9748904,Gaslog Hongkong,Tanker,2,2025-09-03,2025-09-04
9808845,Uhl Future,Bulk,2,2021-07-17,2021-07-21
9791004,Front Polaris,(none),2,2019-07-13,2019-07-19
9926910,New Nature,Gas,2,2026-01-22,2026-01-23
9421386,Cape Davis,(none),2,2026-06-10,2026-06-10
1012919,Dreamboat,Other,2,2025-01-27,2025-02-12
9869306,Cobia Lng,Tanker,2,2025-10-05,2025-10-06
9903425,Pacific Success,Gas,2,2025-09-28,2025-09-29
9336749,Seapeak Marib,Gas,2,2025-03-27,2025-03-30
1048576,Wisdylan,(none),2,2019-05-29,2019-05-29
9849033,Sea Wolf,(none),2,2020-02-13,2020-02-18
9762273,Flex Enterprise,Tanker,2,2025-09-01,2025-09-02
9348297,Patras,Tanker,2,2019-06-20,2019-07-03
9419369,Amfitriti,Tanker,2,2020-07-03,2020-07-06
9339260,Seapeak Arwa,Tanker,2,2025-03-16,2025-03-17
9924869,Maran Gas Marseille,Gas,2,2025-06-29,2025-07-01
9748679,Nordic Star,(none),2,2019-06-17,2019-06-18
9707510,Gaslog Gibraltar,Tanker,2,2025-09-07,2025-09-08
9820295,Marvin Confidence,Tanker,2,2019-01-01,2019-01-01
7710226,Balder,(none),2,2021-08-27,2021-09-03
9097288,Port Eads,(none),2,2021-08-02,2021-08-03
9730309,Timbalier Island,(none),2,2024-02-24,2024-02-24
9477593,Ribera Duero Knutsen,Gas,2,2025-04-03,2025-04-07
9693173,Sk Resolute,Tanker,2,2025-04-14,2025-04-16
9786188,Maersk Corsica,(none),2,2020-08-16,2020-08-16
7634290,Rv Proteus,(none),2,2023-04-01,2023-04-14
9693056,Agios Gerasimos,Tanker,2,2019-01-04,2019-01-04
9725847,Houyoshi Park,Tanker,2,2022-04-29,2022-05-02
9319698,Torm Marina,(none),2,2020-01-30,2020-02-02
9627966,Wilpride,Gas,2,2025-12-05,2025-12-06
8898556,Resolve Discovery,(none),1,2022-08-26,2022-08-26
1622044,John James Charles,(none),1,2024-05-25,2024-05-25
9926673,Degas,(none),1,2025-09-12,2025-09-12
9344784,Boka Alpine,(none),1,2025-07-30,2025-07-30
9011038,Green Concordia,Reefer,1,2019-01-06,2019-01-06
9627423,Fugro Brasilis,(none),1,2026-07-29,2026-07-29
1245184,Ct Pilotus,(none),1,2025-05-18,2025-05-18
9207510,Artemis Arctic,(none),1,2023-10-12,2023-10-12
8501098,Ocean Investigator,(none),1,2020-01-09,2020-01-09
9260706,Hos Ridgewind,(none),1,2022-11-15,2022-11-15
1012335,Wood River,(none),1,2019-01-21,2019-01-21
8945819,Sea Voyager,Bulk,1,2020-05-13,2020-05-13
9359399,Gulf Mirdif,Tanker,1,2019-01-03,2019-01-03
7318999,Gyre,(none),1,2021-06-29,2021-06-29
9388649,Maersk Transporter,(none),1,2022-10-23,2022-10-23
1018949,Kodkod,Tanker,1,2026-07-31,2026-07-31
9372169,Normand Sapphire,(none),1,2022-08-18,2022-08-18
