Thursday,Type Shipm,Cert Date,Type Carrier,Carrier Name,Grain,Class,Pounds,Destination,Field Office,Port,AMS Reg,FGIS Reg,Metric Ton
20260101,BU,20260101,1,NAVIOS CITRINE,CORN,YC,90913260,UN KINGDOM,NEW ORLEANS,MISSISSIPPI R.,GULF,EAST GULF,41238
20260101,BU,20260101,1,SIDER AMY,WHEAT,HRW,15322380,HAITI,NEW ORLEANS,MISSISSIPPI R.,GULF,EAST GULF,6950
20260101,BU,20260101,1,DSI PHOENIX,CORN,YC,72932920,COSTA RICA,NEW ORLEANS,MISSISSIPPI R.,GULF,EAST GULF,33082
20260108,BU,20260102,1,CL SHANGRAO,SOYBEANS,YSB,158786020,CHINA,NEW ORLEANS,MISSISSIPPI R.,GULF,EAST GULF,72024
20260108,BU,20260102,1,UBC TAKORADI,SOYBEANS,YSB,16118580,COLOMBIA,NEW ORLEANS,MISSISSIPPI R.,GULF,EAST GULF,7311
20260108,BU,20260102,1,UBC TAKORADI,CORN,YC,60622500,COLOMBIA,NEW ORLEANS,MISSISSIPPI R.,GULF,EAST GULF,27498
20260108,BU,20260102,1,CAIPIRINHA,CORN,WHC,71667580,MEXICO,NEW ORLEANS,MISSISSIPPI R.,GULF,EAST GULF,32508
20260108,BU,20260102,1,DIAMOND GLOBE,SOYBEANS,YSB,155373030,CHINA,NEW ORLEANS,MISSISSIPPI R.,GULF,EAST GULF,70476
20260108,BU,20260102,1,OCEANLADY,CORN,YC,63778920,MEXICO,NEW ORLEANS,MISSISSIPPI R.,GULF,EAST GULF,28930
20260108,BU,20260102,1,BERGE YOTEI,CORN,YC,72749160,MEXICO,NEW ORLEANS,MISSISSIPPI R.,GULF,EAST GULF,32998
20260108,BU,20260102,1,BERGE YOTEI,WHEAT,SRW,35382460,MEXICO,NEW ORLEANS,MISSISSIPPI R.,GULF,EAST GULF,16049
20260108,BU,20260102,1,DORA,CORN,YC,109868490,SPAIN,NEW ORLEANS,MISSISSIPPI R.,GULF,EAST GULF,49836
20260108,BU,20260102,1,DSI PHOENIX,SOYBEANS,YSB,25535460,COSTA RICA,NEW ORLEANS,MISSISSIPPI R.,GULF,EAST GULF,11583
20260108,BU,20260103,1,OCEANLADY,SOYBEANS,YSB,40013020,MEXICO,NEW ORLEANS,MISSISSIPPI R.,GULF,EAST GULF,18150
20260108,BU,20260102,1,CORETALENT OL,CORN,YC,66505920,ALGERIA,NEW ORLEANS,MISSISSIPPI R.,GULF,EAST GULF,30167
20260108,BU,20260103,1,MIA LR,SOYBEANS,YSB,155686580,CHINA,NEW ORLEANS,MISSISSIPPI R.,GULF,EAST GULF,70618
20260108,BU,20260103,1,IGUAZU,SOYBEANS,YSB,87298740,ALGERIA,NEW ORLEANS,MISSISSIPPI R.,GULF,EAST GULF,39598
20260108,BU,20260105,1,BBC NEPTUNE,CORN,YC,48596980,MEXICO,NEW ORLEANS,MISSISSIPPI R.,GULF,EAST GULF,22043
20260108,BU,20260105,1,SEA WAVE,CORN,YC,47320840,GUATEMALA,NEW ORLEANS,MISSISSIPPI R.,GULF,EAST GULF,21464
20260108,BU,20260105,1,SEA WAVE,WHEAT,SRW,10755280,GUATEMALA,NEW ORLEANS,MISSISSIPPI R.,GULF,EAST GULF,4879
20260108,BU,20260104,1,SUDETY,SOYBEANS,YSB,158142740,ITALY,NEW ORLEANS,MISSISSIPPI R.,GULF,EAST GULF,71732
20260108,BU,20260104,1,IRIS BLISS,SOYBEANS,YSB,156716420,CHINA,NEW ORLEANS,MISSISSIPPI R.,GULF,EAST GULF,71085
20260108,BU,20260105,1,DESERT RANGER,CORN,YC,128695320,MEXICO,NEW ORLEANS,MISSISSIPPI R.,GULF,EAST GULF,58375
20260108,BU,20260104,1,LIBERTY,CORN,YC,75695670,COLOMBIA,NEW ORLEANS,MISSISSIPPI R.,GULF,EAST GULF,34335
20260108,BU,20260105,1,NORSE PROGRESS,CORN,YC,132161300,MEXICO,NEW ORLEANS,MISSISSIPPI R.,GULF,EAST GULF,59947
20260108,BU,20260105,1,ATLANTIC SAKURA,SOYBEANS,YSB,155106315,CHINA,NEW ORLEANS,MISSISSIPPI R.,GULF,EAST GULF,70355
20260108,BU,20260105,1,INCE POINT,CORN,YC,70313040,MEXICO,NEW ORLEANS,MISSISSIPPI R.,GULF,EAST GULF,31893
20260108,BU,20260105,1,NM SAKURA,SOYBEANS,YSB,15652980,JAPAN,NEW ORLEANS,MISSISSIPPI R.,GULF,EAST GULF,7100
20260108,BU,20260106,1,NM SAKURA,CORN,YC,6588720,JAPAN,NEW ORLEANS,MISSISSIPPI R.,GULF,EAST GULF,2989
20260108,BU,20260106,1,AROSA,SOYBEANS,YSB,102514590,ALGERIA,NEW ORLEANS,MISSISSIPPI R.,GULF,EAST GULF,46500
20260108,BU,20260106,1,NM SAKURA,CORN,YC,29492640,JAPAN,NEW ORLEANS,MISSISSIPPI R.,GULF,EAST GULF,13378
20260108,BU,20260106,1,GLOBAL JOURNEY,CORN,YC,109125740,MEXICO,NEW ORLEANS,MISSISSIPPI R.,GULF,EAST GULF,49499
20260108,BU,20260106,1,NM SAKURA,CORN,YC,61117400,JAPAN,NEW ORLEANS,MISSISSIPPI R.,GULF,EAST GULF,27722
20260108,BU,20260105,1,ENERGY GLORY,SOYBEANS,YSB,156398400,CHINA,NEW ORLEANS,MISSISSIPPI R.,GULF,EAST GULF,70941
20260108,BU,20260106,1,PAC ALNATH,CORN,YC,45897200,JAPAN,NEW ORLEANS,MISSISSIPPI R.,GULF,EAST GULF,20819
20260108,BU,20260106,1,PAC ALNATH,CORN,YC,10506610,JAPAN,NEW ORLEANS,MISSISSIPPI R.,GULF,EAST GULF,4766
20260108,BU,20260107,1,JEWEL OF SHINAS,CORN,YC,82451950,MEXICO,NEW ORLEANS,MISSISSIPPI R.,GULF,EAST GULF,37400
20260108,BU,20260106,1,OPAL WEALTH,SOYBEANS,YSB,127006740,BANGLADESH,NEW ORLEANS,MISSISSIPPI R.,GULF,EAST GULF,57609
20260108,BU,20260107,1,SEAHORSE,CORN,WHC,69664960,VENEZUELA,NEW ORLEANS,MISSISSIPPI R.,GULF,EAST GULF,31600
20260108,BU,20260107,1,CYMONA PRIDE,SOYBEANS,YSB,151897140,CHINA,NEW ORLEANS,MISSISSIPPI R.,GULF,EAST GULF,68899
20260108,BU,20260108,1,PELAGIA,SOYBEANS,YSB,147157960,CHINA,NEW ORLEANS,MISSISSIPPI R.,GULF,EAST GULF,66750
20260108,BU,20260107,1,GENEVA STAR,SOYBEANS,YSB,143978760,UN KINGDOM,NEW ORLEANS,MISSISSIPPI R.,GULF,EAST GULF,65308
20260108,BU,20260108,1,ANTIPAROS,SOYBEANS,YSB,151746840,GERMANY,NEW ORLEANS,MISSISSIPPI R.,GULF,EAST GULF,68831
20260108,BU,20260108,1,EPSON TRADER,SOYBEANS,YSB,86350660,JAPAN,NEW ORLEANS,MISSISSIPPI R.,GULF,EAST GULF,39168
20260108,BU,20260108,1,EPSON TRADER,CORN,YC,27868180,JAPAN,NEW ORLEANS,MISSISSIPPI R.,GULF,EAST GULF,12641
20260115,BU,20260109,1,NEW COMMANDER,CORN,YC,46982980,EL SALVADOR,NEW ORLEANS,MISSISSIPPI R.,GULF,EAST GULF,21311
20260115,BU,20260109,1,AKMI,WHEAT,SRW,97001890,MEXICO,NEW ORLEANS,MISSISSIPPI R.,GULF,EAST GULF,43999
20260115,BU,20260110,1,CL HENGYANG,SOYBEANS,YSB,127859225,GERMANY,NEW ORLEANS,MISSISSIPPI R.,GULF,EAST GULF,57996
20260115,BU,20260111,1,ORAWA,CORN,YC,60625520,MEXICO,NEW ORLEANS,MISSISSIPPI R.,GULF,EAST GULF,27499
20260115,BU,20260111,1,NORD AURIGA,SOYBEANS,YSB,152337880,CHINA,NEW ORLEANS,MISSISSIPPI R.,GULF,EAST GULF,69099
20260115,BU,20260111,1,HONG FU,SOYBEANS,YSB,145965740,CHINA,NEW ORLEANS,MISSISSIPPI R.,GULF,EAST GULF,66209
20260115,BU,20260110,1,IDA,SOYBEANS,YSB,123676180,TURKEY,NEW ORLEANS,MISSISSIPPI R.,GULF,EAST GULF,56099
20260115,BU,20260111,1,INDIAN HARMONY,SOYBEANS,YSB,147111220,CHINA,NEW ORLEANS,MISSISSIPPI R.,GULF,EAST GULF,66729
20260115,BU,20260110,1,COAL PEARL,SOYBEANS,YSB,131866160,KOREA REP,NEW ORLEANS,MISSISSIPPI R.,GULF,EAST GULF,59814
20260115,BU,20260110,1,UBC TILBURY,CORN,YC,47956660,JAMAICA,NEW ORLEANS,MISSISSIPPI R.,GULF,EAST GULF,21753
20260115,BU,20260112,1,HANDY STRANGER,CORN,YC,68673340,MEXICO,NEW ORLEANS,MISSISSIPPI R.,GULF,EAST GULF,31150
20260115,BU,20260110,1,ARKONA,CORN,YC,45301120,GUATEMALA,NEW ORLEANS,MISSISSIPPI R.,GULF,EAST GULF,20548
20260115,BU,20260110,1,ARKONA,WHEAT,SRW,13410080,GUATEMALA,NEW ORLEANS,MISSISSIPPI R.,GULF,EAST GULF,6083
20260115,BU,20260112,1,PEDHOULAS TRADER,SOYBEANS,YSB,150578115,CHINA,NEW ORLEANS,MISSISSIPPI R.,GULF,EAST GULF,68301
20260115,BU,20260111,1,ATLANTIC HALO,CORN,YC,45087960,EL SALVADOR,NEW ORLEANS,MISSISSIPPI R.,GULF,EAST GULF,20452
20260115,BU,20260112,1,ATLANTIC HALO,CORN,WHC,12120630,EL SALVADOR,NEW ORLEANS,MISSISSIPPI R.,GULF,EAST GULF,5498
20260115,BU,20260112,1,GLOBAL HOSPITALITY,SOYBEANS,YSB,25370820,COLOMBIA,NEW ORLEANS,MISSISSIPPI R.,GULF,EAST GULF,11508
20260115,BU,20260112,1,GLOBAL HOSPITALITY,CORN,YC,60044060,COLOMBIA,NEW ORLEANS,MISSISSIPPI R.,GULF,EAST GULF,27236
20260115,BU,20260112,1,GLOBAL HOSPITALITY,WHEAT,SRW,24697960,COLOMBIA,NEW ORLEANS,MISSISSIPPI R.,GULF,EAST GULF,11203
20260115,BU,20260113,1,GLOBAL SUCCESS,CORN,YC,13764380,JAPAN,NEW ORLEANS,MISSISSIPPI R.,GULF,EAST GULF,6243
20260115,BU,20260112,1,SEASTAR VALIANT,CORN,YC,72212740,GUATEMALA,NEW ORLEANS,MISSISSIPPI R.,GULF,EAST GULF,32755
20260115,BU,20260111,1,CL FUZHOU HE,CORN,YC,114321000,COLOMBIA,NEW ORLEANS,MISSISSIPPI R.,GULF,EAST GULF,51855
20260115,BU,20260113,1,VITA MELODY,SOYBEANS,YSB,155112000,CHINA,NEW ORLEANS,MISSISSIPPI R.,GULF,EAST GULF,70358
20260115,BU,20260113,1,AFRICAN BUZZARD,SOYBEANS,YSB,132927380,EGYPT,NEW ORLEANS,MISSISSIPPI R.,GULF,EAST GULF,60295
20260115,BU,20260109,1,ORIENT TIDE,CORN,YC,48697000,GUATEMALA,NEW ORLEANS,MISSISSIPPI R.,GULF,EAST GULF,22089
20260115,BU,20260112,1,BUNUN FORTUNE,CORN,YC,71354840,MEXICO,NEW ORLEANS,MISSISSIPPI R.,GULF,EAST GULF,32366
20260115,BU,20260113,1,GREAT AFFLUENCE,SOYBEANS,YSB,128142300,GERMANY,NEW ORLEANS,MISSISSIPPI R.,GULF,EAST GULF,58124
20260115,BU,20260114,1,MOTHER M,CORN,YC,43651000,UN KINGDOM,NEW ORLEANS,MISSISSIPPI R.,GULF,EAST GULF,19800
20260115,BU,20260114,1,LUCKY LUKE,WHEAT,SRW,24133350,ECUADOR,NEW ORLEANS,MISSISSIPPI R.,GULF,EAST GULF,10947
20260115,BU,20260114,1,/ SAPIENTZA,SOYBEANS,YSB,12455660,COLOMBIA,NEW ORLEANS,MISSISSIPPI R.,GULF,EAST GULF,5650
20260115,BU,20260114,1,DRAWNO,WHEAT,HRW,45122730,DOMINICN REP,NEW ORLEANS,MISSISSIPPI R.,GULF,EAST GULF,20467
20260115,BU,20260114,1,URUGUAY,CORN,YC,121239400,COLOMBIA,NEW ORLEANS,MISSISSIPPI R.,GULF,EAST GULF,54993
20260115,BU,20260113,1,GLOBAL SUCCESS,CORN,YC,28144420,JAPAN,NEW ORLEANS,MISSISSIPPI R.,GULF,EAST GULF,12766
20260115,BU,20260114,1,GOLDEN FAITH,SOYBEANS,YSB,171288080,ITALY,NEW ORLEANS,MISSISSIPPI R.,GULF,EAST GULF,77695
20260115,BU,20260115,1,THOR BREEZE,CORN,YC,69059000,COLOMBIA,NEW ORLEANS,MISSISSIPPI R.,GULF,EAST GULF,31325
20260115,BU,20260115,1,THOR BREEZE,WHEAT,HRW,23501200,COLOMBIA,NEW ORLEANS,MISSISSIPPI R.,GULF,EAST GULF,10660
20260115,BU,20260115,1,THOR BREEZE,WHEAT,SRW,19263280,COLOMBIA,NEW ORLEANS,MISSISSIPPI R.,GULF,EAST GULF,8738
20260115,BU,20260114,1,KOSZALIN,WHEAT,SRW,32263080,MEXICO,NEW ORLEANS,MISSISSIPPI R.,GULF,EAST GULF,14634
20260115,BU,20260114,1,JPS BARCELONA,CORN,YC,118864500,COLOMBIA,NEW ORLEANS,MISSISSIPPI R.,GULF,EAST GULF,53916
20260115,BU,20260115,1,AVERY POINT,SOYBEANS,YSB,21423320,JAPAN,NEW ORLEANS,MISSISSIPPI R.,GULF,EAST GULF,9717
20260115,BU,20260115,1,AVERY POINT,SOYBEANS,YSB,65513760,JAPAN,NEW ORLEANS,MISSISSIPPI R.,GULF,EAST GULF,29717
20260115,BU,20260115,1,AVERY POINT,CORN,YC,23977840,JAPAN,NEW ORLEANS,MISSISSIPPI R.,GULF,EAST GULF,10876
20260115,BU,20260114,1,PROUD UNITY,CORN,YC,72749840,COLOMBIA,NEW ORLEANS,MISSISSIPPI R.,GULF,EAST GULF,32999
20260115,BU,20260115,1,KOSZALIN,SOYBEANS,YSB,46739020,MEXICO,NEW ORLEANS,MISSISSIPPI R.,GULF,EAST GULF,21200
20260115,BU,20260113,1,GLOBAL SUCCESS,CORN,YC,39637740,JAPAN,NEW ORLEANS,MISSISSIPPI R.,GULF,EAST GULF,17979
20260115,BU,20260112,1,GLOBAL SUCCESS,CORN,WHC,7174060,JAPAN,NEW ORLEANS,MISSISSIPPI R.,GULF,EAST GULF,3254
20260115,BU,20260115,1,FEDERAL NAGARA,CORN,WHC,13526520,MEXICO,NEW ORLEANS,MISSISSIPPI R.,GULF,EAST GULF,6136
20260122,BU,20260116,1,SOUNION,SOYBEANS,YSB,109954380,MEXICO,NEW ORLEANS,MISSISSIPPI R.,GULF,EAST GULF,49874
20260122,BU,20260116,1,GREAT WEALTH,SOYBEANS,YSB,145459240,CHINA,NEW ORLEANS,MISSISSIPPI R.,GULF,EAST GULF,65979
20260122,BU,20260116,1,SAPIENTZA,CORN,YC,84027760,COLOMBIA,NEW ORLEANS,MISSISSIPPI R.,GULF,EAST GULF,38114
20260122,BU,20260116,1,PACIFIC AWARD,CORN,YC,72310940,PANAMA,NEW ORLEANS,MISSISSIPPI R.,GULF,EAST GULF,32800
20260122,BU,20260116,1,FEDERAL NAGARA,CORN,YC,51052780,MEXICO,NEW ORLEANS,MISSISSIPPI R.,GULF,EAST GULF,23157
20260122,BU,20260117,1,FJ IRIS,SOYBEANS,YSB,153270660,CHINA,NEW ORLEANS,MISSISSIPPI R.,GULF,EAST GULF,69522
20260122,BU,20260117,1,SAKIZAYA DIAMOND,SOYBEANS,YSB,157765580,CHINA,NEW ORLEANS,MISSISSIPPI R.,GULF,EAST GULF,71561
20260122,BU,20260117,1,GREEN GEM,CORN,YC,77601660,GUATEMALA,NEW ORLEANS,MISSISSIPPI R.,GULF,EAST GULF,35200
20260122,BU,20260119,1,MYRA,SOYBEANS,YSB,154275175,CHINA,NEW ORLEANS,MISSISSIPPI R.,GULF,EAST GULF,69978
20260122,BU,20260118,1,EXELIXSEA,CORN,YC,155203240,SPAIN,NEW ORLEANS,MISSISSIPPI R.,GULF,EAST GULF,70399
20260122,BU,20260118,1,MAGIC STRIKER,SOYBEANS,YSB,72185080,SPAIN,NEW ORLEANS,MISSISSIPPI R.,GULF,EAST GULF,32743
20260122,BU,20260119,1,SOCRATES GRAECIA,SOYBEANS,YSB,152176340,CHINA,NEW ORLEANS,MISSISSIPPI R.,GULF,EAST GULF,69026
20260122,BU,20260119,1,MARYAM D,CORN,YC,72751380,ALGERIA,NEW ORLEANS,MISSISSIPPI R.,GULF,EAST GULF,32999
20260122,BU,20260119,1,BERGE HALLASAN,CORN,YC,76931680,MEXICO,NEW ORLEANS,MISSISSIPPI R.,GULF,EAST GULF,34896
20260122,BU,20260119,1,LOWLANDS SHARK,CORN,YC,52005940,GUATEMALA,NEW ORLEANS,MISSISSIPPI R.,GULF,EAST GULF,23590
20260122,BU,20260119,1,LOWLANDS SHARK,WHEAT,SRW,16146560,GUATEMALA,NEW ORLEANS,MISSISSIPPI R.,GULF,EAST GULF,7324
20260122,BU,20260117,1,IOLAOS,CORN,YC,109123730,MEXICO,NEW ORLEANS,MISSISSIPPI R.,GULF,EAST GULF,49498
20260122,BU,20260118,1,INCE POINT,CORN,YC,51548430,MEXICO,NEW ORLEANS,MISSISSIPPI R.,GULF,EAST GULF,23382
20260122,BU,20260119,1,JAMNO,WHEAT,SRW,9697630,MEXICO,NEW ORLEANS,MISSISSIPPI R.,GULF,EAST GULF,4399
20260122,BU,20260119,1,PHILHOKUSAI,CORN,YC,72750260,COLOMBIA,NEW ORLEANS,MISSISSIPPI R.,GULF,EAST GULF,32999
20260122,BU,20260119,1,PHILHOKUSAI,SOYBEANS,YSB,24250320,COLOMBIA,NEW ORLEANS,MISSISSIPPI R.,GULF,EAST GULF,11000
20260122,BU,20260120,1,PINDOS,SOYBEANS,YSB,116748080,BANGLADESH,NEW ORLEANS,MISSISSIPPI R.,GULF,EAST GULF,52956
20260122,BU,20260116,1,SEACON ANTWERP,CORN,YC,156673725,SPAIN,NEW ORLEANS,MISSISSIPPI R.,GULF,EAST GULF,71066
20260122,BU,20260118,1,RB JAKE,SOYBEANS,YSB,157003380,CHINA,NEW ORLEANS,MISSISSIPPI R.,GULF,EAST GULF,71216
20260122,BU,20260119,1,BELITA,CORN,YC,66239510,COLOMBIA,NEW ORLEANS,MISSISSIPPI R.,GULF,EAST GULF,30046
20260122,BU,20260119,1,JAMNO,CORN,YC,53181950,MEXICO,NEW ORLEANS,MISSISSIPPI R.,GULF,EAST GULF,24123
20260122,BU,20260117,1,ATMOSPHERE,SOYBEANS,YSB,148914860,ITALY,NEW ORLEANS,MISSISSIPPI R.,GULF,EAST GULF,67547
20260122,BU,20260120,1,ARIADNE,SOYBEANS,YSB,116780975,TURKEY,NEW ORLEANS,MISSISSIPPI R.,GULF,EAST GULF,52971
20260122,BU,20260120,1,DIONYSUS,CORN,YC,48500940,MOROCCO,NEW ORLEANS,MISSISSIPPI R.,GULF,EAST GULF,22000
20260122,BU,20260121,1,AM JYOTI,SOYBEANS,YSB,156319080,CHINA,NEW ORLEANS,MISSISSIPPI R.,GULF,EAST GULF,70905
20260122,BU,20260122,1,SAKIZAYA STAR,CORN,YC,152776740,SPAIN,NEW ORLEANS,MISSISSIPPI R.,GULF,EAST GULF,69298
20260122,BU,20260120,1,SPAR APUS,CORN,WHC,18867900,COLOMBIA,NEW ORLEANS,MISSISSIPPI R.,GULF,EAST GULF,8558
20260122,BU,20260122,1,UBC SANTOS,CORN,WHC,66542680,VENEZUELA,NEW ORLEANS,MISSISSIPPI R.,GULF,EAST GULF,30183
20260122,BU,20260122,1,CL HUAIHUA,CORN,YC,28405420,JAPAN,NEW ORLEANS,MISSISSIPPI R.,GULF,EAST GULF,12884
20260122,BU,20260122,1,CL HUAIHUA,CORN,YC,18075240,JAPAN,NEW ORLEANS,MISSISSIPPI R.,GULF,EAST GULF,8199
20260122,BU,20260121,1,PUNA,CORN,YC,24025380,COLOMBIA,NEW ORLEANS,MISSISSIPPI R.,GULF,EAST GULF,10898
20260122,BU,20260122,1,PUNA,SOYBEANS,YSB,16676790,COLOMBIA,NEW ORLEANS,MISSISSIPPI R.,GULF,EAST GULF,7564
20260122,BU,20260122,1,ASIAN PROGRESS,CORN,YC,133378520,PORTUGAL,NEW ORLEANS,MISSISSIPPI R.,GULF,EAST GULF,60499
20260122,BU,20260122,1,CL HUAIHUA,SOYBEANS,YSB,67120260,JAPAN,NEW ORLEANS,MISSISSIPPI R.,GULF,EAST GULF,30445
20260122,BU,20260122,1,BASIC SUN,SOYBEANS,YSB,152137200,CHINA,NEW ORLEANS,MISSISSIPPI R.,GULF,EAST GULF,69008
20260122,BU,20260122,1,NORD ALLEGRO,CORN,YC,92705340,COLOMBIA,NEW ORLEANS,MISSISSIPPI R.,GULF,EAST GULF,42050
20260122,BU,20260122,1,NORD ALLEGRO,CORN,WHC,26953640,COLOMBIA,NEW ORLEANS,MISSISSIPPI R.,GULF,EAST GULF,12226
20260129,BU,20260124,1,JNS SEA,CORN,YC,60951540,GUATEMALA,NEW ORLEANS,MISSISSIPPI R.,GULF,EAST GULF,27647
20260129,BU,20260124,1,SARITA,CORN,YC,121248120,COLOMBIA,NEW ORLEANS,MISSISSIPPI R.,GULF,EAST GULF,54997
20260129,BU,20260124,1,UBC TAMPA,CORN,YC,72751560,MEXICO,NEW ORLEANS,MISSISSIPPI R.,GULF,EAST GULF,33000
20260129,BU,20260123,1,MELODY FAIR,CORN,YC,11004100,JAPAN,NEW ORLEANS,MISSISSIPPI R.,GULF,EAST GULF,4991
20260129,BU,20260124,1,CENTURION ROMULUS,SOYBEANS,YSB,131967290,VIETNAM,NEW ORLEANS,MISSISSIPPI R.,GULF,EAST GULF,59859
20260129,BU,20260123,1,UNITED HARMONY,CORN,YC,52567330,JAPAN,NEW ORLEANS,MISSISSIPPI R.,GULF,EAST GULF,23844
20260129,BU,20260123,1,UNITED HARMONY,CORN,YC,26453680,JAPAN,NEW ORLEANS,MISSISSIPPI R.,GULF,EAST GULF,11999
20260129,BU,20260125,1,IOANNIS,CORN,YC,42438590,VENEZUELA,NEW ORLEANS,MISSISSIPPI R.,GULF,EAST GULF,19250
20260129,BU,20260126,1,RUEN,CORN,YC,84876980,MOROCCO,NEW ORLEANS,MISSISSIPPI R.,GULF,EAST GULF,38500
20260129,BU,20260123,1,V UNO,CORN,YC,35630740,COLOMBIA,NEW ORLEANS,MISSISSIPPI R.,GULF,EAST GULF,16162
20260129,BU,20260123,1,V UNO,SOYBEANS,YSB,13658760,COLOMBIA,NEW ORLEANS,MISSISSIPPI R.,GULF,EAST GULF,6196
20260129,BU,20260126,1,SINOP,CORN,YC,44576900,NICARAGUA,NEW ORLEANS,MISSISSIPPI R.,GULF,EAST GULF,20220
20260129,BU,20260125,1,SINOP,WHEAT,SRW,24470760,NICARAGUA,NEW ORLEANS,MISSISSIPPI R.,GULF,EAST GULF,11100
20260129,BU,20260123,1,PEDHOULAS ROSE,SOYBEANS,YSB,154994635,CHINA,NEW ORLEANS,MISSISSIPPI R.,GULF,EAST GULF,70304
20260129,BU,20260124,1,MELODY FAIR,SOYBEANS,YSB,92477120,JAPAN,NEW ORLEANS,MISSISSIPPI R.,GULF,EAST GULF,41947
20260129,BU,20260126,1,SHANDONG XIN SHUN,SOYBEANS,YSB,151482600,CHINA,NEW ORLEANS,MISSISSIPPI R.,GULF,EAST GULF,68711
20260129,BU,20260126,1,AFRICAN KITE,SOYBEANS,YSB,114107920,CHINA,NEW ORLEANS,MISSISSIPPI R.,GULF,EAST GULF,51758
20260129,BU,20260127,1,MEDI TIRRENO,CORN,YC,96999500,COLOMBIA,NEW ORLEANS,MISSISSIPPI R.,GULF,EAST GULF,43998
20260129,BU,20260127,1,MEDI OITA,SOYBEANS,YSB,156373100,CHINA,NEW ORLEANS,MISSISSIPPI R.,GULF,EAST GULF,70930
20260129,BU,20260126,1,OREGON HARMONY,CORN,YC,34250180,GUATEMALA,NEW ORLEANS,MISSISSIPPI R.,GULF,EAST GULF,15536
20260129,BU,20260127,1,BH POWER,SOYBEANS,YSB,151117785,CHINA,NEW ORLEANS,MISSISSIPPI R.,GULF,EAST GULF,68546
20260129,BU,20260127,1,NEMEA,CORN,YC,29064050,JAPAN,NEW ORLEANS,MISSISSIPPI R.,GULF,EAST GULF,13183
20260129,BU,20260127,1,NEMEA,SOYBEANS,YSB,13499330,JAPAN,NEW ORLEANS,MISSISSIPPI R.,GULF,EAST GULF,6123
20260129,BU,20260126,1,NEMEA,CORN,YC,6207420,JAPAN,NEW ORLEANS,MISSISSIPPI R.,GULF,EAST GULF,2816
20260129,BU,20260126,1,NEMEA,CORN,YC,6341330,JAPAN,NEW ORLEANS,MISSISSIPPI R.,GULF,EAST GULF,2876
20260129,BU,20260126,1,NEMEA,SOYBEANS,YSB,9673750,JAPAN,NEW ORLEANS,MISSISSIPPI R.,GULF,EAST GULF,4388
20260129,BU,20260127,1,NEMEA,CORN,YC,35487540,JAPAN,NEW ORLEANS,MISSISSIPPI R.,GULF,EAST GULF,16097
20260129,BU,20260127,1,SC DALLAS,WHEAT,SRW,16647020,HONDURAS,NEW ORLEANS,MISSISSIPPI R.,GULF,EAST GULF,7551
20260129,BU,20260128,1,ST-CERGUE,CORN,YC,71254500,COLOMBIA,NEW ORLEANS,MISSISSIPPI R.,GULF,EAST GULF,32321
20260129,BU,20260128,1,GLOBAL JOURNEY,CORN,YC,108143300,JAPAN,NEW ORLEANS,MISSISSIPPI R.,GULF,EAST GULF,49053
20260129,BU,20260128,1,BETTY K,SOYBEANS,YSB,153828160,CHINA,NEW ORLEANS,MISSISSIPPI R.,GULF,EAST GULF,69775
20260129,BU,20260128,1,GRAECIA AETERNA,SOYBEANS,YSB,151346220,CHINA,NEW ORLEANS,MISSISSIPPI R.,GULF,EAST GULF,68650
20260129,BU,20260129,1,IONIC SPIRIT,CORN,YC,62271180,MEXICO,NEW ORLEANS,MISSISSIPPI R.,GULF,EAST GULF,28246
20260129,BU,20260128,1,IONIC SPIRIT,SOYBEANS,YSB,44164800,MEXICO,NEW ORLEANS,MISSISSIPPI R.,GULF,EAST GULF,20033
20260129,BU,20260128,1,MERCURY RISING,SOYBEANS,YSB,151085370,GERMANY,NEW ORLEANS,MISSISSIPPI R.,GULF,EAST GULF,68531
20260129,BU,20260127,1,NEMEA,CORN,YC,13325720,JAPAN,NEW ORLEANS,MISSISSIPPI R.,GULF,EAST GULF,6044
20260129,BU,20260129,1,SEA DESTINY,SOYBEANS,YSB,115091545,EGYPT,NEW ORLEANS,MISSISSIPPI R.,GULF,EAST GULF,52205
20260129,BU,20260128,1,SC DALLAS,CORN,YC,15022890,HONDURAS,NEW ORLEANS,MISSISSIPPI R.,GULF,EAST GULF,6814
20260129,BU,20260128,1,SC DALLAS,WHEAT,HRW,14027260,HONDURAS,NEW ORLEANS,MISSISSIPPI R.,GULF,EAST GULF,6363
20260129,BU,20260128,1,SC DALLAS,WHEAT,HRS,11574160,HONDURAS,NEW ORLEANS,MISSISSIPPI R.,GULF,EAST GULF,5250
20260129,BU,20260129,1,BBG GRACE,SOYBEANS,YSB,155310200,CHINA,NEW ORLEANS,MISSISSIPPI R.,GULF,EAST GULF,70448
20260129,BU,20260129,1,ECO,CORN,YC,133155400,SPAIN,NEW ORLEANS,MISSISSIPPI R.,GULF,EAST GULF,60398
20260129,BU,20260127,1,AMBER LAGOON,SOYBEANS,YSB,13707160,COLOMBIA,NEW ORLEANS,MISSISSIPPI R.,GULF,EAST GULF,6217
20260129,BU,20260129,1,PAN CONCORD,SOYBEANS,YSB,153865460,PAKISTAN,NEW ORLEANS,MISSISSIPPI R.,GULF,EAST GULF,69792
20260205,BU,20260130,1,ODYSSEAS,CORN,YC,62714200,MEXICO,NEW ORLEANS,MISSISSIPPI R.,GULF,EAST GULF,28447
20260205,BU,20260130,1,WORLD RUBY,CORN,YC,92083040,COLOMBIA,NEW ORLEANS,MISSISSIPPI R.,GULF,EAST GULF,41768
20260205,BU,20260130,1,AMBER LAGOON,CORN,YC,20001660,PANAMA,NEW ORLEANS,MISSISSIPPI R.,GULF,EAST GULF,9073
20260205,BU,20260130,1,TRANS AFRICA,SOYBEANS,YSB,151550880,CHINA,NEW ORLEANS,MISSISSIPPI R.,GULF,EAST GULF,68742
20260205,BU,20260131,1,PITT ISLAND,CORN,YC,123892440,IRAQ,NEW ORLEANS,MISSISSIPPI R.,GULF,EAST GULF,56197
20260205,BU,20260131,1,JERICHO BEACH,CORN,YC,56053560,MEXICO,NEW ORLEANS,MISSISSIPPI R.,GULF,EAST GULF,25425
20260205,BU,20260130,1,JERICHO BEACH,SOYBEANS,YSB,11808260,MEXICO,NEW ORLEANS,MISSISSIPPI R.,GULF,EAST GULF,5356
20260205,BU,20260131,1,EVA BRIGHT,CORN,YC,84403000,NICARAGUA,NEW ORLEANS,MISSISSIPPI R.,GULF,EAST GULF,38285
20260205,BU,20260131,1,PAN ORION,CORN,YC,64988500,COSTA RICA,NEW ORLEANS,MISSISSIPPI R.,GULF,EAST GULF,29478
20260205,BU,20260131,1,PAN ORION,SOYBEANS,YSB,28743380,COSTA RICA,NEW ORLEANS,MISSISSIPPI R.,GULF,EAST GULF,13038
20260205,BU,20260131,1,FEDERAL IBUKI,CORN,YC,9224000,JAPAN,NEW ORLEANS,MISSISSIPPI R.,GULF,EAST GULF,4184
20260205,BU,20260131,1,FEDERAL IBUKI,SOYBEANS,YSB,91628320,JAPAN,NEW ORLEANS,MISSISSIPPI R.,GULF,EAST GULF,41562
20260205,BU,20260202,1,TOWER POINT,SOYBEANS,YSB,154085160,CHINA,NEW ORLEANS,MISSISSIPPI R.,GULF,EAST GULF,69892
20260205,BU,20260131,1,CENTURY EMERALD,WHEAT,SRW,13168320,JAMAICA,NEW ORLEANS,MISSISSIPPI R.,GULF,EAST GULF,5973
20260205,BU,20260201,1,ATLANTIC STAR,CORN,YC,17459040,NICARAGUA,NEW ORLEANS,MISSISSIPPI R.,GULF,EAST GULF,7919
20260205,BU,20260131,1,ATLANTIC STAR,CORN,WHC,17758980,NICARAGUA,NEW ORLEANS,MISSISSIPPI R.,GULF,EAST GULF,8055
20260205,BU,20260130,1,CENTURY EMERALD,WHEAT,HRS,19985400,JAMAICA,NEW ORLEANS,MISSISSIPPI R.,GULF,EAST GULF,9065
20260205,BU,20260201,1,GLOBE CLEOPATRA,CORN,YC,115741490,MEXICO,NEW ORLEANS,MISSISSIPPI R.,GULF,EAST GULF,52499
20260205,BU,20260202,1,CENTURY QUEEN,CORN,YC,9358880,GRENADA,NEW ORLEANS,MISSISSIPPI R.,GULF,EAST GULF,4245
20260205,BU,20260202,1,CENTURY QUEEN,SOYBEANS,YSB,7596890,GRENADA,NEW ORLEANS,MISSISSIPPI R.,GULF,EAST GULF,3446
20260205,BU,20260202,1,CENTURY QUEEN,WHEAT,SRW,2424540,GRENADA,NEW ORLEANS,MISSISSIPPI R.,GULF,EAST GULF,1100
20260205,BU,20260130,1,EL MATADOR,SOYBEANS,YSB,127729240,EGYPT,NEW ORLEANS,MISSISSIPPI R.,GULF,EAST GULF,57937
20260205,BU,20260130,1,APJ PRIYA 2,SOYBEANS,YSB,155201240,CHINA,NEW ORLEANS,MISSISSIPPI R.,GULF,EAST GULF,70398
20260205,BU,20260201,1,CENTURY QUEEN,WHEAT,HRS,9861540,GRENADA,NEW ORLEANS,MISSISSIPPI R.,GULF,EAST GULF,4473
20260205,BU,20260202,1,CL JIANGMEN,CORN,YC,116251860,NICARAGUA,NEW ORLEANS,MISSISSIPPI R.,GULF,EAST GULF,52731
20260205,BU,20260202,1,UBC TILBURY,SOYBEANS,YSB,21603780,VENEZUELA,NEW ORLEANS,MISSISSIPPI R.,GULF,EAST GULF,9799
20260205,BU,20260202,1,AFRICAN TEAL,CORN,YC,44390760,GUATEMALA,NEW ORLEANS,MISSISSIPPI R.,GULF,EAST GULF,20135
20260205,BU,20260201,1,AFRICAN TEAL,WHEAT,SRW,16487700,GUATEMALA,NEW ORLEANS,MISSISSIPPI R.,GULF,EAST GULF,7479
20260205,BU,20260202,1,JABAL ALKAWR,SOYBEANS,YSB,127808300,CHINA,NEW ORLEANS,MISSISSIPPI R.,GULF,EAST GULF,57973
20260205,BU,20260202,1,CL XINYU,SOYBEANS,YSB,159216400,CHINA,NEW ORLEANS,MISSISSIPPI R.,GULF,EAST GULF,72219
20260205,BU,20260202,1,ARKLOW SPRAY,CORN,YC,72735440,MEXICO,NEW ORLEANS,MISSISSIPPI R.,GULF,EAST GULF,32992
20260205,BU,20260201,1,ATLANTIC STAR,SOYBEANS,YSB,16472320,NICARAGUA,NEW ORLEANS,MISSISSIPPI R.,GULF,EAST GULF,7472
20260205,BU,20260203,1,AFRICAN JACARANDA,WHEAT,HRS,30815380,ST. LUCIA,NEW ORLEANS,MISSISSIPPI R.,GULF,EAST GULF,13978
20260205,BU,20260131,1,NORSE ANTWERP,CORN,YC,80090540,NEW ZEALAND,NEW ORLEANS,MISSISSIPPI R.,GULF,EAST GULF,36328
20260205,BU,20260203,1,AFRICAN JACARANDA,WHEAT,SRW,7825880,JAMAICA,NEW ORLEANS,MISSISSIPPI R.,GULF,EAST GULF,3550
20260205,BU,20260202,1,CLEAR SKY,CORN,YC,89318560,HONDURAS,NEW ORLEANS,MISSISSIPPI R.,GULF,EAST GULF,40514
20260205,BU,20260203,1,TM LUSTROUS,SOYBEANS,YSB,151704720,CHINA,NEW ORLEANS,MISSISSIPPI R.,GULF,EAST GULF,68812
20260205,BU,20260204,1,SM SANTOS,SOYBEANS,YSB,152320220,CHINA,NEW ORLEANS,MISSISSIPPI R.,GULF,EAST GULF,69091
20260205,BU,20260202,1,LITO,SOYBEANS,YSB,146502100,CHINA,NEW ORLEANS,MISSISSIPPI R.,GULF,EAST GULF,66452
20260205,BU,20260205,1,LAMBI,WHEAT,SRW,13093860,VENEZUELA,NEW ORLEANS,MISSISSIPPI R.,GULF,EAST GULF,5939
20260205,BU,20260205,1,LAMBI,SOYBEANS,YSB,13855280,VENEZUELA,NEW ORLEANS,MISSISSIPPI R.,GULF,EAST GULF,6285
20260205,BU,20260205,1,SPRING CEFIRO,CORN,YC,118320890,MEXICO,NEW ORLEANS,MISSISSIPPI R.,GULF,EAST GULF,53669
20260205,BU,20260204,1,LOCH LOMOND,CORN,YC,61675560,MEXICO,NEW ORLEANS,MISSISSIPPI R.,GULF,EAST GULF,27976
20260205,BU,20260205,1,IOLAOS,CORN,YC,121251340,COLOMBIA,NEW ORLEANS,MISSISSIPPI R.,GULF,EAST GULF,54999
20260205,BU,20260205,1,VSC CASTOR,CORN,YC,86087880,COLOMBIA,NEW ORLEANS,MISSISSIPPI R.,GULF,EAST GULF,39049
20260205,BU,20260205,1,VSC CASTOR,WHEAT,SRW,20710280,COLOMBIA,NEW ORLEANS,MISSISSIPPI R.,GULF,EAST GULF,9394
20260205,BU,20260205,1,PENGHU SW,CORN,YC,17527480,DOMINICN REP,NEW ORLEANS,MISSISSIPPI R.,GULF,EAST GULF,7950
20260205,BU,20260205,1,BSM FANGCHENG,SOYBEANS,YSB,125854710,GERMANY,NEW ORLEANS,MISSISSIPPI R.,GULF,EAST GULF,57087
20260205,BU,20260205,1,STAR ANTARES,CORN,YC,72453140,HONDURAS,NEW ORLEANS,MISSISSIPPI R.,GULF,EAST GULF,32864
20260205,BU,20260204,1,CORE IMPERIAL,SOYBEANS,YSB,125851130,EGYPT,NEW ORLEANS,MISSISSIPPI R.,GULF,EAST GULF,57085
20260205,BU,20260204,1,TAI SPRING,CORN,WHC,13893770,COLOMBIA,NEW ORLEANS,MISSISSIPPI R.,GULF,EAST GULF,6302
20260212,BU,20260206,1,PENGHU SW,WHEAT,HRW,11150070,DOMINICN REP,NEW ORLEANS,MISSISSIPPI R.,GULF,EAST GULF,5058
20260212,BU,20260206,1,TAI STRIDE,CORN,YC,47093680,JAPAN,NEW ORLEANS,MISSISSIPPI R.,GULF,EAST GULF,21361
20260212,BU,20260206,1,TAI STRIDE,SOYBEANS,YSB,66998120,JAPAN,NEW ORLEANS,MISSISSIPPI R.,GULF,EAST GULF,30390
20260212,BU,20260207,1,KONSTANTINOS D,CORN,YC,109123680,MEXICO,NEW ORLEANS,MISSISSIPPI R.,GULF,EAST GULF,49498
20260212,BU,20260206,1,NORDIC MERCHANTS,CORN,YC,16782080,EL SALVADOR,NEW ORLEANS,MISSISSIPPI R.,GULF,EAST GULF,7612
20260212,BU,20260207,1,NORDIC MERCHANTS,CORN,WHC,17403400,EL SALVADOR,NEW ORLEANS,MISSISSIPPI R.,GULF,EAST GULF,7894
20260212,BU,20260207,1,NORDIC MERCHANTS,WHEAT,SRW,26384680,EL SALVADOR,NEW ORLEANS,MISSISSIPPI R.,GULF,EAST GULF,11968
20260212,BU,20260208,1,ULTRA TATIO,WHEAT,HRW,29224940,DOMINICN REP,NEW ORLEANS,MISSISSIPPI R.,GULF,EAST GULF,13256
20260212,BU,20260208,1,ULTRA TATIO,WHEAT,HRS,14124320,DOMINICN REP,NEW ORLEANS,MISSISSIPPI R.,GULF,EAST GULF,6407
20260212,BU,20260208,1,AFRICAN SANDPIPER,SOYBEANS,YSB,112580120,JAPAN,NEW ORLEANS,MISSISSIPPI R.,GULF,EAST GULF,51065
20260212,BU,20260208,1,PAN QUEST,CORN,YC,50397740,NETHERLANDS,NEW ORLEANS,MISSISSIPPI R.,GULF,EAST GULF,22860
20260212,BU,20260206,1,MARIELENA,SOYBEANS,YSB,152947980,CHINA,NEW ORLEANS,MISSISSIPPI R.,GULF,EAST GULF,69376
20260212,BU,20260206,1,EVA SUNRISE,CORN,YC,81106040,IRELAND,NEW ORLEANS,MISSISSIPPI R.,GULF,EAST GULF,36789
20260212,BU,20260207,1,ORIENT POINT,SOYBEANS,YSB,153656160,CHINA,NEW ORLEANS,MISSISSIPPI R.,GULF,EAST GULF,69697
20260212,BU,20260206,1,TAI SPRING,CORN,YC,60625850,COLOMBIA,NEW ORLEANS,MISSISSIPPI R.,GULF,EAST GULF,27499
20260212,BU,20260208,1,SOUNION,CORN,YC,90528020,COLOMBIA,NEW ORLEANS,MISSISSIPPI R.,GULF,EAST GULF,41063
20260212,BU,20260207,1,CL YINGTAN,SOYBEANS,YSB,154969500,CHINA,NEW ORLEANS,MISSISSIPPI R.,GULF,EAST GULF,70293
20260212,BU,20260209,1,URUGUAY,CORN,YC,71450620,COLOMBIA,NEW ORLEANS,MISSISSIPPI R.,GULF,EAST GULF,32409
20260212,BU,20260209,1,STRATEGIC ALLIANCE,SOYBEANS,YSB,45815480,MEXICO,NEW ORLEANS,MISSISSIPPI R.,GULF,EAST GULF,20782
20260212,BU,20260208,1,STRATEGIC ALLIANCE,WHEAT,SRW,15874140,MEXICO,NEW ORLEANS,MISSISSIPPI R.,GULF,EAST GULF,7200
20260212,BU,20260209,1,STRATEGIC ALLIANCE,WHEAT,HRS,13941680,MEXICO,NEW ORLEANS,MISSISSIPPI R.,GULF,EAST GULF,6324
20260212,BU,20260210,1,ADELANTE,SOYBEANS,YSB,152784405,CHINA,NEW ORLEANS,MISSISSIPPI R.,GULF,EAST GULF,69302
20260212,BU,20260210,1,PORT OSHIMA,SOYBEANS,YSB,132641760,EGYPT,NEW ORLEANS,MISSISSIPPI R.,GULF,EAST GULF,60165
20260212,BU,20260209,1,STAR WAVE,CORN,YC,130434700,MEXICO,NEW ORLEANS,MISSISSIPPI R.,GULF,EAST GULF,59164
20260212,BU,20260210,1,PAC SEGINUS,SOYBEANS,YSB,56116560,KOREA REP,NEW ORLEANS,MISSISSIPPI R.,GULF,EAST GULF,25454
20260212,BU,20260207,1,LEFKES,CORN,YC,65456460,DOMINICN REP,NEW ORLEANS,MISSISSIPPI R.,GULF,EAST GULF,29691
20260212,BU,20260208,1,ASTRA PERSEUS,CORN,YC,23809730,COLOMBIA,NEW ORLEANS,MISSISSIPPI R.,GULF,EAST GULF,10800
20260212,BU,20260208,1,ASTRA PERSEUS,SOYBEANS,YSB,22486900,COLOMBIA,NEW ORLEANS,MISSISSIPPI R.,GULF,EAST GULF,10200
20260212,BU,20260210,1,STRATEGIC EQUITY,CORN,YC,60625100,MEXICO,NEW ORLEANS,MISSISSIPPI R.,GULF,EAST GULF,27499
20260212,BU,20260210,1,UBC TAMPA,CORN,YC,72751800,MEXICO,NEW ORLEANS,MISSISSIPPI R.,GULF,EAST GULF,33000
20260212,BU,20260209,1,SSI FORMIDABLE II,CORN,YC,77601780,ALGERIA,NEW ORLEANS,MISSISSIPPI R.,GULF,EAST GULF,35200
20260212,BU,20260212,1,VALENTINA,CORN,YC,69224820,HONDURAS,NEW ORLEANS,MISSISSIPPI R.,GULF,EAST GULF,31400
20260212,BU,20260211,1,ASL IRIS,SOYBEANS,YSB,127572640,EGYPT,NEW ORLEANS,MISSISSIPPI R.,GULF,EAST GULF,57866
20260212,BU,20260212,1,PAC SUHAIL,SOYBEANS,YSB,54601620,INDONESIA,NEW ORLEANS,MISSISSIPPI R.,GULF,EAST GULF,24767
20260212,BU,20260211,1,GALATEIA,SOYBEANS,YSB,156084020,CHINA,NEW ORLEANS,MISSISSIPPI R.,GULF,EAST GULF,70799
20260212,BU,20260207,1,ULTRA TATIO,WHEAT,SRW,26832900,DOMINICN REP,NEW ORLEANS,MISSISSIPPI R.,GULF,EAST GULF,12171
20260212,BU,20260212,1,ESTELA CLAIRE,SOYBEANS,YSB,152570180,CHINA,NEW ORLEANS,MISSISSIPPI R.,GULF,EAST GULF,69205
20260212,BU,20260212,1,ANNA SCHULTE,CORN,YC,22333540,JAPAN,NEW ORLEANS,MISSISSIPPI R.,GULF,EAST GULF,10130
20260212,BU,20260210,1,BELMONTE,CORN,YC,155800720,IRELAND,NEW ORLEANS,MISSISSIPPI R.,GULF,EAST GULF,70670
20260212,BU,20260211,1,AMIS QUEEN,CORN,YC,48501200,COLOMBIA,NEW ORLEANS,MISSISSIPPI R.,GULF,EAST GULF,22000
20260219,BU,20260213,1,ANNA SCHULTE,CORN,YC,71288160,JAPAN,NEW ORLEANS,MISSISSIPPI R.,GULF,EAST GULF,32336
20260219,BU,20260213,1,ANNA SCHULTE,CORN,WHC,20960480,JAPAN,NEW ORLEANS,MISSISSIPPI R.,GULF,EAST GULF,9508
20260219,BU,20260213,1,JADE,CORN,YC,106784500,COLOMBIA,NEW ORLEANS,MISSISSIPPI R.,GULF,EAST GULF,48437
20260219,BU,20260214,1,ORAWA,CORN,YC,73794340,MOROCCO,NEW ORLEANS,MISSISSIPPI R.,GULF,EAST GULF,33473
20260219,BU,20260213,1,JEWEL OF SHINAS,CORN,YC,82432940,MEXICO,NEW ORLEANS,MISSISSIPPI R.,GULF,EAST GULF,37391
20260219,BU,20260214,1,BH FORTUNE,SOYBEANS,YSB,151926180,CHINA,NEW ORLEANS,MISSISSIPPI R.,GULF,EAST GULF,68913
20260219,BU,20260214,1,BUNUN FORTUNE,WHEAT,SRW,49696600,PERU,NEW ORLEANS,MISSISSIPPI R.,GULF,EAST GULF,22542
20260219,BU,20260214,1,BUNUN FORTUNE,SOYBEANS,YSB,27673060,PERU,NEW ORLEANS,MISSISSIPPI R.,GULF,EAST GULF,12552
20260219,BU,20260215,1,DESERT LEOPARD,WHEAT,SRW,63052520,NIGERIA,NEW ORLEANS,MISSISSIPPI R.,GULF,EAST GULF,28600
20260219,BU,20260215,1,LIVADI,CORN,YC,71867400,VENEZUELA,NEW ORLEANS,MISSISSIPPI R.,GULF,EAST GULF,32599
20260219,BU,20260215,1,CAIPIRINHA,CORN,WHC,72750260,MEXICO,NEW ORLEANS,MISSISSIPPI R.,GULF,EAST GULF,32999
20260219,BU,20260215,1,VALIANT SAPPHIRE,SOYBEANS,YSB,73063120,JAPAN,NEW ORLEANS,MISSISSIPPI R.,GULF,EAST GULF,33141
20260219,BU,20260213,1,JNS SEA,CORN,YC,60626230,COLOMBIA,NEW ORLEANS,MISSISSIPPI R.,GULF,EAST GULF,27500
20260219,BU,20260213,1,JNS SEA,SOYBEANS,YSB,16971450,COLOMBIA,NEW ORLEANS,MISSISSIPPI R.,GULF,EAST GULF,7698
20260219,BU,20260216,1,FRIEDERIKE,SOYBEANS,YSB,116491060,EGYPT,NEW ORLEANS,MISSISSIPPI R.,GULF,EAST GULF,52839
20260219,BU,20260214,1,VALIANT SAPPHIRE,CORN,YC,10045480,JAPAN,NEW ORLEANS,MISSISSIPPI R.,GULF,EAST GULF,4557
20260219,BU,20260215,1,FEDERAL CARIBOU,WHEAT,SRW,72751240,ECUADOR,NEW ORLEANS,MISSISSIPPI R.,GULF,EAST GULF,32999
20260219,BU,20260216,1,SUZANNA D,CORN,YC,43300840,GUATEMALA,NEW ORLEANS,MISSISSIPPI R.,GULF,EAST GULF,19641
20260219,BU,20260216,1,SUZANNA D,WHEAT,SRW,16490280,GUATEMALA,NEW ORLEANS,MISSISSIPPI R.,GULF,EAST GULF,7480
20260219,BU,20260217,1,AETOLIA,CORN,YC,123129320,EGYPT,NEW ORLEANS,MISSISSIPPI R.,GULF,EAST GULF,55851
20260219,BU,20260216,1,HANZE GENUA,CORN,YC,67338260,MEXICO,NEW ORLEANS,MISSISSIPPI R.,GULF,EAST GULF,30544
20260219,BU,20260217,1,APOLLON TRADER,CORN,YC,82684040,ALGERIA,NEW ORLEANS,MISSISSIPPI R.,GULF,EAST GULF,37505
20260219,BU,20260217,1,MARINA I,SOYBEANS,YSB,151880540,CHINA,NEW ORLEANS,MISSISSIPPI R.,GULF,EAST GULF,68892
20260219,BU,20260218,1,AMMOXOSTOS,SOYBEANS,YSB,151676530,CHINA,NEW ORLEANS,MISSISSIPPI R.,GULF,EAST GULF,68799
20260219,BU,20260218,1,IRIS K,SOYBEANS,YSB,57844360,MEXICO,NEW ORLEANS,MISSISSIPPI R.,GULF,EAST GULF,26238
20260219,BU,20260217,1,IRIS K,WHEAT,HRW,13259600,MEXICO,NEW ORLEANS,MISSISSIPPI R.,GULF,EAST GULF,6014
20260219,BU,20260218,1,HANDY INCLUSIVITY,CORN,YC,64356440,NICARAGUA,NEW ORLEANS,MISSISSIPPI R.,GULF,EAST GULF,29192
20260219,BU,20260214,1,SUNRISE TRADER,SOYBEANS,YSB,157341800,CHINA,NEW ORLEANS,MISSISSIPPI R.,GULF,EAST GULF,71369
20260219,BU,20260216,1,CALOBRA,CORN,YC,73192580,IRELAND,NEW ORLEANS,MISSISSIPPI R.,GULF,EAST GULF,33200
20260219,BU,20260216,1,JPS BARCELONA,CORN,YC,64352090,COLOMBIA,NEW ORLEANS,MISSISSIPPI R.,GULF,EAST GULF,29190
20260219,BU,20260218,1,SAPIENTZA,CORN,YC,52373090,COLOMBIA,NEW ORLEANS,MISSISSIPPI R.,GULF,EAST GULF,23756
20260219,BU,20260219,1,ARIETTA,CORN,YC,73687640,ALGERIA,NEW ORLEANS,MISSISSIPPI R.,GULF,EAST GULF,33424
20260219,BU,20260218,1,NORD   CHESAPEAKE,CORN,YC,93402720,JAPAN,NEW ORLEANS,MISSISSIPPI R.,GULF,EAST GULF,42367
20260219,BU,20260218,1,NORD CHESAPEAKE,CORN,YC,21823760,JAPAN,NEW ORLEANS,MISSISSIPPI R.,GULF,EAST GULF,9899
20260219,BU,20260218,1,SSI RELIANCE,CORN,YC,76058720,ALGERIA,NEW ORLEANS,MISSISSIPPI R.,GULF,EAST GULF,34500
20260219,BU,20260215,1,VALIANT SAPPHIRE,CORN,YC,29224060,JAPAN,NEW ORLEANS,MISSISSIPPI R.,GULF,EAST GULF,13256
20260219,BU,20260219,1,KNIDOS-M,SOYBEANS,YSB,16337350,COLOMBIA,NEW ORLEANS,MISSISSIPPI R.,GULF,EAST GULF,7410
20260219,BU,20260219,1,KNIDOS-M,CORN,YC,52843640,COLOMBIA,NEW ORLEANS,MISSISSIPPI R.,GULF,EAST GULF,23969
20260219,BU,20260213,1,GLOBAL VEGA,CORN,YC,50398780,JAPAN,NEW ORLEANS,MISSISSIPPI R.,GULF,EAST GULF,22861
20260219,BU,20260213,1,GLOBAL VEGA,SOYBEANS,YSB,38577720,JAPAN,NEW ORLEANS,MISSISSIPPI R.,GULF,EAST GULF,17499
20260219,BU,20260213,1,GLOBAL VEGA,CORN,YC,22018540,JAPAN,NEW ORLEANS,MISSISSIPPI R.,GULF,EAST GULF,9987
20260219,BU,20260218,1,SAPIENTZA,WHEAT,SRW,8487280,COLOMBIA,NEW ORLEANS,MISSISSIPPI R.,GULF,EAST GULF,3850
20260219,BU,20260218,1,DUCHESS ROSARIO,CORN,YC,117845160,SAUDI ARABIA,NEW ORLEANS,MISSISSIPPI R.,GULF,EAST GULF,53454
20260219,BU,20260218,1,DUCHESS ROSARIO,SOYBEANS,YSB,45726260,SAUDI ARABIA,NEW ORLEANS,MISSISSIPPI R.,GULF,EAST GULF,20741
20260219,BU,20260219,1,FEDERICA,CORN,YC,13337660,UN KINGDOM,NEW ORLEANS,MISSISSIPPI R.,GULF,EAST GULF,6050
20260226,BU,20260220,1,ULTRA COUGAR,SOYBEANS,YSB,154779380,CHINA,NEW ORLEANS,MISSISSIPPI R.,GULF,EAST GULF,70207
20260226,BU,20260220,1,OCEAN DREAM,SOYBEANS,YSB,154775870,CHINA,NEW ORLEANS,MISSISSIPPI R.,GULF,EAST GULF,70205
20260226,BU,20260221,1,INCE POINT,CORN,YC,57331800,MEXICO,NEW ORLEANS,MISSISSIPPI R.,GULF,EAST GULF,26005
20260226,BU,20260220,1,INCE POINT,SOYBEANS,YSB,13226140,MEXICO,NEW ORLEANS,MISSISSIPPI R.,GULF,EAST GULF,5999
20260226,BU,20260221,1,JY LAKE,CORN,YC,157623340,SPAIN,NEW ORLEANS,MISSISSIPPI R.,GULF,EAST GULF,71497
20260226,BU,20260222,1,ARKLOW SPRAY,CORN,YC,70436980,MEXICO,NEW ORLEANS,MISSISSIPPI R.,GULF,EAST GULF,31950
20260226,BU,20260221,1,JAMNO,WHEAT,HRW,15430220,HONDURAS,NEW ORLEANS,MISSISSIPPI R.,GULF,EAST GULF,6999
20260226,BU,20260222,1,JAMNO,WHEAT,SRW,15659980,HONDURAS,NEW ORLEANS,MISSISSIPPI R.,GULF,EAST GULF,7103
20260226,BU,20260222,1,ULTRA UNITY,CORN,YC,66452100,COSTA RICA,NEW ORLEANS,MISSISSIPPI R.,GULF,EAST GULF,30142
20260226,BU,20260221,1,ULTRA UNITY,SOYBEANS,YSB,27557100,COSTA RICA,NEW ORLEANS,MISSISSIPPI R.,GULF,EAST GULF,12500
20260226,BU,20260222,1,FU RONG FENG,SOYBEANS,YSB,144665880,CHINA,NEW ORLEANS,MISSISSIPPI R.,GULF,EAST GULF,65619
20260226,BU,20260222,1,BBC APOLLO,CORN,YC,45925080,EL SALVADOR,NEW ORLEANS,MISSISSIPPI R.,GULF,EAST GULF,20831
20260226,BU,20260221,1,PLATE QUEEN,CORN,YC,112654970,MEXICO,NEW ORLEANS,MISSISSIPPI R.,GULF,EAST GULF,51099
20260226,BU,20260222,1,CLIPPER SARA,CORN,YC,16975420,GUATEMALA,NEW ORLEANS,MISSISSIPPI R.,GULF,EAST GULF,7700
20260226,BU,20260221,1,JAMNO,WHEAT,HRW,14217070,AFGHANISTAN,NEW ORLEANS,MISSISSIPPI R.,GULF,EAST GULF,6449
20260226,BU,20260223,1,OCEAN DILIGENCE,CORN,YC,106324320,HONDURAS,NEW ORLEANS,MISSISSIPPI R.,GULF,EAST GULF,48228
20260226,BU,20260223,1,ATLANTIC NORTH,CORN,YC,74792680,GUATEMALA,NEW ORLEANS,MISSISSIPPI R.,GULF,EAST GULF,33925
20260226,BU,20260221,1,ATTALIA,SOYBEANS,YSB,152162860,CHINA,NEW ORLEANS,MISSISSIPPI R.,GULF,EAST GULF,69020
20260226,BU,20260222,1,JAMNO,CORN,WHC,20856600,HONDURAS,NEW ORLEANS,MISSISSIPPI R.,GULF,EAST GULF,9460
20260226,BU,20260223,1,EPTALOFOS,SOYBEANS,YSB,167375265,GERMANY,NEW ORLEANS,MISSISSIPPI R.,GULF,EAST GULF,75920
20260226,BU,20260223,1,SAKURA HARMONY,CORN,WHC,16224920,GUATEMALA,NEW ORLEANS,MISSISSIPPI R.,GULF,EAST GULF,7360
20260226,BU,20260223,1,UBC SANTOS,CORN,YC,23037720,TRINIDAD,NEW ORLEANS,MISSISSIPPI R.,GULF,EAST GULF,10450
20260226,BU,20260223,1,UBC SANTOS,WHEAT,HRS,13431940,TRINIDAD,NEW ORLEANS,MISSISSIPPI R.,GULF,EAST GULF,6093
20260226,BU,20260223,1,UBC SANTOS,WHEAT,SRW,8719260,TRINIDAD,NEW ORLEANS,MISSISSIPPI R.,GULF,EAST GULF,3955
20260226,BU,20260223,1,LOTUS,CORN,YC,163146360,SAUDI ARABIA,NEW ORLEANS,MISSISSIPPI R.,GULF,EAST GULF,74002
20260226,BU,20260224,1,SANTA CENTELLAR,CORN,YC,135362470,SPAIN,NEW ORLEANS,MISSISSIPPI R.,GULF,EAST GULF,61399
20260226,BU,20260224,1,BLUE RIDGE,SOYBEANS,YSB,153208240,CHINA,NEW ORLEANS,MISSISSIPPI R.,GULF,EAST GULF,69494
20260226,BU,20260224,1,IONIC SPIRIT,CORN,YC,62795740,MEXICO,NEW ORLEANS,MISSISSIPPI R.,GULF,EAST GULF,28484
20260226,BU,20260224,1,IONIC SPIRIT,SOYBEANS,YSB,43897240,MEXICO,NEW ORLEANS,MISSISSIPPI R.,GULF,EAST GULF,19911
20260226,BU,20260224,1,ASTERAS,WHEAT,SRW,22151960,MEXICO,NEW ORLEANS,MISSISSIPPI R.,GULF,EAST GULF,10048
20260226,BU,20260225,1,ASTERAS,CORN,YC,83890020,MEXICO,NEW ORLEANS,MISSISSIPPI R.,GULF,EAST GULF,38052
20260226,BU,20260225,1,TWIN DELIGHT,CORN,YC,83118540,ALGERIA,NEW ORLEANS,MISSISSIPPI R.,GULF,EAST GULF,37702
20260226,BU,20260221,1,MANDARIN SINGAPORE,SOYBEANS,YSB,107916440,CHINA,NEW ORLEANS,MISSISSIPPI R.,GULF,EAST GULF,48950
20260226,BU,20260225,1,NORD ALLEGRO,CORN,YC,70220030,COLOMBIA,NEW ORLEANS,MISSISSIPPI R.,GULF,EAST GULF,31851
20260226,BU,20260225,1,JEWEL OF SHINAS,CORN,YC,45710020,JAPAN,NEW ORLEANS,MISSISSIPPI R.,GULF,EAST GULF,20734
20260226,BU,20260225,1,JEWEL OF SHINAS,CORN,YC,20630810,JAPAN,NEW ORLEANS,MISSISSIPPI R.,GULF,EAST GULF,9358
20260226,BU,20260226,1,JEWEL OF SHINAS,SOYBEANS,YSB,23148240,JAPAN,NEW ORLEANS,MISSISSIPPI R.,GULF,EAST GULF,10500
20260226,BU,20260226,1,JEWEL OF SHINAS,CORN,YC,13314260,JAPAN,NEW ORLEANS,MISSISSIPPI R.,GULF,EAST GULF,6039
20260226,BU,20260226,1,JEWEL OF SHINAS,CORN,WHC,5715210,JAPAN,NEW ORLEANS,MISSISSIPPI R.,GULF,EAST GULF,2592
20260226,BU,20260226,1,LEMESSOS LION,SOYBEANS,YSB,141910120,CHINA,NEW ORLEANS,MISSISSIPPI R.,GULF,EAST GULF,64369
20260226,BU,20260225,1,LAOURA,CORN,YC,77592600,ALGERIA,NEW ORLEANS,MISSISSIPPI R.,GULF,EAST GULF,35195
20260226,BU,20260226,1,MISTRAL I,SOYBEANS,YSB,153425260,CHINA,NEW ORLEANS,MISSISSIPPI R.,GULF,EAST GULF,69593
20260226,BU,20260225,1,FEDERAL INFINITY,CORN,WHC,29100460,COLOMBIA,NEW ORLEANS,MISSISSIPPI R.,GULF,EAST GULF,13200
20260226,BU,20260226,1,MELOI,CORN,YC,70643580,ALGERIA,NEW ORLEANS,MISSISSIPPI R.,GULF,EAST GULF,32043
20260226,BU,20260226,1,ALBION BAY,CORN,YC,89712700,COSTA RICA,NEW ORLEANS,MISSISSIPPI R.,GULF,EAST GULF,40693
20260226,BU,20260222,1,RB LEAH,SOYBEANS,YSB,151043560,CHINA,NEW ORLEANS,MISSISSIPPI R.,GULF,EAST GULF,68512
20260226,BU,20260226,1,AVALON TRADER,CORN,YC,63050660,MEXICO,NEW ORLEANS,MISSISSIPPI R.,GULF,EAST GULF,28599
20260226,BU,20260224,1,KAMBOS,SOYBEANS,YSB,11257080,VENEZUELA,NEW ORLEANS,MISSISSIPPI R.,GULF,EAST GULF,5106
20260226,BU,20260226,1,KAMBOS,CORN,WHC,60165480,VENEZUELA,NEW ORLEANS,MISSISSIPPI R.,GULF,EAST GULF,27291
20260226,BU,20260225,1,FEDERAL INFINITY,CORN,YC,91062340,COLOMBIA,NEW ORLEANS,MISSISSIPPI R.,GULF,EAST GULF,41305
20260226,BU,20260226,1,SANTA CAROLINA,SOYBEANS,YSB,125792140,GERMANY,NEW ORLEANS,MISSISSIPPI R.,GULF,EAST GULF,57058
20260226,BU,20260226,1,RB DYLAN,WHEAT,SRW,15875920,COLOMBIA,NEW ORLEANS,MISSISSIPPI R.,GULF,EAST GULF,7201
20260305,BU,20260227,1,SOFIA R,CORN,YC,76388600,ALGERIA,NEW ORLEANS,MISSISSIPPI R.,GULF,EAST GULF,34649
20260305,BU,20260227,1,UBC THESSALONIKI,CORN,YC,50284720,MEXICO,NEW ORLEANS,MISSISSIPPI R.,GULF,EAST GULF,22809
20260305,BU,20260227,1,MANHASSET QUEEN,SOYBEANS,YSB,127124730,EGYPT,NEW ORLEANS,MISSISSIPPI R.,GULF,EAST GULF,57663
20260305,BU,20260228,1,RB DYLAN,WHEAT,HRW,4803180,COLOMBIA,NEW ORLEANS,MISSISSIPPI R.,GULF,EAST GULF,2179
20260305,BU,20260301,1,RB DYLAN,CORN,YC,72751580,COLOMBIA,NEW ORLEANS,MISSISSIPPI R.,GULF,EAST GULF,33000
20260305,BU,20260301,1,GENCO VIGILANT,CORN,YC,133368400,MEXICO,NEW ORLEANS,MISSISSIPPI R.,GULF,EAST GULF,60495
20260305,BU,20260301,1,NORDTAJO,CORN,YC,79981920,DOMINICN REP,NEW ORLEANS,MISSISSIPPI R.,GULF,EAST GULF,36279
20260305,BU,20260301,1,PORT NAGOYA,CORN,WHC,60621700,COLOMBIA,NEW ORLEANS,MISSISSIPPI R.,GULF,EAST GULF,27498
20260305,BU,20260301,1,PORT NAGOYA,CORN,YC,12124560,COLOMBIA,NEW ORLEANS,MISSISSIPPI R.,GULF,EAST GULF,5500
20260305,BU,20260301,1,CAPRICORN CONFIDENCE,SOYBEANS,YSB,124742570,EGYPT,NEW ORLEANS,MISSISSIPPI R.,GULF,EAST GULF,56582
20260305,BU,20260302,1,VALENTIA BLUE,CORN,YC,121252220,COLOMBIA,NEW ORLEANS,MISSISSIPPI R.,GULF,EAST GULF,54999
20260305,BU,20260301,1,CORINNA,SOYBEANS,YSB,154282175,CHINA,NEW ORLEANS,MISSISSIPPI R.,GULF,EAST GULF,69981
20260305,BU,20260227,1,AFRICAN BATELEUR,SOYBEANS,YSB,134605460,INDONESIA,NEW ORLEANS,MISSISSIPPI R.,GULF,EAST GULF,61056
20260305,BU,20260302,1,LEFKES,CORN,WHC,69424890,VENEZUELA,NEW ORLEANS,MISSISSIPPI R.,GULF,EAST GULF,31491
20260305,BU,20260302,1,CRIMSON AMBER,SOYBEANS,YSB,153689860,CHINA,NEW ORLEANS,MISSISSIPPI R.,GULF,EAST GULF,69713
20260305,BU,20260302,1,EQUINOX MELIDA,CORN,YC,55267690,PANAMA,NEW ORLEANS,MISSISSIPPI R.,GULF,EAST GULF,25069
20260305,BU,20260302,1,CHARIOTEER,CORN,WHC,74401300,MEXICO,NEW ORLEANS,MISSISSIPPI R.,GULF,EAST GULF,33748
20260305,BU,20260302,1,EQUINOX MELIDA,SOYBEANS,YSB,16198730,PANAMA,NEW ORLEANS,MISSISSIPPI R.,GULF,EAST GULF,7348
20260305,BU,20260303,1,MANDARIN NOBLE,CORN,YC,59857240,COLOMBIA,NEW ORLEANS,MISSISSIPPI R.,GULF,EAST GULF,27151
20260305,BU,20260302,1,MANDARIN NOBLE,WHEAT,SRW,25256660,COLOMBIA,NEW ORLEANS,MISSISSIPPI R.,GULF,EAST GULF,11456
20260305,BU,20260303,1,MANDARIN NOBLE,SOYBEANS,YSB,21768800,COLOMBIA,NEW ORLEANS,MISSISSIPPI R.,GULF,EAST GULF,9874
20260305,BU,20260303,1,LAMBI,CORN,YC,73432260,MOROCCO,NEW ORLEANS,MISSISSIPPI R.,GULF,EAST GULF,33308
20260305,BU,20260303,1,PAC CAPELLA,SOYBEANS,YSB,55118100,INDONESIA,NEW ORLEANS,MISSISSIPPI R.,GULF,EAST GULF,25001
20260305,BU,20260301,1,KALEY,CORN,YC,98898380,PANAMA,NEW ORLEANS,MISSISSIPPI R.,GULF,EAST GULF,44860
20260305,BU,20260304,1,PELICAN ISLAND,CORN,YC,98277380,COLOMBIA,NEW ORLEANS,MISSISSIPPI R.,GULF,EAST GULF,44578
20260305,BU,20260304,1,SACHI,CORN,YC,106702340,MEXICO,NEW ORLEANS,MISSISSIPPI R.,GULF,EAST GULF,48399
20260305,BU,20260303,1,SACHI,WHEAT,SRW,9700120,MEXICO,NEW ORLEANS,MISSISSIPPI R.,GULF,EAST GULF,4400
20260305,BU,20260304,1,DESERT MOON,CORN,YC,56627990,MEXICO,NEW ORLEANS,MISSISSIPPI R.,GULF,EAST GULF,25686
20260305,BU,20260304,1,DESERT MOON,SOYBEANS,YSB,48065460,MEXICO,NEW ORLEANS,MISSISSIPPI R.,GULF,EAST GULF,21802
20260305,BU,20260228,1,SW SOUTH WIND I,CORN,YC,119275200,EGYPT,NEW ORLEANS,MISSISSIPPI R.,GULF,EAST GULF,54102
20260305,BU,20260302,1,AKMI,SOYBEANS,YSB,47606840,COLOMBIA,NEW ORLEANS,MISSISSIPPI R.,GULF,EAST GULF,21594
20260305,BU,20260301,1,AKMI,CORN,YC,24250540,COLOMBIA,NEW ORLEANS,MISSISSIPPI R.,GULF,EAST GULF,11000
20260305,BU,20260304,1,CENTURY EMERALD,CORN,YC,9316000,ST. VINCENT,NEW ORLEANS,MISSISSIPPI R.,GULF,EAST GULF,4226
20260305,BU,20260304,1,CENTURY EMERALD,WHEAT,HRW,7495060,ST. VINCENT,NEW ORLEANS,MISSISSIPPI R.,GULF,EAST GULF,3400
20260305,BU,20260304,1,CENTURY EMERALD,WHEAT,HRS,5291020,ST. VINCENT,NEW ORLEANS,MISSISSIPPI R.,GULF,EAST GULF,2400
20260305,BU,20260305,1,KYTHIRA,CORN,YC,45252200,GUATEMALA,NEW ORLEANS,MISSISSIPPI R.,GULF,EAST GULF,20526
20260305,BU,20260305,1,KYTHIRA,WHEAT,SRW,14179420,GUATEMALA,NEW ORLEANS,MISSISSIPPI R.,GULF,EAST GULF,6432
20260305,BU,20260304,1,ASTURCON,CORN,YC,72753720,MEXICO,NEW ORLEANS,MISSISSIPPI R.,GULF,EAST GULF,33001
20260305,BU,20260305,1,ATHOS M,SOYBEANS,YSB,151463760,CHINA,NEW ORLEANS,MISSISSIPPI R.,GULF,EAST GULF,68703
20260305,BU,20260305,1,UBC TAMPA,CORN,WHC,72751800,VENEZUELA,NEW ORLEANS,MISSISSIPPI R.,GULF,EAST GULF,33000
20260312,BU,20260306,1,BALSA 93,WHEAT,SRW,15433380,DOMINICN REP,NEW ORLEANS,MISSISSIPPI R.,GULF,EAST GULF,7000
20260312,BU,20260306,1,GEIYO  K,CORN,YC,107555940,COLOMBIA,NEW ORLEANS,MISSISSIPPI R.,GULF,EAST GULF,48787
20260312,BU,20260306,1,LEMESSOS WIND,SOYBEANS,YSB,144704900,CHINA,NEW ORLEANS,MISSISSIPPI R.,GULF,EAST GULF,65637
20260312,BU,20260306,1,JABAL SHAMS,CORN,YC,97001240,COLOMBIA,NEW ORLEANS,MISSISSIPPI R.,GULF,EAST GULF,43999
20260312,BU,20260306,1,BBC MARS,CORN,WHC,35783290,EL SALVADOR,NEW ORLEANS,MISSISSIPPI R.,GULF,EAST GULF,16231
20260312,BU,20260306,1,BBC MARS,CORN,YC,17710230,EL SALVADOR,NEW ORLEANS,MISSISSIPPI R.,GULF,EAST GULF,8033
20260312,BU,20260307,1,WESER POINT,CORN,YC,115204500,SAUDI ARABIA,NEW ORLEANS,MISSISSIPPI R.,GULF,EAST GULF,52256
20260312,BU,20260307,1,WESER POINT,SOYBEANS,YSB,44302440,SAUDI ARABIA,NEW ORLEANS,MISSISSIPPI R.,GULF,EAST GULF,20095
20260312,BU,20260307,1,INCE POINT,SOYBEANS,YSB,10471680,MEXICO,NEW ORLEANS,MISSISSIPPI R.,GULF,EAST GULF,4750
20260312,BU,20260307,1,INCE POINT,CORN,YC,59876830,MEXICO,NEW ORLEANS,MISSISSIPPI R.,GULF,EAST GULF,27160
20260312,BU,20260308,1,YUN LONG FENG,SOYBEANS,YSB,133378030,EGYPT,NEW ORLEANS,MISSISSIPPI R.,GULF,EAST GULF,60499
20260312,BU,20260309,1,INTERLINK SOLIDITY,CORN,YC,60624240,NICARAGUA,NEW ORLEANS,MISSISSIPPI R.,GULF,EAST GULF,27499
20260312,BU,20260308,1,UBC  TAKORADI,CORN,YC,27803720,GUATEMALA,NEW ORLEANS,MISSISSIPPI R.,GULF,EAST GULF,12612
20260312,BU,20260309,1,LOWLANDS FREEDOM,CORN,YC,91250210,JAPAN,NEW ORLEANS,MISSISSIPPI R.,GULF,EAST GULF,41390
20260312,BU,20260309,1,CAPT EUGENE,CORN,YC,72976660,MEXICO,NEW ORLEANS,MISSISSIPPI R.,GULF,EAST GULF,33102
20260312,BU,20260308,1,CAPT EUGENE,WHEAT,SRW,24250460,MEXICO,NEW ORLEANS,MISSISSIPPI R.,GULF,EAST GULF,11000
20260312,BU,20260309,1,CAPT EUGENE,WHEAT,HRW,12124440,MEXICO,NEW ORLEANS,MISSISSIPPI R.,GULF,EAST GULF,5500
20260312,BU,20260308,1,LOWLANDS FREEDOM,CORN,YC,23387600,JAPAN,NEW ORLEANS,MISSISSIPPI R.,GULF,EAST GULF,10608
20260312,BU,20260307,1,MEDI TIRRENO,CORN,YC,109125580,MEXICO,NEW ORLEANS,MISSISSIPPI R.,GULF,EAST GULF,49499
20260312,BU,20260308,1,STAMINA DIVA,CORN,YC,157620380,SPAIN,NEW ORLEANS,MISSISSIPPI R.,GULF,EAST GULF,71495
20260312,BU,20260309,1,GLOBAL HOSPITALITY,SOYBEANS,YSB,22835680,JAPAN,NEW ORLEANS,MISSISSIPPI R.,GULF,EAST GULF,10358
20260312,BU,20260308,1,PAIWAN ACE,CORN,YC,81409020,VENEZUELA,NEW ORLEANS,MISSISSIPPI R.,GULF,EAST GULF,36927
20260312,BU,20260306,1,GOLDEN KIKU,CORN,YC,156192760,SPAIN,NEW ORLEANS,MISSISSIPPI R.,GULF,EAST GULF,70848
20260312,BU,20260310,1,GLOBAL HOSPITALITY,CORN,YC,87936440,JAPAN,NEW ORLEANS,MISSISSIPPI R.,GULF,EAST GULF,39887
20260312,BU,20260310,1,UBC TARRAGONA,CORN,YC,46296620,JAMAICA,NEW ORLEANS,MISSISSIPPI R.,GULF,EAST GULF,21000
20260312,BU,20260310,1,KRAIT,CORN,YC,52532330,EL SALVADOR,NEW ORLEANS,MISSISSIPPI R.,GULF,EAST GULF,23828
20260312,BU,20260310,1,KALLISTI,CORN,YC,72419280,MEXICO,NEW ORLEANS,MISSISSIPPI R.,GULF,EAST GULF,32849
20260312,BU,20260310,1,TANZANITE,CORN,YC,102187540,MEXICO,NEW ORLEANS,MISSISSIPPI R.,GULF,EAST GULF,46352
20260312,BU,20260311,1,SEABEE,CORN,YC,48398990,MOROCCO,NEW ORLEANS,MISSISSIPPI R.,GULF,EAST GULF,21953
20260312,BU,20260311,1,CENTURY GOLD,WHEAT,HRS,28045750,JAMAICA,NEW ORLEANS,MISSISSIPPI R.,GULF,EAST GULF,12721
20260312,BU,20260311,1,CENTURY GOLD,WHEAT,SRW,4821300,JAMAICA,NEW ORLEANS,MISSISSIPPI R.,GULF,EAST GULF,2187
20260312,BU,20260306,1,CS JINAN,SOYBEANS,YSB,152603560,CHINA,NEW ORLEANS,MISSISSIPPI R.,GULF,EAST GULF,69220
20260312,BU,20260306,1,BBG TIESHAN,SOYBEANS,YSB,152773580,CHINA,NEW ORLEANS,MISSISSIPPI R.,GULF,EAST GULF,69297
20260312,BU,20260309,1,POSEIDON S,SOYBEANS,YSB,109944200,EGYPT,NEW ORLEANS,MISSISSIPPI R.,GULF,EAST GULF,49870
20260312,BU,20260310,1,ALKIMOS HERACLES,SOYBEANS,YSB,152997080,CHINA,NEW ORLEANS,MISSISSIPPI R.,GULF,EAST GULF,69398
20260312,BU,20260311,1,ORIENT PRESTIGE,CORN,YC,65189225,IRELAND,NEW ORLEANS,MISSISSIPPI R.,GULF,EAST GULF,29569
20260312,BU,20260311,1,T CLEVER,CORN,YC,55666620,GUATEMALA,NEW ORLEANS,MISSISSIPPI R.,GULF,EAST GULF,25250
20260312,BU,20260312,1,DSI POLARIS,CORN,YC,128007480,COLOMBIA,NEW ORLEANS,MISSISSIPPI R.,GULF,EAST GULF,58063
20260312,BU,20260306,1,PORT KYOTO,SOYBEANS,YSB,132390030,EGYPT,NEW ORLEANS,MISSISSIPPI R.,GULF,EAST GULF,60051
20260312,BU,20260311,1,BAYRAKTAR UNITY,SOYBEANS,YSB,120205200,EGYPT,NEW ORLEANS,MISSISSIPPI R.,GULF,EAST GULF,54524
20260312,BU,20260312,1,UBC HALIFAX,CORN,YC,72748360,VENEZUELA,NEW ORLEANS,MISSISSIPPI R.,GULF,EAST GULF,32998
20260312,BU,20260310,1,KRAIT,CORN,WHC,26676690,EL SALVADOR,NEW ORLEANS,MISSISSIPPI R.,GULF,EAST GULF,12100
20260319,BU,20260313,1,PLATE QUEEN,CORN,YC,97000440,DOMINICN REP,NEW ORLEANS,MISSISSIPPI R.,GULF,EAST GULF,43999
20260319,BU,20260313,1,BULK BRENTON,CORN,YC,70326600,MEXICO,NEW ORLEANS,MISSISSIPPI R.,GULF,EAST GULF,31900
20260319,BU,20260313,1,ASTERAS,SOYBEANS,YSB,105386080,JAPAN,NEW ORLEANS,MISSISSIPPI R.,GULF,EAST GULF,47802
20260319,BU,20260313,1,PACIFIC BLISS,SOYBEANS,YSB,150425240,CHINA,NEW ORLEANS,MISSISSIPPI R.,GULF,EAST GULF,68232
20260319,BU,20260313,1,FORTUNE AQUA,CORN,YC,102980460,COLOMBIA,NEW ORLEANS,MISSISSIPPI R.,GULF,EAST GULF,46711
20260319,BU,20260314,1,ULTRA OSORNO,CORN,YC,70216500,DOMINICN REP,NEW ORLEANS,MISSISSIPPI R.,GULF,EAST GULF,31850
20260319,BU,20260314,1,GENCO MADELEINE,SOYBEANS,YSB,125227760,CHINA,NEW ORLEANS,MISSISSIPPI R.,GULF,EAST GULF,56802
20260319,BU,20260314,1,MYKONOS DAWN,CORN,YC,78027820,ALGERIA,NEW ORLEANS,MISSISSIPPI R.,GULF,EAST GULF,35393
20260319,BU,20260315,1,GLBS MAGIC,CORN,YC,133376560,SPAIN,NEW ORLEANS,MISSISSIPPI R.,GULF,EAST GULF,60499
20260319,BU,20260314,1,KERASIA S,CORN,YC,12125140,MEXICO,NEW ORLEANS,MISSISSIPPI R.,GULF,EAST GULF,5500
20260319,BU,20260315,1,KERASIA S,WHEAT,SRW,57666900,MEXICO,NEW ORLEANS,MISSISSIPPI R.,GULF,EAST GULF,26157
20260319,BU,20260316,1,QIAN DAO HU,CORN,YC,48200420,JAPAN,NEW ORLEANS,MISSISSIPPI R.,GULF,EAST GULF,21863
20260319,BU,20260316,1,QIAN DAO HU,CORN,YC,24087320,JAPAN,NEW ORLEANS,MISSISSIPPI R.,GULF,EAST GULF,10926
20260319,BU,20260315,1,IONIC SPIRIT,CORN,YC,62888450,MEXICO,NEW ORLEANS,MISSISSIPPI R.,GULF,EAST GULF,28526
20260319,BU,20260315,1,IONIC SPIRIT,SOYBEANS,YSB,43972580,MEXICO,NEW ORLEANS,MISSISSIPPI R.,GULF,EAST GULF,19946
20260319,BU,20260313,1,UBC SAGUNTO,SOYBEANS,YSB,24321440,VENEZUELA,NEW ORLEANS,MISSISSIPPI R.,GULF,EAST GULF,11032
20260319,BU,20260313,1,UBC SAGUNTO,WHEAT,HRW,13893000,VENEZUELA,NEW ORLEANS,MISSISSIPPI R.,GULF,EAST GULF,6302
20260319,BU,20260313,1,UBC SAGUNTO,WHEAT,SRW,14549780,VENEZUELA,NEW ORLEANS,MISSISSIPPI R.,GULF,EAST GULF,6600
20260319,BU,20260313,1,TAI SPLENDOR,SOYBEANS,YSB,124146120,EGYPT,NEW ORLEANS,MISSISSIPPI R.,GULF,EAST GULF,56312
20260319,BU,20260315,1,SOPOT,CORN,YC,74408060,MEXICO,NEW ORLEANS,MISSISSIPPI R.,GULF,EAST GULF,33751
20260319,BU,20260317,1,IRIS K,WHEAT,HRW,37877400,MEXICO,NEW ORLEANS,MISSISSIPPI R.,GULF,EAST GULF,17181
20260319,BU,20260316,1,IRIS K,CORN,WHC,33192620,MEXICO,NEW ORLEANS,MISSISSIPPI R.,GULF,EAST GULF,15056
20260319,BU,20260317,1,EVA,SOYBEANS,YSB,153358540,CHINA,NEW ORLEANS,MISSISSIPPI R.,GULF,EAST GULF,69562
20260319,BU,20260316,1,BERGE RYSY,SOYBEANS,YSB,20141370,COLOMBIA,NEW ORLEANS,MISSISSIPPI R.,GULF,EAST GULF,9136
20260319,BU,20260316,1,REGINA,SOYBEANS,YSB,154196005,CHINA,NEW ORLEANS,MISSISSIPPI R.,GULF,EAST GULF,69942
20260319,BU,20260317,1,DE XIN HAI,SOYBEANS,YSB,145404200,CHINA,NEW ORLEANS,MISSISSIPPI R.,GULF,EAST GULF,65954
20260319,BU,20260317,1,ARUNA EAGLE,CORN,YC,74946770,MEXICO,NEW ORLEANS,MISSISSIPPI R.,GULF,EAST GULF,33995
20260319,BU,20260316,1,QIAN DAO HU,SOYBEANS,YSB,23143220,JAPAN,NEW ORLEANS,MISSISSIPPI R.,GULF,EAST GULF,10498
20260319,BU,20260317,1,PERTH l,CORN,YC,83805540,NICARAGUA,NEW ORLEANS,MISSISSIPPI R.,GULF,EAST GULF,38014
20260319,BU,20260317,1,PERTH l,WHEAT,SRW,21765520,NICARAGUA,NEW ORLEANS,MISSISSIPPI R.,GULF,EAST GULF,9873
20260319,BU,20260314,1,CAPE AKAMAS,SOYBEANS,YSB,145945245,CHINA,NEW ORLEANS,MISSISSIPPI R.,GULF,EAST GULF,66200
20260319,BU,20260314,1,STAR MYSTIC,CORN,YC,72750020,COLOMBIA,NEW ORLEANS,MISSISSIPPI R.,GULF,EAST GULF,32999
20260319,BU,20260318,1,CRIMSON DELIGHT,SOYBEANS,YSB,46757660,JAPAN,NEW ORLEANS,MISSISSIPPI R.,GULF,EAST GULF,21209
20260319,BU,20260318,1,CRIMSON DELIGHT,CORN,YC,11057540,JAPAN,NEW ORLEANS,MISSISSIPPI R.,GULF,EAST GULF,5016
20260319,BU,20260318,1,IOANNA,CORN,YC,30401400,DOMINICN REP,NEW ORLEANS,MISSISSIPPI R.,GULF,EAST GULF,13790
20260319,BU,20260318,1,IOANNA,WHEAT,SRW,16172520,DOMINICN REP,NEW ORLEANS,MISSISSIPPI R.,GULF,EAST GULF,7336
20260319,BU,20260317,1,ETG UBUNTU,CORN,YC,68403240,COLOMBIA,NEW ORLEANS,MISSISSIPPI R.,GULF,EAST GULF,31027
20260319,BU,20260317,1,BERGE RYSY,CORN,YC,47480250,COLOMBIA,NEW ORLEANS,MISSISSIPPI R.,GULF,EAST GULF,21537
20260319,BU,20260315,1,ALPHA PROGRESS,WHEAT,SRW,150743960,CHINA,NEW ORLEANS,MISSISSIPPI R.,GULF,EAST GULF,68376
20260319,BU,20260318,1,CRIMSON DELIGHT,CORN,YC,42883400,JAPAN,NEW ORLEANS,MISSISSIPPI R.,GULF,EAST GULF,19452
20260319,BU,20260319,1,ROYAL,CORN,WHC,29343080,HONDURAS,NEW ORLEANS,MISSISSIPPI R.,GULF,EAST GULF,13310
20260319,BU,20260319,1,ALORA,CORN,YC,88622840,MEXICO,NEW ORLEANS,MISSISSIPPI R.,GULF,EAST GULF,40199
20260319,BU,20260319,1,ALORA,WHEAT,SRW,24250040,MEXICO,NEW ORLEANS,MISSISSIPPI R.,GULF,EAST GULF,11000
20260319,BU,20260319,1,DEVBULK SINEM,CORN,YC,77595440,DOMINICN REP,NEW ORLEANS,MISSISSIPPI R.,GULF,EAST GULF,35197
20260319,BU,20260319,1,GENCO VIGILANT,CORN,YC,133372980,MEXICO,NEW ORLEANS,MISSISSIPPI R.,GULF,EAST GULF,60497
20260319,BU,20260319,1,MARVELOUS STAR,SOYBEANS,YSB,149800090,EGYPT,NEW ORLEANS,MISSISSIPPI R.,GULF,EAST GULF,67948
20260319,BU,20260318,1,AVALON TRADER,CORN,YC,77600400,GUATEMALA,NEW ORLEANS,MISSISSIPPI R.,GULF,EAST GULF,35199
20260319,BU,20260319,1,HAMPTON OCEAN,CORN,YC,155746580,SPAIN,NEW ORLEANS,MISSISSIPPI R.,GULF,EAST GULF,70645
20260319,BU,20260319,1,SUN VIL II,CORN,YC,106044480,COLOMBIA,NEW ORLEANS,MISSISSIPPI R.,GULF,EAST GULF,48101
20260319,BU,20260319,1,BAO HE LING,WHEAT,SRW,13719400,GUATEMALA,NEW ORLEANS,MISSISSIPPI R.,GULF,EAST GULF,6223
20260319,BU,20260315,1,INDIAN BULKER,CORN,YC,80025700,ALGERIA,NEW ORLEANS,MISSISSIPPI R.,GULF,EAST GULF,36299
20260319,BU,20260319,1,BRIGHT HORIZON,WHEAT,SRW,33950520,AFGHANISTAN,NEW ORLEANS,MISSISSIPPI R.,GULF,EAST GULF,15400
20260326,BU,20260320,1,TJ PELICANS,CORN,YC,73308720,JAPAN,NEW ORLEANS,MISSISSIPPI R.,GULF,EAST GULF,33252
20260326,BU,20260320,1,TJ PELICANS,CORN,YC,23150980,JAPAN,NEW ORLEANS,MISSISSIPPI R.,GULF,EAST GULF,10501
20260326,BU,20260320,1,TJ PELICANS,CORN,YC,13780540,JAPAN,NEW ORLEANS,MISSISSIPPI R.,GULF,EAST GULF,6251
20260326,BU,20260320,1,FERMITA,CORN,YC,97918080,COLOMBIA,NEW ORLEANS,MISSISSIPPI R.,GULF,EAST GULF,44415
20260326,BU,20260320,1,JULES POINT,CORN,YC,49105480,MEXICO,NEW ORLEANS,MISSISSIPPI R.,GULF,EAST GULF,22274
20260326,BU,20260320,1,ELEOUSSA,SOYBEANS,YSB,117385750,EGYPT,NEW ORLEANS,MISSISSIPPI R.,GULF,EAST GULF,53245
20260326,BU,20260321,1,BAO HE LING,CORN,YC,41415060,GUATEMALA,NEW ORLEANS,MISSISSIPPI R.,GULF,EAST GULF,18786
20260326,BU,20260321,1,OCEAN LEGEND,SOYBEANS,YSB,148723360,CHINA,NEW ORLEANS,MISSISSIPPI R.,GULF,EAST GULF,67460
20260326,BU,20260321,1,KAMBOS,CORN,YC,72748450,VENEZUELA,NEW ORLEANS,MISSISSIPPI R.,GULF,EAST GULF,32998
20260326,BU,20260321,1,YASA SATURN,CORN,YC,75174340,MEXICO,NEW ORLEANS,MISSISSIPPI R.,GULF,EAST GULF,34099
20260326,BU,20260321,1,BIRDIE,CORN,WHC,91257360,VENEZUELA,NEW ORLEANS,MISSISSIPPI R.,GULF,EAST GULF,41394
20260326,BU,20260322,1,ROYAL,CORN,YC,22552660,HONDURAS,NEW ORLEANS,MISSISSIPPI R.,GULF,EAST GULF,10230
20260326,BU,20260322,1,CL JINGDEZHEN,SOYBEANS,YSB,155635080,CHINA,NEW ORLEANS,MISSISSIPPI R.,GULF,EAST GULF,70595
20260326,BU,20260323,1,OCEAN RELAY,CORN,YC,46518550,MOROCCO,NEW ORLEANS,MISSISSIPPI R.,GULF,EAST GULF,21100
20260326,BU,20260323,1,ROYAL QUEST,WHEAT,SRW,16534420,HONDURAS,NEW ORLEANS,MISSISSIPPI R.,GULF,EAST GULF,7500
20260326,BU,20260323,1,ROYAL QUEST,CORN,YC,91391660,HONDURAS,NEW ORLEANS,MISSISSIPPI R.,GULF,EAST GULF,41455
20260326,BU,20260323,1,LOWLANDS HOPE,CORN,YC,78805800,COLOMBIA,NEW ORLEANS,MISSISSIPPI R.,GULF,EAST GULF,35746
20260326,BU,20260323,1,UBC THESSALONIKI,CORN,YC,30209340,GUATEMALA,NEW ORLEANS,MISSISSIPPI R.,GULF,EAST GULF,13703
20260326,BU,20260324,1,NAVIOS CHRISTINE B,CORN,YC,87190600,COLOMBIA,NEW ORLEANS,MISSISSIPPI R.,GULF,EAST GULF,39549
20260326,BU,20260322,1,SAKURA HARMONY,CORN,YC,51371940,PANAMA,NEW ORLEANS,MISSISSIPPI R.,GULF,EAST GULF,23302
20260326,BU,20260322,1,LUNITA,CORN,YC,97787800,COLOMBIA,NEW ORLEANS,MISSISSIPPI R.,GULF,EAST GULF,44356
20260326,BU,20260322,1,LUNITA,SOYBEANS,YSB,22813300,COLOMBIA,NEW ORLEANS,MISSISSIPPI R.,GULF,EAST GULF,10348
20260326,BU,20260323,1,PAC DUBHE,SOYBEANS,YSB,54550840,KOREA REP,NEW ORLEANS,MISSISSIPPI R.,GULF,EAST GULF,24744
20260326,BU,20260324,1,IONIC UNITED,CORN,YC,127699410,EGYPT,NEW ORLEANS,MISSISSIPPI R.,GULF,EAST GULF,57923
20260326,BU,20260324,1,TEAL BULKER,CORN,YC,108995600,COLOMBIA,NEW ORLEANS,MISSISSIPPI R.,GULF,EAST GULF,49440
20260326,BU,20260323,1,UBC STOCKHOLM,CORN,WHC,57366840,VENEZUELA,NEW ORLEANS,MISSISSIPPI R.,GULF,EAST GULF,26021
20260326,BU,20260324,1,SAPIENTZA,SOYBEANS,YSB,52481980,COLOMBIA,NEW ORLEANS,MISSISSIPPI R.,GULF,EAST GULF,23805
20260326,BU,20260325,1,SAPIENTZA,CORN,YC,30660910,COLOMBIA,NEW ORLEANS,MISSISSIPPI R.,GULF,EAST GULF,13908
20260326,BU,20260325,1,ASL ERA,CORN,YC,83399710,JAPAN,NEW ORLEANS,MISSISSIPPI R.,GULF,EAST GULF,37829
20260326,BU,20260324,1,ASL ERA,CORN,YC,27117300,JAPAN,NEW ORLEANS,MISSISSIPPI R.,GULF,EAST GULF,12300
20260326,BU,20260325,1,VIGOR OL,CORN,YC,84546840,VENEZUELA,NEW ORLEANS,MISSISSIPPI R.,GULF,EAST GULF,38350
20260326,BU,20260322,1,UNITED HALO,SOYBEANS,YSB,17784280,JAPAN,NEW ORLEANS,MISSISSIPPI R.,GULF,EAST GULF,8067
20260326,BU,20260323,1,UNITED HALO,CORN,YC,25352920,JAPAN,NEW ORLEANS,MISSISSIPPI R.,GULF,EAST GULF,11500
20260326,BU,20260321,1,UNITED HALO,CORN,YC,25352820,JAPAN,NEW ORLEANS,MISSISSIPPI R.,GULF,EAST GULF,11500
20260326,BU,20260325,1,REGINA S,CORN,YC,75262800,ALGERIA,NEW ORLEANS,MISSISSIPPI R.,GULF,EAST GULF,34139
20260326,BU,20260324,1,ELEOVRYTISSA,WHEAT,HRW,49086040,MEXICO,NEW ORLEANS,MISSISSIPPI R.,GULF,EAST GULF,22265
20260326,BU,20260326,1,MAPLE ARROW,WHEAT,SRW,21582480,NICARAGUA,NEW ORLEANS,MISSISSIPPI R.,GULF,EAST GULF,9790
20260326,BU,20260325,1,PAC LIBRA,SOYBEANS,YSB,76462740,INDONESIA,NEW ORLEANS,MISSISSIPPI R.,GULF,EAST GULF,34683
20260326,BU,20260324,1,UNITED HALO,SOYBEANS,YSB,38356440,JAPAN,NEW ORLEANS,MISSISSIPPI R.,GULF,EAST GULF,17398
20260326,BU,20260326,1,BERGE BEN NEVIS,CORN,YC,69996760,GUATEMALA,NEW ORLEANS,MISSISSIPPI R.,GULF,EAST GULF,31750
20260326,BU,20260325,1,BERGE BEN NEVIS,WHEAT,SRW,5569660,GUATEMALA,NEW ORLEANS,MISSISSIPPI R.,GULF,EAST GULF,2526
20260326,BU,20260325,1,ELEOVRYTISSA,WHEAT,SRW,29760360,MEXICO,NEW ORLEANS,MISSISSIPPI R.,GULF,EAST GULF,13499
20260326,BU,20260326,1,JAGUAR,CORN,YC,51652850,EL SALVADOR,NEW ORLEANS,MISSISSIPPI R.,GULF,EAST GULF,23429
20260326,BU,20260326,1,MARATHASSA,SOYBEANS,YSB,150640000,CHINA,NEW ORLEANS,MISSISSIPPI R.,GULF,EAST GULF,68329
20260326,BU,20260326,1,MAPLE ARROW,SOYBEANS,YSB,31525600,NICARAGUA,NEW ORLEANS,MISSISSIPPI R.,GULF,EAST GULF,14300
20260326,BU,20260326,1,YASA  BEGONIA,WHEAT,SRW,23936760,ECUADOR,NEW ORLEANS,MISSISSIPPI R.,GULF,EAST GULF,10858
20260326,BU,20260322,1,DESERT MOON,WHEAT,SRW,52870980,NIGERIA,NEW ORLEANS,MISSISSIPPI R.,GULF,EAST GULF,23982
20260402,BU,20260327,1,SYROS l,CORN,YC,164674100,PORTUGAL,NEW ORLEANS,MISSISSIPPI R.,GULF,EAST GULF,74695
20260402,BU,20260327,1,NM CHERRY BLOSSOM,CORN,YC,63654820,PANAMA,NEW ORLEANS,MISSISSIPPI R.,GULF,EAST GULF,28873
20260402,BU,20260327,1,ZY YULONG,CORN,YC,97705120,PANAMA,NEW ORLEANS,MISSISSIPPI R.,GULF,EAST GULF,44318
20260402,BU,20260328,1,GENCO WASP,CORN,YC,70482550,COLOMBIA,NEW ORLEANS,MISSISSIPPI R.,GULF,EAST GULF,31970
20260402,BU,20260327,1,GENCO WASP,SOYBEANS,YSB,22543070,COLOMBIA,NEW ORLEANS,MISSISSIPPI R.,GULF,EAST GULF,10225
20260402,BU,20260328,1,SAKURA L,CORN,YC,134519120,IRELAND,NEW ORLEANS,MISSISSIPPI R.,GULF,EAST GULF,61017
20260402,BU,20260327,1,CHARIOTEER,CORN,WHC,74418520,MEXICO,NEW ORLEANS,MISSISSIPPI R.,GULF,EAST GULF,33756
20260402,BU,20260327,1,SEATTLE HARMONY,WHEAT,HRW,17925450,HONDURAS,NEW ORLEANS,MISSISSIPPI R.,GULF,EAST GULF,8131
20260402,BU,20260328,1,SEATTLE HARMONY,WHEAT,SRW,17528750,HONDURAS,NEW ORLEANS,MISSISSIPPI R.,GULF,EAST GULF,7951
20260402,BU,20260328,1,PACIFIC NEXUS,CORN,YC,86284280,JAPAN,NEW ORLEANS,MISSISSIPPI R.,GULF,EAST GULF,39138
20260402,BU,20260328,1,PACIFIC NEXUS,CORN,YC,22989860,JAPAN,NEW ORLEANS,MISSISSIPPI R.,GULF,EAST GULF,10428
20260402,BU,20260329,1,CENTURY QUEEN,CORN,YC,12337360,GRENADA,NEW ORLEANS,MISSISSIPPI R.,GULF,EAST GULF,5596
20260402,BU,20260329,1,CENTURY QUEEN,SOYBEANS,YSB,5749880,GRENADA,NEW ORLEANS,MISSISSIPPI R.,GULF,EAST GULF,2608
20260402,BU,20260328,1,CENTURY QUEEN,WHEAT,HRS,9892550,GRENADA,NEW ORLEANS,MISSISSIPPI R.,GULF,EAST GULF,4487
20260402,BU,20260329,1,IRIS K,CORN,YC,59258940,MEXICO,NEW ORLEANS,MISSISSIPPI R.,GULF,EAST GULF,26879
20260402,BU,20260328,1,IRIS K,SOYBEANS,YSB,10679980,MEXICO,NEW ORLEANS,MISSISSIPPI R.,GULF,EAST GULF,4844
20260402,BU,20260329,1,ARAUCARIA,CORN,YC,49711850,VENEZUELA,NEW ORLEANS,MISSISSIPPI R.,GULF,EAST GULF,22549
20260402,BU,20260330,1,MAROUDIO,CORN,YC,78810450,COLOMBIA,NEW ORLEANS,MISSISSIPPI R.,GULF,EAST GULF,35748
20260402,BU,20260327,1,GOLDEN GLINT,SOYBEANS,YSB,126000480,CHINA,NEW ORLEANS,MISSISSIPPI R.,GULF,EAST GULF,57153
20260402,BU,20260327,1,LINDSAYLOU,CORN,YC,95949475,EGYPT,NEW ORLEANS,MISSISSIPPI R.,GULF,EAST GULF,43522
20260402,BU,20260330,1,DEVBULK DENIZ,CORN,YC,49051760,EL SALVADOR,NEW ORLEANS,MISSISSIPPI R.,GULF,EAST GULF,22250
20260402,BU,20260328,1,CENTURY QUEEN,WHEAT,SRW,2866040,GRENADA,NEW ORLEANS,MISSISSIPPI R.,GULF,EAST GULF,1300
20260402,BU,20260328,1,FORTUNE DESTINY,CORN,WHC,48492640,COLOMBIA,NEW ORLEANS,MISSISSIPPI R.,GULF,EAST GULF,21996
20260402,BU,20260328,1,FORTUNE DESTINY,CORN,YC,71860920,COLOMBIA,NEW ORLEANS,MISSISSIPPI R.,GULF,EAST GULF,32596
20260402,BU,20260330,1,ARAGONA,CORN,YC,112443185,COLOMBIA,NEW ORLEANS,MISSISSIPPI R.,GULF,EAST GULF,51003
20260402,BU,20260329,1,FENG HE HAI,SOYBEANS,YSB,113058860,CHINA,NEW ORLEANS,MISSISSIPPI R.,GULF,EAST GULF,51283
20260402,BU,20260331,1,TOXOTIS,CORN,YC,117070780,IRELAND,NEW ORLEANS,MISSISSIPPI R.,GULF,EAST GULF,53102
20260402,BU,20260330,1,DEVBULK DENIZ,WHEAT,SRW,10222060,EL SALVADOR,NEW ORLEANS,MISSISSIPPI R.,GULF,EAST GULF,4637
20260402,BU,20260328,1,SEATTLE HARMONY,CORN,YC,17489520,HONDURAS,NEW ORLEANS,MISSISSIPPI R.,GULF,EAST GULF,7933
20260402,BU,20260331,1,DAIWAN INFINITY,CORN,YC,59003120,COLOMBIA,NEW ORLEANS,MISSISSIPPI R.,GULF,EAST GULF,26763
20260402,BU,20260331,1,DAIWAN INFINITY,SOYBEANS,YSB,12627480,COLOMBIA,NEW ORLEANS,MISSISSIPPI R.,GULF,EAST GULF,5728
20260402,BU,20260331,1,DELPHINUS,CORN,YC,37472000,GUATEMALA,NEW ORLEANS,MISSISSIPPI R.,GULF,EAST GULF,16997
20260402,BU,20260330,1,DELPHINUS,WHEAT,SRW,17266280,GUATEMALA,NEW ORLEANS,MISSISSIPPI R.,GULF,EAST GULF,7832
20260402,BU,20260331,1,SACHI,WHEAT,HRW,23166910,DOMINICN REP,NEW ORLEANS,MISSISSIPPI R.,GULF,EAST GULF,10508
20260402,BU,20260330,1,SACHI,WHEAT,SRW,26519760,DOMINICN REP,NEW ORLEANS,MISSISSIPPI R.,GULF,EAST GULF,12029
20260402,BU,20260331,1,SACHI,WHEAT,HRS,12125260,DOMINICN REP,NEW ORLEANS,MISSISSIPPI R.,GULF,EAST GULF,5500
20260402,BU,20260331,1,TAMBLING,CORN,YC,48497240,JAPAN,NEW ORLEANS,MISSISSIPPI R.,GULF,EAST GULF,21998
20260402,BU,20260330,1,TAMBLING,SOYBEANS,YSB,22527500,JAPAN,NEW ORLEANS,MISSISSIPPI R.,GULF,EAST GULF,10218
20260402,BU,20260401,1,SEAPEARL,CORN,YC,30917660,NICARAGUA,NEW ORLEANS,MISSISSIPPI R.,GULF,EAST GULF,14024
20260402,BU,20260401,1,IOANNIS THEO,CORN,YC,82968920,COSTA RICA,NEW ORLEANS,MISSISSIPPI R.,GULF,EAST GULF,37634
20260402,BU,20260331,1,TAMBLING,CORN,YC,41477810,JAPAN,NEW ORLEANS,MISSISSIPPI R.,GULF,EAST GULF,18814
20260402,BU,20260401,1,ASAHI OCEAN,CORN,WHC,68442120,MEXICO,NEW ORLEANS,MISSISSIPPI R.,GULF,EAST GULF,31045
20260402,BU,20260401,1,PORTAITISSA,CORN,YC,75068640,GUATEMALA,NEW ORLEANS,MISSISSIPPI R.,GULF,EAST GULF,34051
20260402,BU,20260402,1,SCARLET CYPRESS,CORN,YC,145500110,SPAIN,NEW ORLEANS,MISSISSIPPI R.,GULF,EAST GULF,65998
20260402,BU,20260402,1,PERA,CORN,YC,50100600,HONDURAS,NEW ORLEANS,MISSISSIPPI R.,GULF,EAST GULF,22725
20260402,BU,20260401,1,DYNA CRANE,CORN,YC,54561100,JAPAN,NEW ORLEANS,MISSISSIPPI R.,GULF,EAST GULF,24749
20260402,BU,20260401,1,DYNA CRANE,SOYBEANS,YSB,44803320,JAPAN,NEW ORLEANS,MISSISSIPPI R.,GULF,EAST GULF,20322
20260402,BU,20260331,1,DYNA CRANE,CORN,YC,11024680,JAPAN,NEW ORLEANS,MISSISSIPPI R.,GULF,EAST GULF,5001
20260402,BU,20260402,1,DENSA FALCON,CORN,YC,50463280,MEXICO,NEW ORLEANS,MISSISSIPPI R.,GULF,EAST GULF,22890
20260402,BU,20260402,1,AMFITRITI,CORN,YC,59668330,DOMINICN REP,NEW ORLEANS,MISSISSIPPI R.,GULF,EAST GULF,27065
20260402,BU,20260402,1,AMFITRITI,SOYBEANS,YSB,8816590,DOMINICN REP,NEW ORLEANS,MISSISSIPPI R.,GULF,EAST GULF,3999
20260402,BU,20260401,1,BENTLEY,SOYBEANS,YSB,152146700,CHINA,NEW ORLEANS,MISSISSIPPI R.,GULF,EAST GULF,69013
20260402,BU,20260402,1,GENCO VIGILANT,CORN,YC,134035520,MEXICO,NEW ORLEANS,MISSISSIPPI R.,GULF,EAST GULF,60798
20260409,BU,20260403,1,LIVADI,CORN,YC,73633910,VENEZUELA,NEW ORLEANS,MISSISSIPPI R.,GULF,EAST GULF,33400
20260409,BU,20260403,1,MEDI POSITANO,SOYBEANS,YSB,153441870,CHINA,NEW ORLEANS,MISSISSIPPI R.,GULF,EAST GULF,69600
20260409,BU,20260403,1,ARCOLA,CORN,YC,121248500,COLOMBIA,NEW ORLEANS,MISSISSIPPI R.,GULF,EAST GULF,54997
20260409,BU,20260404,1,CK ANGIE,SOYBEANS,YSB,152778760,CHINA,NEW ORLEANS,MISSISSIPPI R.,GULF,EAST GULF,69299
20260409,BU,20260404,1,IONIC SPIRIT,CORN,YC,62564190,MEXICO,NEW ORLEANS,MISSISSIPPI R.,GULF,EAST GULF,28379
20260409,BU,20260404,1,IONIC SPIRIT,SOYBEANS,YSB,26673530,MEXICO,NEW ORLEANS,MISSISSIPPI R.,GULF,EAST GULF,12099
20260409,BU,20260404,1,GENCO BRITTANY,WHEAT,SRW,9299810,EL SALVADOR,NEW ORLEANS,MISSISSIPPI R.,GULF,EAST GULF,4218
20260409,BU,20260405,1,GENCO BRITTANY,CORN,YC,60235790,EL SALVADOR,NEW ORLEANS,MISSISSIPPI R.,GULF,EAST GULF,27323
20260409,BU,20260404,1,TAC IMOLA,WHEAT,HRW,41225440,NICARAGUA,NEW ORLEANS,MISSISSIPPI R.,GULF,EAST GULF,18700
20260409,BU,20260403,1,TAC IMOLA,CORN,YC,17958770,NICARAGUA,NEW ORLEANS,MISSISSIPPI R.,GULF,EAST GULF,8146
20260409,BU,20260404,1,TAC IMOLA,WHEAT,HRS,17807860,NICARAGUA,NEW ORLEANS,MISSISSIPPI R.,GULF,EAST GULF,8078
20260409,BU,20260405,1,BREEZE,SOYBEANS,YSB,115758430,EGYPT,NEW ORLEANS,MISSISSIPPI R.,GULF,EAST GULF,52507
20260409,BU,20260405,1,PMS ENZIAN,SOYBEANS,YSB,27207280,COSTA RICA,NEW ORLEANS,MISSISSIPPI R.,GULF,EAST GULF,12341
20260409,BU,20260405,1,PMS ENZIAN,CORN,YC,67751120,COSTA RICA,NEW ORLEANS,MISSISSIPPI R.,GULF,EAST GULF,30731
20260409,BU,20260406,1,ALORA,CORN,YC,97777920,MEXICO,NEW ORLEANS,MISSISSIPPI R.,GULF,EAST GULF,44351
20260409,BU,20260403,1,ENDURO TRADER,CORN,YC,108944660,JAPAN,NEW ORLEANS,MISSISSIPPI R.,GULF,EAST GULF,49416
20260409,BU,20260404,1,MANINA,SOYBEANS,YSB,126051920,EGYPT,NEW ORLEANS,MISSISSIPPI R.,GULF,EAST GULF,57176
20260409,BU,20260404,1,MDS ARIADNE,CORN,YC,72619700,MEXICO,NEW ORLEANS,MISSISSIPPI R.,GULF,EAST GULF,32940
20260409,BU,20260405,1,BBG YULIN,SOYBEANS,YSB,155093890,CHINA,NEW ORLEANS,MISSISSIPPI R.,GULF,EAST GULF,70349
20260409,BU,20260406,1,TANZANITE,CORN,YC,109125720,MEXICO,NEW ORLEANS,MISSISSIPPI R.,GULF,EAST GULF,49499
20260409,BU,20260406,1,NY  SUNRISE,CORN,YC,73640720,MEXICO,NEW ORLEANS,MISSISSIPPI R.,GULF,EAST GULF,33403
20260409,BU,20260406,1,NORD SUNDA,CORN,YC,121251180,COLOMBIA,NEW ORLEANS,MISSISSIPPI R.,GULF,EAST GULF,54999
20260409,BU,20260406,1,TOSA HARMONY,CORN,YC,15865620,EL SALVADOR,NEW ORLEANS,MISSISSIPPI R.,GULF,EAST GULF,7197
20260409,BU,20260407,1,TOSA HARMONY,CORN,WHC,32254040,EL SALVADOR,NEW ORLEANS,MISSISSIPPI R.,GULF,EAST GULF,14630
20260409,BU,20260407,1,SORAL,CORN,YC,72750740,COLOMBIA,NEW ORLEANS,MISSISSIPPI R.,GULF,EAST GULF,32999
20260409,BU,20260403,1,GENCO BRITTANY,CORN,WHC,16962010,EL SALVADOR,NEW ORLEANS,MISSISSIPPI R.,GULF,EAST GULF,7694
20260409,BU,20260407,1,GENCO MAGIC,SOYBEANS,YSB,128164600,EGYPT,NEW ORLEANS,MISSISSIPPI R.,GULF,EAST GULF,58135
20260409,BU,20260408,1,AKMI,SOYBEANS,YSB,125715070,EGYPT,NEW ORLEANS,MISSISSIPPI R.,GULF,EAST GULF,57023
20260409,BU,20260408,1,TOMINI HARMONY,CORN,YC,133661810,SPAIN,NEW ORLEANS,MISSISSIPPI R.,GULF,EAST GULF,60628
20260409,BU,20260407,1,SZCZECIN,CORN,YC,49239740,DOMINICN REP,NEW ORLEANS,MISSISSIPPI R.,GULF,EAST GULF,22335
20260409,BU,20260408,1,NORDIC NANJING,CORN,YC,33526420,EL SALVADOR,NEW ORLEANS,MISSISSIPPI R.,GULF,EAST GULF,15207
20260409,BU,20260406,1,NORDIC NANJING,CORN,WHC,17379660,EL SALVADOR,NEW ORLEANS,MISSISSIPPI R.,GULF,EAST GULF,7883
20260409,BU,20260407,1,NORDIC NANJING,WHEAT,SRW,9234420,EL SALVADOR,NEW ORLEANS,MISSISSIPPI R.,GULF,EAST GULF,4189
20260409,BU,20260408,1,FJ DALIA,CORN,YC,39312840,JAPAN,NEW ORLEANS,MISSISSIPPI R.,GULF,EAST GULF,17832
20260409,BU,20260408,1,FJ DALIA,SOYBEANS,YSB,43611420,JAPAN,NEW ORLEANS,MISSISSIPPI R.,GULF,EAST GULF,19782
20260409,BU,20260407,1,FJ DALIA,CORN,YC,11577620,JAPAN,NEW ORLEANS,MISSISSIPPI R.,GULF,EAST GULF,5252
20260409,BU,20260409,1,SUMATRA,CORN,YC,61872640,MEXICO,NEW ORLEANS,MISSISSIPPI R.,GULF,EAST GULF,28065
20260409,BU,20260408,1,SUMATRA,WHEAT,HRW,15147120,MEXICO,NEW ORLEANS,MISSISSIPPI R.,GULF,EAST GULF,6871
20260409,BU,20260409,1,PHAEDRA,SOYBEANS,YSB,152047820,CHINA,NEW ORLEANS,MISSISSIPPI R.,GULF,EAST GULF,68968
20260409,BU,20260408,1,STAR COPENHAGEN,CORN,YC,132528880,SPAIN,NEW ORLEANS,MISSISSIPPI R.,GULF,EAST GULF,60114
20260409,BU,20260409,1,ARUNA EAGLE,CORN,YC,127943930,SPAIN,NEW ORLEANS,MISSISSIPPI R.,GULF,EAST GULF,58034
20260409,BU,20260409,1,WESTERN SANTIAGO,CORN,YC,84089080,COLOMBIA,NEW ORLEANS,MISSISSIPPI R.,GULF,EAST GULF,38142
20260409,BU,20260409,1,WESTERN SANTIAGO,SOYBEANS,YSB,27130280,COLOMBIA,NEW ORLEANS,MISSISSIPPI R.,GULF,EAST GULF,12306
20260416,BU,20260411,1,SORSI,WHEAT,SRW,22211380,MEXICO,NEW ORLEANS,MISSISSIPPI R.,GULF,EAST GULF,10075
20260416,BU,20260410,1,CHRISTIANA P,SOYBEANS,YSB,151603580,CHINA,NEW ORLEANS,MISSISSIPPI R.,GULF,EAST GULF,68766
20260416,BU,20260411,1,UBC TAMPA,CORN,YC,55774300,MEXICO,NEW ORLEANS,MISSISSIPPI R.,GULF,EAST GULF,25299
20260416,BU,20260411,1,ARCHON,SOYBEANS,YSB,155126760,CHINA,NEW ORLEANS,MISSISSIPPI R.,GULF,EAST GULF,70364
20260416,BU,20260410,1,ULTRA OSORNO,WHEAT,SRW,72752740,PERU,NEW ORLEANS,MISSISSIPPI R.,GULF,EAST GULF,33000
20260416,BU,20260411,1,INLAND SEA,CORN,YC,76846460,DOMINICN REP,NEW ORLEANS,MISSISSIPPI R.,GULF,EAST GULF,34857
20260416,BU,20260410,1,AQUAGEMINI,SOYBEANS,YSB,55119440,JAPAN,NEW ORLEANS,MISSISSIPPI R.,GULF,EAST GULF,25002
20260416,BU,20260410,1,IRIS K,CORN,YC,70217860,MEXICO,NEW ORLEANS,MISSISSIPPI R.,GULF,EAST GULF,31850
20260416,BU,20260412,1,AQUAGEMINI,CORN,YC,30936580,JAPAN,NEW ORLEANS,MISSISSIPPI R.,GULF,EAST GULF,14033
20260416,BU,20260412,1,MILA SAN,CORN,YC,73094700,MEXICO,NEW ORLEANS,MISSISSIPPI R.,GULF,EAST GULF,33155
20260416,BU,20260413,1,MUSKY,CORN,YC,43198740,VENEZUELA,NEW ORLEANS,MISSISSIPPI R.,GULF,EAST GULF,19595
20260416,BU,20260412,1,GENCO LANGUEDOC,CORN,YC,119692520,MEXICO,NEW ORLEANS,MISSISSIPPI R.,GULF,EAST GULF,54292
20260416,BU,20260412,1,ANGELIC BREEZE,SOYBEANS,YSB,3213600,JAPAN,NEW ORLEANS,MISSISSIPPI R.,GULF,EAST GULF,1458
20260416,BU,20260412,1,AQUAGEMINI,CORN,YC,25732280,JAPAN,NEW ORLEANS,MISSISSIPPI R.,GULF,EAST GULF,11672
20260416,BU,20260412,1,ANGELIC BREEZE,CORN,YC,30564500,JAPAN,NEW ORLEANS,MISSISSIPPI R.,GULF,EAST GULF,13864
20260416,BU,20260413,1,ANGELIC BREEZE,SOYBEANS,YSB,78846260,JAPAN,NEW ORLEANS,MISSISSIPPI R.,GULF,EAST GULF,35764
20260416,BU,20260411,1,BOYANG TAURUS,CORN,YC,155716040,SPAIN,NEW ORLEANS,MISSISSIPPI R.,GULF,EAST GULF,70632
20260416,BU,20260410,1,SPRING CEFIRO,WHEAT,SRW,24249930,ECUADOR,NEW ORLEANS,MISSISSIPPI R.,GULF,EAST GULF,11000
20260416,BU,20260412,1,SPRING ZEPHYR,CORN,YC,63637580,COLOMBIA,NEW ORLEANS,MISSISSIPPI R.,GULF,EAST GULF,28866
20260416,BU,20260411,1,SORSI,CORN,YC,96999980,MEXICO,NEW ORLEANS,MISSISSIPPI R.,GULF,EAST GULF,43998
20260416,BU,20260413,1,TAC DAYTONA,CORN,YC,18192210,HONDURAS,NEW ORLEANS,MISSISSIPPI R.,GULF,EAST GULF,8252
20260416,BU,20260414,1,TAC DAYTONA,WHEAT,HRW,14631140,HONDURAS,NEW ORLEANS,MISSISSIPPI R.,GULF,EAST GULF,6637
20260416,BU,20260414,1,JULES POINT,CORN,YC,57552160,MEXICO,NEW ORLEANS,MISSISSIPPI R.,GULF,EAST GULF,26105
20260416,BU,20260414,1,TAC DAYTONA,WHEAT,SRW,17262910,HONDURAS,NEW ORLEANS,MISSISSIPPI R.,GULF,EAST GULF,7830
20260416,BU,20260413,1,DALARNA,CORN,WHC,75438080,VENEZUELA,NEW ORLEANS,MISSISSIPPI R.,GULF,EAST GULF,34218
20260416,BU,20260414,1,OMISHIMA,CORN,YC,72749770,COLOMBIA,NEW ORLEANS,MISSISSIPPI R.,GULF,EAST GULF,32999
20260416,BU,20260414,1,STAR SINGAPORE,CORN,YC,32386860,JAPAN,NEW ORLEANS,MISSISSIPPI R.,GULF,EAST GULF,14690
20260416,BU,20260414,1,STAR SINGAPORE,CORN,YC,13110840,JAPAN,NEW ORLEANS,MISSISSIPPI R.,GULF,EAST GULF,5947
20260416,BU,20260413,1,STAR SINGAPORE,CORN,YC,7284700,JAPAN,NEW ORLEANS,MISSISSIPPI R.,GULF,EAST GULF,3304
20260416,BU,20260414,1,STAR SINGAPORE,CORN,YC,22680420,JAPAN,NEW ORLEANS,MISSISSIPPI R.,GULF,EAST GULF,10288
20260416,BU,20260412,1,STAR SINGAPORE,CORN,YC,11712700,JAPAN,NEW ORLEANS,MISSISSIPPI R.,GULF,EAST GULF,5313
20260416,BU,20260413,1,STAR SINGAPORE,CORN,YC,26033400,JAPAN,NEW ORLEANS,MISSISSIPPI R.,GULF,EAST GULF,11809
20260416,BU,20260414,1,PEDHOULAS FIGHTER,SOYBEANS,YSB,155697050,CHINA,NEW ORLEANS,MISSISSIPPI R.,GULF,EAST GULF,70623
20260416,BU,20260415,1,TAC DAYTONA,CORN,WHC,15134040,HONDURAS,NEW ORLEANS,MISSISSIPPI R.,GULF,EAST GULF,6865
20260416,BU,20260414,1,G TAISHAN,CORN,YC,86287280,JAPAN,NEW ORLEANS,MISSISSIPPI R.,GULF,EAST GULF,39139
20260416,BU,20260414,1,G TAISHAN,SOYBEANS,YSB,26051740,JAPAN,NEW ORLEANS,MISSISSIPPI R.,GULF,EAST GULF,11817
20260416,BU,20260414,1,TAC DAYTONA,WHEAT,HRW,18574070,HONDURAS,NEW ORLEANS,MISSISSIPPI R.,GULF,EAST GULF,8425
20260416,BU,20260415,1,BRAVE HAWK,CORN,YC,31287620,GUATEMALA,NEW ORLEANS,MISSISSIPPI R.,GULF,EAST GULF,14192
20260416,BU,20260415,1,BRAVE HAWK,WHEAT,SRW,11211770,GUATEMALA,NEW ORLEANS,MISSISSIPPI R.,GULF,EAST GULF,5086
20260416,BU,20260415,1,GENCO AUVERGNE,CORN,YC,73429200,NICARAGUA,NEW ORLEANS,MISSISSIPPI R.,GULF,EAST GULF,33307
20260416,BU,20260416,1,LIBRA,SOYBEANS,YSB,114412740,CHINA,NEW ORLEANS,MISSISSIPPI R.,GULF,EAST GULF,51897
20260416,BU,20260416,1,SEACON  LIVERPOOL,CORN,YC,89932180,NICARAGUA,NEW ORLEANS,MISSISSIPPI R.,GULF,EAST GULF,40793
20260416,BU,20260415,1,BRIGHTEN TRADER,CORN,YC,71436380,MEXICO,NEW ORLEANS,MISSISSIPPI R.,GULF,EAST GULF,32403
20260416,BU,20260416,1,BERGE GALDHOPIGGEN,WHEAT,SRW,18308690,MEXICO,NEW ORLEANS,MISSISSIPPI R.,GULF,EAST GULF,8305
20260416,BU,20260416,1,ROYAL QUEST,SOYBEANS,YSB,133192360,EGYPT,NEW ORLEANS,MISSISSIPPI R.,GULF,EAST GULF,60415
20260416,BU,20260416,1,VASSOS,CORN,YC,72751320,UN KINGDOM,NEW ORLEANS,MISSISSIPPI R.,GULF,EAST GULF,32999
20260416,BU,20260416,1,HAATO,SOYBEANS,YSB,126000760,EGYPT,NEW ORLEANS,MISSISSIPPI R.,GULF,EAST GULF,57153
20260416,BU,20260416,1,ALEXANDROS P,CORN,YC,72749830,COLOMBIA,NEW ORLEANS,MISSISSIPPI R.,GULF,EAST GULF,32999
20260423,BU,20260417,1,AFRICAN GRIFFON,SOYBEANS,YSB,127264000,INDONESIA,NEW ORLEANS,MISSISSIPPI R.,GULF,EAST GULF,57726
20260423,BU,20260417,1,ASIAN PROGRESS,CORN,YC,134793810,NETHERLANDS,NEW ORLEANS,MISSISSIPPI R.,GULF,EAST GULF,61141
20260423,BU,20260418,1,SEAHORSE,CORN,YC,55115000,VENEZUELA,NEW ORLEANS,MISSISSIPPI R.,GULF,EAST GULF,25000
20260423,BU,20260419,1,ELSABETH C,CORN,YC,85803900,NICARAGUA,NEW ORLEANS,MISSISSIPPI R.,GULF,EAST GULF,38920
20260423,BU,20260418,1,ATLANTIC SPARKLE,CORN,YC,25906860,COSTA RICA,NEW ORLEANS,MISSISSIPPI R.,GULF,EAST GULF,11751
20260423,BU,20260418,1,ATLANTIC SPARKLE,CORN,WHC,18528020,COSTA RICA,NEW ORLEANS,MISSISSIPPI R.,GULF,EAST GULF,8404
20260423,BU,20260418,1,ATLANTIC SPARKLE,SOYBEANS,YSB,17187300,COSTA RICA,NEW ORLEANS,MISSISSIPPI R.,GULF,EAST GULF,7796
20260423,BU,20260418,1,ATLANTIC SPARKLE,WHEAT,SRW,18229950,COSTA RICA,NEW ORLEANS,MISSISSIPPI R.,GULF,EAST GULF,8269
20260423,BU,20260418,1,RAINBOW N,SOYBEANS,YSB,147759760,CHINA,NEW ORLEANS,MISSISSIPPI R.,GULF,EAST GULF,67023
20260423,BU,20260419,1,SAGITTARIUS,CORN,YC,11614220,CHILE,NEW ORLEANS,MISSISSIPPI R.,GULF,EAST GULF,5268
20260423,BU,20260420,1,AMIS YOUTH,SOYBEANS,YSB,106002300,EGYPT,NEW ORLEANS,MISSISSIPPI R.,GULF,EAST GULF,48082
20260423,BU,20260419,1,SSI AURORA,SOYBEANS,YSB,115739600,CHINA,NEW ORLEANS,MISSISSIPPI R.,GULF,EAST GULF,52499
20260423,BU,20260420,1,ATLANTIS TRADE,CORN,YC,68254380,DOMINICN REP,NEW ORLEANS,MISSISSIPPI R.,GULF,EAST GULF,30960
20260423,BU,20260419,1,PACIFIC VICTORY,CORN,YC,96996820,PANAMA,NEW ORLEANS,MISSISSIPPI R.,GULF,EAST GULF,43997
20260423,BU,20260420,1,SHENG KANG HAI,CORN,YC,69101760,EL SALVADOR,NEW ORLEANS,MISSISSIPPI R.,GULF,EAST GULF,31344
20260423,BU,20260420,1,DEVBULK SINEM,CORN,YC,62270980,MEXICO,NEW ORLEANS,MISSISSIPPI R.,GULF,EAST GULF,28246
20260423,BU,20260421,1,DEVBULK SINEM,WHEAT,SRW,9273570,MEXICO,NEW ORLEANS,MISSISSIPPI R.,GULF,EAST GULF,4206
20260423,BU,20260419,1,SUNNY HOPE,CORN,YC,48808540,COLOMBIA,NEW ORLEANS,MISSISSIPPI R.,GULF,EAST GULF,22139
20260423,BU,20260419,1,SUNNY HOPE,SOYBEANS,YSB,51618700,COLOMBIA,NEW ORLEANS,MISSISSIPPI R.,GULF,EAST GULF,23414
20260423,BU,20260419,1,SUNNY HOPE,CORN,WHC,23513300,COLOMBIA,NEW ORLEANS,MISSISSIPPI R.,GULF,EAST GULF,10665
20260423,BU,20260420,1,MARO MARO,CORN,YC,97001500,COLOMBIA,NEW ORLEANS,MISSISSIPPI R.,GULF,EAST GULF,43999
20260423,BU,20260420,1,MARO MARO,CORN,WHC,24249020,COLOMBIA,NEW ORLEANS,MISSISSIPPI R.,GULF,EAST GULF,10999
20260423,BU,20260421,1,ISHIZUCHI STAR,CORN,YC,60620880,HONDURAS,NEW ORLEANS,MISSISSIPPI R.,GULF,EAST GULF,27497
20260423,BU,20260422,1,COLUMBIA,CORN,YC,71538220,PANAMA,NEW ORLEANS,MISSISSIPPI R.,GULF,EAST GULF,32449
20260423,BU,20260422,1,IONIC SPIRIT,CORN,YC,66204020,MEXICO,NEW ORLEANS,MISSISSIPPI R.,GULF,EAST GULF,30030
20260423,BU,20260421,1,IONIC SPIRIT,SOYBEANS,YSB,26675400,MEXICO,NEW ORLEANS,MISSISSIPPI R.,GULF,EAST GULF,12100
20260423,BU,20260421,1,PLATE QUEEN,CORN,YC,117280560,COLOMBIA,NEW ORLEANS,MISSISSIPPI R.,GULF,EAST GULF,53198
20260423,BU,20260422,1,ASTRO ANTARES,SOYBEANS,YSB,25763570,COSTA RICA,NEW ORLEANS,MISSISSIPPI R.,GULF,EAST GULF,11686
20260423,BU,20260423,1,AQUAGLORY,SOYBEANS,YSB,130181350,CHINA,NEW ORLEANS,MISSISSIPPI R.,GULF,EAST GULF,59049
20260423,BU,20260423,1,IOANNA,CORN,WHC,17416300,EL SALVADOR,NEW ORLEANS,MISSISSIPPI R.,GULF,EAST GULF,7900
20260423,BU,20260422,1,SEATTLE HARMONY,CORN,YC,48125160,HONDURAS,NEW ORLEANS,MISSISSIPPI R.,GULF,EAST GULF,21829
20260423,BU,20260422,1,ASTRO ANTARES,CORN,YC,69995560,COSTA RICA,NEW ORLEANS,MISSISSIPPI R.,GULF,EAST GULF,31749
20260423,BU,20260423,1,MDS ARIADNE,CORN,YC,58783420,MEXICO,NEW ORLEANS,MISSISSIPPI R.,GULF,EAST GULF,26664
20260423,BU,20260422,1,MDS ARIADNE,SOYBEANS,YSB,12125240,MEXICO,NEW ORLEANS,MISSISSIPPI R.,GULF,EAST GULF,5500
20260423,BU,20260423,1,APHROS,CORN,YC,17110580,COLOMBIA,NEW ORLEANS,MISSISSIPPI R.,GULF,EAST GULF,7761
20260423,BU,20260423,1,DIONYSUS,CORN,YC,76839440,COLOMBIA,NEW ORLEANS,MISSISSIPPI R.,GULF,EAST GULF,34854
20260423,BU,20260423,1,CHARIOTEER,CORN,WHC,65718380,MEXICO,NEW ORLEANS,MISSISSIPPI R.,GULF,EAST GULF,29809
20260423,BU,20260423,1,ASTERIUS,CORN,YC,71783600,PORTUGAL,NEW ORLEANS,MISSISSIPPI R.,GULF,EAST GULF,32561
20260423,BU,20260423,1,YASA KYOTO,CORN,YC,61640960,MEXICO,NEW ORLEANS,MISSISSIPPI R.,GULF,EAST GULF,27960
20260423,BU,20260423,1,LOWLANDS ENGEL,CORN,WHC,72750570,VENEZUELA,NEW ORLEANS,MISSISSIPPI R.,GULF,EAST GULF,32999
20260423,BU,20260423,1,KEN COLON,CORN,YC,112765900,COLOMBIA,NEW ORLEANS,MISSISSIPPI R.,GULF,EAST GULF,51150
20260423,BU,20260423,1,IOANNA,CORN,YC,36486200,EL SALVADOR,NEW ORLEANS,MISSISSIPPI R.,GULF,EAST GULF,16550
20260430,BU,20260424,1,OCEAN HARVEST,CORN,YC,108085310,JAPAN,NEW ORLEANS,MISSISSIPPI R.,GULF,EAST GULF,49027
20260430,BU,20260424,1,ALICIA,CORN,YC,70352800,COLOMBIA,NEW ORLEANS,MISSISSIPPI R.,GULF,EAST GULF,31912
20260430,BU,20260424,1,ALICIA,WHEAT,SRW,21039660,COLOMBIA,NEW ORLEANS,MISSISSIPPI R.,GULF,EAST GULF,9543
20260430,BU,20260424,1,FORMENTERA,CORN,YC,53349350,DOMINICN REP,NEW ORLEANS,MISSISSIPPI R.,GULF,EAST GULF,24199
20260430,BU,20260424,1,TAI SUCCESS,WHEAT,SRW,12418980,COLOMBIA,NEW ORLEANS,MISSISSIPPI R.,GULF,EAST GULF,5633
20260430,BU,20260425,1,BALSA 92,WHEAT,HRW,3306900,BELIZE,NEW ORLEANS,MISSISSIPPI R.,GULF,EAST GULF,1500
20260430,BU,20260424,1,LOWLANDS HOPE,CORN,YC,34965940,JAPAN,NEW ORLEANS,MISSISSIPPI R.,GULF,EAST GULF,15860
20260430,BU,20260426,1,LOWLANDS HOPE,CORN,YC,19277670,JAPAN,NEW ORLEANS,MISSISSIPPI R.,GULF,EAST GULF,8744
20260430,BU,20260425,1,LOWLANDS HOPE,CORN,YC,14980300,JAPAN,NEW ORLEANS,MISSISSIPPI R.,GULF,EAST GULF,6795
20260430,BU,20260426,1,JULES  POINT,CORN,YC,56670540,MEXICO,NEW ORLEANS,MISSISSIPPI R.,GULF,EAST GULF,25705
20260430,BU,20260426,1,JULES  POINT,SOYBEANS,YSB,12123980,MEXICO,NEW ORLEANS,MISSISSIPPI R.,GULF,EAST GULF,5499
20260430,BU,20260426,1,NITAYA NAREE,CORN,YC,47513810,DOMINICN REP,NEW ORLEANS,MISSISSIPPI R.,GULF,EAST GULF,21552
20260430,BU,20260425,1,NORSE DEVELOPMENT,CORN,YC,136878660,ITALY,NEW ORLEANS,MISSISSIPPI R.,GULF,EAST GULF,62087
20260430,BU,20260427,1,UBC TILBURY,WHEAT,HRW,44301820,DOMINICN REP,NEW ORLEANS,MISSISSIPPI R.,GULF,EAST GULF,20095
20260430,BU,20260427,1,OCEAN BANQUET,CORN,YC,111331460,COLOMBIA,NEW ORLEANS,MISSISSIPPI R.,GULF,EAST GULF,50499
20260430,BU,20260425,1,BALSA 92,WHEAT,HRS,12302220,BELIZE,NEW ORLEANS,MISSISSIPPI R.,GULF,EAST GULF,5580
20260430,BU,20260426,1,OCEAN LORRY,SOYBEANS,YSB,144940980,CHINA,NEW ORLEANS,MISSISSIPPI R.,GULF,EAST GULF,65744
20260430,BU,20260424,1,LOWLANDS HOPE,SOYBEANS,YSB,22186400,JAPAN,NEW ORLEANS,MISSISSIPPI R.,GULF,EAST GULF,10064
20260430,BU,20260426,1,LOWLANDS HOPE,SOYBEANS,YSB,20446440,JAPAN,NEW ORLEANS,MISSISSIPPI R.,GULF,EAST GULF,9274
20260430,BU,20260425,1,IRIS K,WHEAT,HRW,34945660,MEXICO,NEW ORLEANS,MISSISSIPPI R.,GULF,EAST GULF,15851
20260430,BU,20260426,1,IRIS K,WHEAT,SRW,19966500,MEXICO,NEW ORLEANS,MISSISSIPPI R.,GULF,EAST GULF,9057
20260430,BU,20260425,1,IRIS K,WHEAT,HRS,13785320,MEXICO,NEW ORLEANS,MISSISSIPPI R.,GULF,EAST GULF,6253
20260430,BU,20260427,1,LIVADI,CORN,YC,47551940,VENEZUELA,NEW ORLEANS,MISSISSIPPI R.,GULF,EAST GULF,21569
20260430,BU,20260427,1,LIVADI,SOYBEANS,YSB,24247000,VENEZUELA,NEW ORLEANS,MISSISSIPPI R.,GULF,EAST GULF,10998
20260430,BU,20260427,1,XH DEEP COVER,SOYBEANS,YSB,154607890,CHINA,NEW ORLEANS,MISSISSIPPI R.,GULF,EAST GULF,70129
20260430,BU,20260426,1,UBC TILBURY,WHEAT,SRW,33299900,DOMINICN REP,NEW ORLEANS,MISSISSIPPI R.,GULF,EAST GULF,15105
20260430,BU,20260428,1,CL SHANGGAO,CORN,YC,72685060,PANAMA,NEW ORLEANS,MISSISSIPPI R.,GULF,EAST GULF,32969
20260430,BU,20260428,1,CL SHANGGAO,SOYBEANS,YSB,17064440,PANAMA,NEW ORLEANS,MISSISSIPPI R.,GULF,EAST GULF,7740
20260430,BU,20260427,1,DSI ANDROMEDA,CORN,YC,76342940,COLOMBIA,NEW ORLEANS,MISSISSIPPI R.,GULF,EAST GULF,34629
20260430,BU,20260424,1,TAI SUCCESS,CORN,YC,55650320,COLOMBIA,NEW ORLEANS,MISSISSIPPI R.,GULF,EAST GULF,25243
20260430,BU,20260424,1,TAI SUCCESS,SOYBEANS,YSB,25355470,COLOMBIA,NEW ORLEANS,MISSISSIPPI R.,GULF,EAST GULF,11501
20260430,BU,20260427,1,NORDIC INCHEON,CORN,WHC,30975060,GUATEMALA,NEW ORLEANS,MISSISSIPPI R.,GULF,EAST GULF,14050
20260430,BU,20260428,1,OBSERVATOR,CORN,YC,94356980,COLOMBIA,NEW ORLEANS,MISSISSIPPI R.,GULF,EAST GULF,42800
20260430,BU,20260428,1,ALORA,CORN,YC,97000050,COLOMBIA,NEW ORLEANS,MISSISSIPPI R.,GULF,EAST GULF,43998
20260430,BU,20260428,1,SAPIENTZA,CORN,YC,29100640,COLOMBIA,NEW ORLEANS,MISSISSIPPI R.,GULF,EAST GULF,13200
20260430,BU,20260428,1,SAPIENTZA,SOYBEANS,YSB,24249480,COLOMBIA,NEW ORLEANS,MISSISSIPPI R.,GULF,EAST GULF,10999
20260430,BU,20260428,1,PAC SCHEDAR,SOYBEANS,YSB,55482260,INDONESIA,NEW ORLEANS,MISSISSIPPI R.,GULF,EAST GULF,25166
20260430,BU,20260428,1,LIGNUM LINK,WHEAT,HRW,6613800,GUATEMALA,NEW ORLEANS,MISSISSIPPI R.,GULF,EAST GULF,3000
20260430,BU,20260429,1,LIGNUM LINK,CORN,YC,78068300,GUATEMALA,NEW ORLEANS,MISSISSIPPI R.,GULF,EAST GULF,35411
20260430,BU,20260429,1,MILA SAN,CORN,YC,80073320,GUATEMALA,NEW ORLEANS,MISSISSIPPI R.,GULF,EAST GULF,36321
20260430,BU,20260430,1,HARILAOS JUNIOR,CORN,YC,133839600,COLOMBIA,NEW ORLEANS,MISSISSIPPI R.,GULF,EAST GULF,60709
20260430,BU,20260430,1,GANT FLAIR,WHEAT,SRW,17460180,TRINIDAD,NEW ORLEANS,MISSISSIPPI R.,GULF,EAST GULF,7920
20260430,BU,20260429,1,GANT FLAIR,WHEAT,HRS,28306540,TRINIDAD,NEW ORLEANS,MISSISSIPPI R.,GULF,EAST GULF,12840
20260430,BU,20260430,1,GLOBE VEGA,CORN,YC,113084990,MEXICO,NEW ORLEANS,MISSISSIPPI R.,GULF,EAST GULF,51295
20260430,BU,20260430,1,LOTUS,CORN,YC,92562300,SAUDI ARABIA,NEW ORLEANS,MISSISSIPPI R.,GULF,EAST GULF,41986
20260430,BU,20260430,1,LOTUS,SOYBEANS,YSB,68093320,SAUDI ARABIA,NEW ORLEANS,MISSISSIPPI R.,GULF,EAST GULF,30887
20260430,BU,20260429,1,MIKE THOMAS,SOYBEANS,YSB,87474030,JAPAN,NEW ORLEANS,MISSISSIPPI R.,GULF,EAST GULF,39678
20260430,BU,20260429,1,MIKE THOMAS,SOYBEANS,YSB,18185620,JAPAN,NEW ORLEANS,MISSISSIPPI R.,GULF,EAST GULF,8249
20260507,BU,20260501,1,GENCO LANGUEDOC,CORN,YC,120112880,MEXICO,NEW ORLEANS,MISSISSIPPI R.,GULF,EAST GULF,54482
20260507,BU,20260501,1,CANOPUS,SOYBEANS,YSB,149734320,CHINA,NEW ORLEANS,MISSISSIPPI R.,GULF,EAST GULF,67918
20260507,BU,20260502,1,TCZEW,SOYBEANS,YSB,24767810,MEXICO,NEW ORLEANS,MISSISSIPPI R.,GULF,EAST GULF,11234
20260507,BU,20260502,1,LEONARDO,CORN,YC,161164900,SAUDI ARABIA,NEW ORLEANS,MISSISSIPPI R.,GULF,EAST GULF,73103
20260507,BU,20260503,1,AMIS INTEGRITY,CORN,YC,127903840,COLOMBIA,NEW ORLEANS,MISSISSIPPI R.,GULF,EAST GULF,58016
20260507,BU,20260503,1,PEARL ETERNITY,CORN,YC,108245740,HONDURAS,NEW ORLEANS,MISSISSIPPI R.,GULF,EAST GULF,49099
20260507,BU,20260503,1,BAM PROTEUS,CORN,YC,71594400,IRELAND,NEW ORLEANS,MISSISSIPPI R.,GULF,EAST GULF,32475
20260507,BU,20260504,1,AUGUST,CORN,YC,129613820,NETHERLANDS,NEW ORLEANS,MISSISSIPPI R.,GULF,EAST GULF,58792
20260507,BU,20260504,1,BRIGHTEN TRADER,CORN,YC,60509140,MEXICO,NEW ORLEANS,MISSISSIPPI R.,GULF,EAST GULF,27446
20260507,BU,20260501,1,STELLAR TRADER,CORN,YC,42438160,VENEZUELA,NEW ORLEANS,MISSISSIPPI R.,GULF,EAST GULF,19250
20260507,BU,20260503,1,JNS PROSPERITY,CORN,WHC,23357300,EL SALVADOR,NEW ORLEANS,MISSISSIPPI R.,GULF,EAST GULF,10595
20260507,BU,20260503,1,JNS PROSPERITY,CORN,YC,33777780,EL SALVADOR,NEW ORLEANS,MISSISSIPPI R.,GULF,EAST GULF,15321
20260507,BU,20260503,1,JNS PROSPERITY,WHEAT,SRW,5276220,EL SALVADOR,NEW ORLEANS,MISSISSIPPI R.,GULF,EAST GULF,2393
20260507,BU,20260502,1,UBC TARRAGONA,CORN,YC,48034100,JAMAICA,NEW ORLEANS,MISSISSIPPI R.,GULF,EAST GULF,21788
20260507,BU,20260504,1,SZCZECIN,CORN,YC,78041140,PORTUGAL,NEW ORLEANS,MISSISSIPPI R.,GULF,EAST GULF,35399
20260507,BU,20260502,1,TCZEW,CORN,YC,54682920,MEXICO,NEW ORLEANS,MISSISSIPPI R.,GULF,EAST GULF,24804
20260507,BU,20260503,1,UBC TACOMA,WHEAT,HRW,16322940,MEXICO,NEW ORLEANS,MISSISSIPPI R.,GULF,EAST GULF,7404
20260507,BU,20260504,1,UBC TACOMA,CORN,YC,33062820,MEXICO,NEW ORLEANS,MISSISSIPPI R.,GULF,EAST GULF,14997
20260507,BU,20260504,1,NAVIOS VENUS,CORN,YC,121251900,COLOMBIA,NEW ORLEANS,MISSISSIPPI R.,GULF,EAST GULF,54999
20260507,BU,20260504,1,KANGTING,CORN,YC,29484320,GUATEMALA,NEW ORLEANS,MISSISSIPPI R.,GULF,EAST GULF,13374
20260507,BU,20260504,1,KANGTING,WHEAT,SRW,16162620,GUATEMALA,NEW ORLEANS,MISSISSIPPI R.,GULF,EAST GULF,7331
20260507,BU,20260505,1,THOR FRIENDSHIP,CORN,YC,60331580,COLOMBIA,NEW ORLEANS,MISSISSIPPI R.,GULF,EAST GULF,27366
20260507,BU,20260505,1,THOR FRIENDSHIP,SOYBEANS,YSB,20884560,COLOMBIA,NEW ORLEANS,MISSISSIPPI R.,GULF,EAST GULF,9473
20260507,BU,20260505,1,THOR FRIENDSHIP,WHEAT,SRW,24339100,COLOMBIA,NEW ORLEANS,MISSISSIPPI R.,GULF,EAST GULF,11040
20260507,BU,20260506,1,AP DUBROVNIK,SOYBEANS,YSB,151910085,CHINA,NEW ORLEANS,MISSISSIPPI R.,GULF,EAST GULF,68905
20260507,BU,20260505,1,UBC SALAVERRY,CORN,YC,53762440,COLOMBIA,NEW ORLEANS,MISSISSIPPI R.,GULF,EAST GULF,24386
20260507,BU,20260505,1,UBC SALAVERRY,SOYBEANS,YSB,15548280,COLOMBIA,NEW ORLEANS,MISSISSIPPI R.,GULF,EAST GULF,7053
20260507,BU,20260506,1,LOWLANDS BLOSSOM,CORN,YC,89725200,MEXICO,NEW ORLEANS,MISSISSIPPI R.,GULF,EAST GULF,40699
20260507,BU,20260506,1,LOWLANDS BLOSSOM,WHEAT,SRW,24250200,MEXICO,NEW ORLEANS,MISSISSIPPI R.,GULF,EAST GULF,11000
20260507,BU,20260506,1,ERACLE,SOYBEANS,YSB,115406980,EGYPT,NEW ORLEANS,MISSISSIPPI R.,GULF,EAST GULF,52348
20260507,BU,20260506,1,CAPE GULL,CORN,YC,76171040,DOMINICN REP,NEW ORLEANS,MISSISSIPPI R.,GULF,EAST GULF,34551
20260507,BU,20260506,1,ECO SPITFIRE,CORN,WHC,69435220,VENEZUELA,NEW ORLEANS,MISSISSIPPI R.,GULF,EAST GULF,31495
20260507,BU,20260507,1,SUMATRA,CORN,YC,77083360,MEXICO,NEW ORLEANS,MISSISSIPPI R.,GULF,EAST GULF,34964
20260507,BU,20260507,1,CENTURY BRIGHT,WHEAT,SRW,9550680,JAMAICA,NEW ORLEANS,MISSISSIPPI R.,GULF,EAST GULF,4332
20260507,BU,20260507,1,CENTURY BRIGHT,WHEAT,HRS,23960640,JAMAICA,NEW ORLEANS,MISSISSIPPI R.,GULF,EAST GULF,10868
20260507,BU,20260507,1,PAC LEO,SOYBEANS,YSB,76730500,INDONESIA,NEW ORLEANS,MISSISSIPPI R.,GULF,EAST GULF,34804
20260507,BU,20260506,1,UBC TAMPA,CORN,YC,32085120,GUATEMALA,NEW ORLEANS,MISSISSIPPI R.,GULF,EAST GULF,14554
20260507,BU,20260506,1,UBC TAMPA,CORN,WHC,15379860,GUATEMALA,NEW ORLEANS,MISSISSIPPI R.,GULF,EAST GULF,6976
20260507,BU,20260506,1,PEACE GARDEN,SOYBEANS,YSB,146693180,CHINA,NEW ORLEANS,MISSISSIPPI R.,GULF,EAST GULF,66539
20260507,BU,20260504,1,AGIA DYNAMI,CORN,YC,11214680,VENEZUELA,NEW ORLEANS,MISSISSIPPI R.,GULF,EAST GULF,5087
20260507,BU,20260504,1,AGIA DYNAMI,SOYBEANS,YSB,12932220,VENEZUELA,NEW ORLEANS,MISSISSIPPI R.,GULF,EAST GULF,5866
20260507,BU,20260506,1,INASA,CORN,YC,62571020,EL SALVADOR,NEW ORLEANS,MISSISSIPPI R.,GULF,EAST GULF,28382
20260507,BU,20260506,1,INASA,CORN,WHC,15013090,EL SALVADOR,NEW ORLEANS,MISSISSIPPI R.,GULF,EAST GULF,6810
20260514,BU,20260508,1,IVS KESTREL,CORN,YC,66725600,PORTUGAL,NEW ORLEANS,MISSISSIPPI R.,GULF,EAST GULF,30266
20260514,BU,20260509,1,EARTH HARMONY,CORN,YC,41326040,GUATEMALA,NEW ORLEANS,MISSISSIPPI R.,GULF,EAST GULF,18745
20260514,BU,20260509,1,EARTH HARMONY,WHEAT,SRW,16158100,GUATEMALA,NEW ORLEANS,MISSISSIPPI R.,GULF,EAST GULF,7329
20260514,BU,20260510,1,JUNO AVENIR,SOYBEANS,YSB,11884560,JAPAN,NEW ORLEANS,MISSISSIPPI R.,GULF,EAST GULF,5391
20260514,BU,20260509,1,JUNO AVENIR,CORN,YC,35789820,JAPAN,NEW ORLEANS,MISSISSIPPI R.,GULF,EAST GULF,16234
20260514,BU,20260510,1,JUNO AVENIR,CORN,YC,54564180,JAPAN,NEW ORLEANS,MISSISSIPPI R.,GULF,EAST GULF,24750
20260514,BU,20260510,1,TANZANITE,CORN,YC,100710560,MEXICO,NEW ORLEANS,MISSISSIPPI R.,GULF,EAST GULF,45682
20260514,BU,20260511,1,MDS ARIADNE,CORN,YC,71910960,MEXICO,NEW ORLEANS,MISSISSIPPI R.,GULF,EAST GULF,32618
20260514,BU,20260511,1,GLOBAL LAGUNA,CORN,YC,13868260,JAPAN,NEW ORLEANS,MISSISSIPPI R.,GULF,EAST GULF,6291
20260514,BU,20260511,1,GLOBAL LAGUNA,CORN,YC,48209780,JAPAN,NEW ORLEANS,MISSISSIPPI R.,GULF,EAST GULF,21868
20260514,BU,20260512,1,SSI PROVIDENCE,CORN,YC,26865460,UN KINGDOM,NEW ORLEANS,MISSISSIPPI R.,GULF,EAST GULF,12186
20260514,BU,20260510,1,SACHI,SOYBEANS,YSB,129397820,EGYPT,NEW ORLEANS,MISSISSIPPI R.,GULF,EAST GULF,58694
20260514,BU,20260511,1,GLOBAL LAGUNA,CORN,YC,23095360,JAPAN,NEW ORLEANS,MISSISSIPPI R.,GULF,EAST GULF,10476
20260514,BU,20260511,1,GLOBAL LAGUNA,SOYBEANS,YSB,21869760,JAPAN,NEW ORLEANS,MISSISSIPPI R.,GULF,EAST GULF,9920
20260514,BU,20260510,1,MARLA SAMURAI,CORN,YC,77847080,NETHERLANDS,NEW ORLEANS,MISSISSIPPI R.,GULF,EAST GULF,35311
20260514,BU,20260510,1,ENDURANCE SW,CORN,YC,93247540,COLOMBIA,NEW ORLEANS,MISSISSIPPI R.,GULF,EAST GULF,42296
20260514,BU,20260512,1,GLOBAL SEAS,CORN,YC,113763340,COLOMBIA,NEW ORLEANS,MISSISSIPPI R.,GULF,EAST GULF,51602
20260514,BU,20260513,1,IONIC SPIRIT,CORN,YC,66202625,MEXICO,NEW ORLEANS,MISSISSIPPI R.,GULF,EAST GULF,30029
20260514,BU,20260512,1,IONIC SPIRIT,SOYBEANS,YSB,26672940,MEXICO,NEW ORLEANS,MISSISSIPPI R.,GULF,EAST GULF,12099
20260514,BU,20260512,1,SUPRA PASHA,CORN,YC,119057280,SPAIN,NEW ORLEANS,MISSISSIPPI R.,GULF,EAST GULF,54003
20260514,BU,20260514,1,ALERCE,SOYBEANS,YSB,76216400,EGYPT,NEW ORLEANS,MISSISSIPPI R.,GULF,EAST GULF,34571
20260514,BU,20260513,1,AURORA BOREALIS,CORN,YC,163569580,SAUDI ARABIA,NEW ORLEANS,MISSISSIPPI R.,GULF,EAST GULF,74194
20260514,BU,20260514,1,AMAPOLA,WHEAT,HRW,14550200,HONDURAS,NEW ORLEANS,MISSISSIPPI R.,GULF,EAST GULF,6600
20260514,BU,20260514,1,AMAPOLA,WHEAT,HRS,14578310,HONDURAS,NEW ORLEANS,MISSISSIPPI R.,GULF,EAST GULF,6613
20260514,BU,20260512,1,AMAPOLA,CORN,WHC,17421810,HONDURAS,NEW ORLEANS,MISSISSIPPI R.,GULF,EAST GULF,7902
20260514,BU,20260514,1,SKYWALKER,CORN,YC,13180500,JAPAN,NEW ORLEANS,MISSISSIPPI R.,GULF,EAST GULF,5979
20260514,BU,20260512,1,SKYWALKER,CORN,YC,10165860,JAPAN,NEW ORLEANS,MISSISSIPPI R.,GULF,EAST GULF,4611
20260514,BU,20260514,1,ATLANTIS TRADE,CORN,YC,58199950,MEXICO,NEW ORLEANS,MISSISSIPPI R.,GULF,EAST GULF,26399
20260514,BU,20260514,1,SKYWALKER,CORN,YC,90476180,JAPAN,NEW ORLEANS,MISSISSIPPI R.,GULF,EAST GULF,41039
20260521,BU,20260515,1,CL GUANGZHOU,CORN,YC,90667240,COLOMBIA,NEW ORLEANS,MISSISSIPPI R.,GULF,EAST GULF,41126
20260521,BU,20260516,1,IGUAZU,SOYBEANS,YSB,88160630,ALGERIA,NEW ORLEANS,MISSISSIPPI R.,GULF,EAST GULF,39989
20260521,BU,20260516,1,UBC THESSALONIKI,CORN,YC,32826300,GUATEMALA,NEW ORLEANS,MISSISSIPPI R.,GULF,EAST GULF,14890
20260521,BU,20260515,1,GLORY CUIABA,SOYBEANS,YSB,148131515,CHINA,NEW ORLEANS,MISSISSIPPI R.,GULF,EAST GULF,67191
20260521,BU,20260516,1,KARLINO,CORN,YC,71870225,MEXICO,NEW ORLEANS,MISSISSIPPI R.,GULF,EAST GULF,32600
20260521,BU,20260516,1,GENCO LANGUEDOC,CORN,YC,67026140,COLOMBIA,NEW ORLEANS,MISSISSIPPI R.,GULF,EAST GULF,30403
20260521,BU,20260515,1,CL FOSHAN,SOYBEANS,YSB,127985320,EGYPT,NEW ORLEANS,MISSISSIPPI R.,GULF,EAST GULF,58053
20260521,BU,20260515,1,NORSE STRIDE,CORN,YC,67640710,COSTA RICA,NEW ORLEANS,MISSISSIPPI R.,GULF,EAST GULF,30681
20260521,BU,20260515,1,NORSE STRIDE,SOYBEANS,YSB,28615610,COSTA RICA,NEW ORLEANS,MISSISSIPPI R.,GULF,EAST GULF,12980
20260521,BU,20260517,1,BARISM BETTY,CORN,YC,49726840,COLOMBIA,NEW ORLEANS,MISSISSIPPI R.,GULF,EAST GULF,22556
20260521,BU,20260516,1,BARISM BETTY,CORN,WHC,13889100,COLOMBIA,NEW ORLEANS,MISSISSIPPI R.,GULF,EAST GULF,6300
20260521,BU,20260516,1,BARISM BETTY,SOYBEANS,YSB,16975460,COLOMBIA,NEW ORLEANS,MISSISSIPPI R.,GULF,EAST GULF,7700
20260521,BU,20260517,1,BARISM BETTY,WHEAT,SRW,15070160,COLOMBIA,NEW ORLEANS,MISSISSIPPI R.,GULF,EAST GULF,6836
20260521,BU,20260515,1,SELO,CORN,YC,40726980,DOMINICN REP,NEW ORLEANS,MISSISSIPPI R.,GULF,EAST GULF,18473
20260521,BU,20260517,1,CORAL QUEEN,WHEAT,SRW,17857340,HONDURAS,NEW ORLEANS,MISSISSIPPI R.,GULF,EAST GULF,8100
20260521,BU,20260518,1,CORAL QUEEN,CORN,YC,86596540,HONDURAS,NEW ORLEANS,MISSISSIPPI R.,GULF,EAST GULF,39280
20260521,BU,20260516,1,NAVA SOCRATES,CORN,YC,44322360,DOMINICN REP,NEW ORLEANS,MISSISSIPPI R.,GULF,EAST GULF,20104
20260521,BU,20260518,1,LOWLANDS ANGEL,CORN,YC,98912970,MEXICO,NEW ORLEANS,MISSISSIPPI R.,GULF,EAST GULF,44866
20260521,BU,20260518,1,INVINCIBLE,CORN,YC,54740560,PANAMA,NEW ORLEANS,MISSISSIPPI R.,GULF,EAST GULF,24830
20260521,BU,20260519,1,OSLO BULK 2,WHEAT,HRW,16146870,HAITI,NEW ORLEANS,MISSISSIPPI R.,GULF,EAST GULF,7324
20260521,BU,20260519,1,BUBBA BOOSH,SOYBEANS,YSB,47914830,COLOMBIA,NEW ORLEANS,MISSISSIPPI R.,GULF,EAST GULF,21734
20260521,BU,20260519,1,BUBBA BOOSH,CORN,YC,67643280,COLOMBIA,NEW ORLEANS,MISSISSIPPI R.,GULF,EAST GULF,30682
20260521,BU,20260518,1,BIWA ARROW,CORN,YC,109818755,COLOMBIA,NEW ORLEANS,MISSISSIPPI R.,GULF,EAST GULF,49813
20260521,BU,20260520,1,IRIS K,CORN,YC,70584110,MEXICO,NEW ORLEANS,MISSISSIPPI R.,GULF,EAST GULF,32016
20260521,BU,20260520,1,ATLANTIC KAGURA,CORN,YC,28984700,EL SALVADOR,NEW ORLEANS,MISSISSIPPI R.,GULF,EAST GULF,13147
20260521,BU,20260520,1,CL KIBOU,CORN,WHC,72414380,MEXICO,NEW ORLEANS,MISSISSIPPI R.,GULF,EAST GULF,32847
20260521,BU,20260517,1,PORT NAGASAKI,CORN,YC,61591610,COLOMBIA,NEW ORLEANS,MISSISSIPPI R.,GULF,EAST GULF,27937
20260521,BU,20260519,1,PORT NAGASAKI,SOYBEANS,YSB,25023480,COLOMBIA,NEW ORLEANS,MISSISSIPPI R.,GULF,EAST GULF,11350
20260521,BU,20260519,1,NOOTKA ISLAND,SOYBEANS,YSB,23082020,COLOMBIA,NEW ORLEANS,MISSISSIPPI R.,GULF,EAST GULF,10470
20260521,BU,20260518,1,NOOTKA ISLAND,WHEAT,SRW,27700850,COLOMBIA,NEW ORLEANS,MISSISSIPPI R.,GULF,EAST GULF,12565
20260521,BU,20260521,1,GLOBE VEGA,CORN,YC,42935860,JAPAN,NEW ORLEANS,MISSISSIPPI R.,GULF,EAST GULF,19475
20260521,BU,20260520,1,GLOBE VEGA,CORN,YC,21384780,JAPAN,NEW ORLEANS,MISSISSIPPI R.,GULF,EAST GULF,9700
20260521,BU,20260521,1,GLOBE VEGA,SOYBEANS,YSB,45459180,JAPAN,NEW ORLEANS,MISSISSIPPI R.,GULF,EAST GULF,20620
20260521,BU,20260521,1,CRIMSON GARNET,WHEAT,HRW,29100740,COLOMBIA,NEW ORLEANS,MISSISSIPPI R.,GULF,EAST GULF,13200
20260521,BU,20260519,1,NOOTKA ISLAND,CORN,YC,24248800,COLOMBIA,NEW ORLEANS,MISSISSIPPI R.,GULF,EAST GULF,10999
20260528,BU,20260522,1,BERGE RYSY,CORN,YC,127480800,SPAIN,NEW ORLEANS,MISSISSIPPI R.,GULF,EAST GULF,57824
20260528,BU,20260522,1,DENSA SEA LION,CORN,YC,63051540,MEXICO,NEW ORLEANS,MISSISSIPPI R.,GULF,EAST GULF,28600
20260528,BU,20260522,1,NICHOLAS,WHEAT,SRW,24199440,MEXICO,NEW ORLEANS,MISSISSIPPI R.,GULF,EAST GULF,10977
20260528,BU,20260524,1,PM HAYABUSA,CORN,YC,85042680,JAPAN,NEW ORLEANS,MISSISSIPPI R.,GULF,EAST GULF,38575
20260528,BU,20260524,1,PM HAYABUSA,CORN,YC,24844740,JAPAN,NEW ORLEANS,MISSISSIPPI R.,GULF,EAST GULF,11269
20260528,BU,20260525,1,ULTRA LEOPARD,SOYBEANS,YSB,155093200,CHINA,NEW ORLEANS,MISSISSIPPI R.,GULF,EAST GULF,70349
20260528,BU,20260526,1,NORD SOUND,CORN,YC,72749790,COLOMBIA,NEW ORLEANS,MISSISSIPPI R.,GULF,EAST GULF,32999
20260528,BU,20260522,1,EPOS,SOYBEANS,YSB,115909180,EGYPT,NEW ORLEANS,MISSISSIPPI R.,GULF,EAST GULF,52576
20260528,BU,20260525,1,PAC SHAULA,SOYBEANS,YSB,53230000,INDONESIA,NEW ORLEANS,MISSISSIPPI R.,GULF,EAST GULF,24145
20260528,BU,20260522,1,NICHOLAS,CORN,YC,84876360,MEXICO,NEW ORLEANS,MISSISSIPPI R.,GULF,EAST GULF,38499
20260528,BU,20260524,1,GENCO COLUMBIA,CORN,YC,102996720,NICARAGUA,NEW ORLEANS,MISSISSIPPI R.,GULF,EAST GULF,46719
20260528,BU,20260526,1,UBC TACOMA,CORN,YC,43651080,VENEZUELA,NEW ORLEANS,MISSISSIPPI R.,GULF,EAST GULF,19800
20260528,BU,20260527,1,GLOBAL MIRAI,CORN,YC,83712960,JAPAN,NEW ORLEANS,MISSISSIPPI R.,GULF,EAST GULF,37972
20260528,BU,20260526,1,FUTURE,CORN,YC,72851460,COLOMBIA,NEW ORLEANS,MISSISSIPPI R.,GULF,EAST GULF,33045
20260528,BU,20260527,1,FUTURE,CORN,WHC,44212980,COLOMBIA,NEW ORLEANS,MISSISSIPPI R.,GULF,EAST GULF,20055
20260528,BU,20260526,1,GLOBAL MIRAI,CORN,YC,26892060,JAPAN,NEW ORLEANS,MISSISSIPPI R.,GULF,EAST GULF,12198
20260528,BU,20260526,1,UBC TACOMA,WHEAT,SRW,14459680,VENEZUELA,NEW ORLEANS,MISSISSIPPI R.,GULF,EAST GULF,6559
20260528,BU,20260527,1,PUNTA DEL CHILENO,CORN,YC,166937300,PORTUGAL,NEW ORLEANS,MISSISSIPPI R.,GULF,EAST GULF,75722
20260528,BU,20260522,1,CRIMSON GARNET,CORN,YC,25008140,COLOMBIA,NEW ORLEANS,MISSISSIPPI R.,GULF,EAST GULF,11344
20260528,BU,20260527,1,OSLO BULK 12,WHEAT,HRW,9107520,SURINAME,NEW ORLEANS,MISSISSIPPI R.,GULF,EAST GULF,4131
20260528,BU,20260525,1,SEACON ATLANTA,CORN,YC,51722920,EL SALVADOR,NEW ORLEANS,MISSISSIPPI R.,GULF,EAST GULF,23461
20260528,BU,20260528,1,AQUARIUS,CORN,YC,120044680,PORTUGAL,NEW ORLEANS,MISSISSIPPI R.,GULF,EAST GULF,54451
20260528,BU,20260527,1,AGIA DOXA,CORN,YC,26680520,EL SALVADOR,NEW ORLEANS,MISSISSIPPI R.,GULF,EAST GULF,12102
20260528,BU,20260527,1,AGIA DOXA,CORN,WHC,15343620,EL SALVADOR,NEW ORLEANS,MISSISSIPPI R.,GULF,EAST GULF,6960
20260528,BU,20260527,1,AGIA DOXA,WHEAT,SRW,11996940,EL SALVADOR,NEW ORLEANS,MISSISSIPPI R.,GULF,EAST GULF,5442
20260528,BU,20260528,1,ONE ENERGY,CORN,YC,47923680,UN KINGDOM,NEW ORLEANS,MISSISSIPPI R.,GULF,EAST GULF,21738
20260528,BU,20260525,1,STAR GREENWICH,CORN,YC,69484680,PANAMA,NEW ORLEANS,MISSISSIPPI R.,GULF,EAST GULF,31518
20260528,BU,20260528,1,UBC SALERNO,CORN,YC,22067540,TRINIDAD,NEW ORLEANS,MISSISSIPPI R.,GULF,EAST GULF,10010
20260528,BU,20260527,1,UBC SALERNO,WHEAT,SRW,8743180,TRINIDAD,NEW ORLEANS,MISSISSIPPI R.,GULF,EAST GULF,3966
20260528,BU,20260528,1,UBC SALERNO,WHEAT,HRS,14065060,TRINIDAD,NEW ORLEANS,MISSISSIPPI R.,GULF,EAST GULF,6380
20260528,BU,20260528,1,BTG DENALI,SOYBEANS,YSB,152842610,CHINA,NEW ORLEANS,MISSISSIPPI R.,GULF,EAST GULF,69328
20260528,BU,20260528,1,AQUAVITA WEALTH,SOYBEANS,YSB,128523700,EGYPT,NEW ORLEANS,MISSISSIPPI R.,GULF,EAST GULF,58297
20260528,BU,20260528,1,EVA GLOBAL,CORN,WHC,16056040,NICARAGUA,NEW ORLEANS,MISSISSIPPI R.,GULF,EAST GULF,7283
20260528,BU,20260528,1,HSL MEXICO,SOYBEANS,YSB,10152500,JAPAN,NEW ORLEANS,MISSISSIPPI R.,GULF,EAST GULF,4605
20260528,BU,20260528,1,HSL MEXICO,SOYBEANS,YSB,5276240,JAPAN,NEW ORLEANS,MISSISSIPPI R.,GULF,EAST GULF,2393
20260528,BU,20260527,1,UNITY DISCOVERY,CORN,YC,111980045,COLOMBIA,NEW ORLEANS,MISSISSIPPI R.,GULF,EAST GULF,50793
20260604,BU,20260529,1,CL YANGJIANG,CORN,YC,97244800,PANAMA,NEW ORLEANS,MISSISSIPPI R.,GULF,EAST GULF,44110
20260604,BU,20260529,1,MOONBEAM,CORN,WHC,92593040,VENEZUELA,NEW ORLEANS,MISSISSIPPI R.,GULF,EAST GULF,42000
20260604,BU,20260529,1,SSI PRUDENT,CORN,YC,132264700,SPAIN,NEW ORLEANS,MISSISSIPPI R.,GULF,EAST GULF,59994
20260604,BU,20260529,1,EVA GLOBAL,WHEAT,SRW,15600810,NICARAGUA,NEW ORLEANS,MISSISSIPPI R.,GULF,EAST GULF,7076
20260604,BU,20260529,1,EVA GLOBAL,CORN,YC,15196000,NICARAGUA,NEW ORLEANS,MISSISSIPPI R.,GULF,EAST GULF,6893
20260604,BU,20260530,1,SARAH H,SOYBEANS,YSB,145502540,EGYPT,NEW ORLEANS,MISSISSIPPI R.,GULF,EAST GULF,65999
20260604,BU,20260529,1,HSL MEXICO,CORN,YC,20723340,JAPAN,NEW ORLEANS,MISSISSIPPI R.,GULF,EAST GULF,9400
20260604,BU,20260529,1,HSL MEXICO,CORN,YC,15492120,JAPAN,NEW ORLEANS,MISSISSIPPI R.,GULF,EAST GULF,7027
20260604,BU,20260529,1,HSL MEXICO,SOYBEANS,YSB,44859620,JAPAN,NEW ORLEANS,MISSISSIPPI R.,GULF,EAST GULF,20348
20260604,BU,20260530,1,UNITY MOON,CORN,YC,51479310,HONDURAS,NEW ORLEANS,MISSISSIPPI R.,GULF,EAST GULF,23351
20260604,BU,20260530,1,CENTURY QUEEN,CORN,YC,12720940,GRENADA,NEW ORLEANS,MISSISSIPPI R.,GULF,EAST GULF,5770
20260604,BU,20260529,1,CENTURY QUEEN,WHEAT,SRW,2204540,GRENADA,NEW ORLEANS,MISSISSIPPI R.,GULF,EAST GULF,1000
20260604,BU,20260529,1,CENTURY QUEEN,WHEAT,HRS,8055500,GRENADA,NEW ORLEANS,MISSISSIPPI R.,GULF,EAST GULF,3654
20260604,BU,20260530,1,FREJA BULKER,CORN,YC,14549490,DOMINICN REP,NEW ORLEANS,MISSISSIPPI R.,GULF,EAST GULF,6600
20260604,BU,20260530,1,JADE WEALTH,CORN,YC,133375880,MEXICO,NEW ORLEANS,MISSISSIPPI R.,GULF,EAST GULF,60498
20260604,BU,20260531,1,SIMURGH,CORN,YC,34144440,JAPAN,NEW ORLEANS,MISSISSIPPI R.,GULF,EAST GULF,15488
20260604,BU,20260531,1,SIMURGH,SOYBEANS,YSB,64800500,JAPAN,NEW ORLEANS,MISSISSIPPI R.,GULF,EAST GULF,29393
20260604,BU,20260530,1,CENTURY QUEEN,SOYBEANS,YSB,6714640,GRENADA,NEW ORLEANS,MISSISSIPPI R.,GULF,EAST GULF,3046
20260604,BU,20260531,1,ATLANTIS UNITY,WHEAT,SRW,13837580,EL SALVADOR,NEW ORLEANS,MISSISSIPPI R.,GULF,EAST GULF,6277
20260604,BU,20260531,1,CD MANZANILLO,CORN,YC,87014080,COSTA RICA,NEW ORLEANS,MISSISSIPPI R.,GULF,EAST GULF,39469
20260604,BU,20260531,1,FEDERAL OSAKA,CORN,YC,128253165,SPAIN,NEW ORLEANS,MISSISSIPPI R.,GULF,EAST GULF,58175
20260604,BU,20260531,1,WL PALEKH,CORN,YC,72749260,IRELAND,NEW ORLEANS,MISSISSIPPI R.,GULF,EAST GULF,32999
20260604,BU,20260530,1,PROPEL PROSPERITY,CORN,YC,72751240,IRELAND,NEW ORLEANS,MISSISSIPPI R.,GULF,EAST GULF,32999
20260604,BU,20260601,1,WONDERFUL WORLD,CORN,YC,72753720,MEXICO,NEW ORLEANS,MISSISSIPPI R.,GULF,EAST GULF,33001
20260604,BU,20260529,1,INDIGO GARLAND,CORN,YC,109127600,MEXICO,NEW ORLEANS,MISSISSIPPI R.,GULF,EAST GULF,49499
20260604,BU,20260529,1,MDS ARIADNE,CORN,YC,27683420,HONDURAS,NEW ORLEANS,MISSISSIPPI R.,GULF,EAST GULF,12557
20260604,BU,20260601,1,EUROPA BAY,SOYBEANS,YSB,26674010,MEXICO,NEW ORLEANS,MISSISSIPPI R.,GULF,EAST GULF,12099
20260604,BU,20260601,1,UBC TAMPA,CORN,WHC,57317140,VENEZUELA,NEW ORLEANS,MISSISSIPPI R.,GULF,EAST GULF,25999
20260604,BU,20260601,1,IONIC SPIRIT,CORN,YC,95712660,COLOMBIA,NEW ORLEANS,MISSISSIPPI R.,GULF,EAST GULF,43415
20260604,BU,20260601,1,AMAPOLA,CORN,YC,48894030,GUATEMALA,NEW ORLEANS,MISSISSIPPI R.,GULF,EAST GULF,22178
20260604,BU,20260601,1,SEATTLE HARMONY,SOYBEANS,YSB,12124460,MEXICO,NEW ORLEANS,MISSISSIPPI R.,GULF,EAST GULF,5500
20260604,BU,20260601,1,TAHO FANTASY,CORN,YC,28767520,JAPAN,NEW ORLEANS,MISSISSIPPI R.,GULF,EAST GULF,13049
20260604,BU,20260530,1,JOSCO SHENGZHOU,CORN,YC,121256260,COLOMBIA,NEW ORLEANS,MISSISSIPPI R.,GULF,EAST GULF,55001
20260604,BU,20260531,1,ATLANTIS UNITY,CORN,YC,40567950,EL SALVADOR,NEW ORLEANS,MISSISSIPPI R.,GULF,EAST GULF,18401
20260604,BU,20260602,1,TANZANITE,CORN,YC,109126815,MEXICO,NEW ORLEANS,MISSISSIPPI R.,GULF,EAST GULF,49499
20260604,BU,20260601,1,EUROPA BAY,CORN,YC,64989680,MEXICO,NEW ORLEANS,MISSISSIPPI R.,GULF,EAST GULF,29479
20260604,BU,20260602,1,FEDERAL COLUMBIA,CORN,YC,27592740,NICARAGUA,NEW ORLEANS,MISSISSIPPI R.,GULF,EAST GULF,12516
20260604,BU,20260601,1,TAHO FANTASY,CORN,YC,25293640,JAPAN,NEW ORLEANS,MISSISSIPPI R.,GULF,EAST GULF,11473
20260604,BU,20260602,1,TAHO FANTASY,SOYBEANS,YSB,56218760,JAPAN,NEW ORLEANS,MISSISSIPPI R.,GULF,EAST GULF,25500
20260604,BU,20260603,1,AFRICAN INSPIRATION,CORN,YC,130194580,SPAIN,NEW ORLEANS,MISSISSIPPI R.,GULF,EAST GULF,59055
20260604,BU,20260603,1,AFRICAN JUNIPER,WHEAT,HRS,20793150,JAMAICA,NEW ORLEANS,MISSISSIPPI R.,GULF,EAST GULF,9432
20260604,BU,20260603,1,AFRICAN JUNIPER,WHEAT,SRW,9905130,JAMAICA,NEW ORLEANS,MISSISSIPPI R.,GULF,EAST GULF,4493
20260604,BU,20260603,1,AFRICAN JUNIPER,WHEAT,HRW,7352950,JAMAICA,NEW ORLEANS,MISSISSIPPI R.,GULF,EAST GULF,3335
20260604,BU,20260601,1,AMAPOLA,WHEAT,SRW,8963290,GUATEMALA,NEW ORLEANS,MISSISSIPPI R.,GULF,EAST GULF,4066
20260604,BU,20260604,1,HARILAOS JUNIOR,CORN,YC,134692400,SPAIN,NEW ORLEANS,MISSISSIPPI R.,GULF,EAST GULF,61095
20260604,BU,20260604,1,DRAWNO,CORN,YC,82890900,PORTUGAL,NEW ORLEANS,MISSISSIPPI R.,GULF,EAST GULF,37599
20260604,BU,20260604,1,WHITBY,CORN,YC,48065470,DOMINICN REP,NEW ORLEANS,MISSISSIPPI R.,GULF,EAST GULF,21802
20260604,BU,20260602,1,SEATTLE HARMONY,CORN,YC,63663320,MEXICO,NEW ORLEANS,MISSISSIPPI R.,GULF,EAST GULF,28877
20260604,BU,20260604,1,KARLINO,CORN,YC,78483760,GUATEMALA,NEW ORLEANS,MISSISSIPPI R.,GULF,EAST GULF,35600
20260604,BU,20260604,1,SEAHORSE,WHEAT,HRW,67759120,VENEZUELA,NEW ORLEANS,MISSISSIPPI R.,GULF,EAST GULF,30735
20260604,BU,20260604,1,S-BREEZE,CORN,YC,111555340,ISRAEL,NEW ORLEANS,MISSISSIPPI R.,GULF,EAST GULF,50601
20260611,BU,20260605,1,PAC ALNATH,SOYBEANS,YSB,55235960,INDONESIA,NEW ORLEANS,MISSISSIPPI R.,GULF,EAST GULF,25055
20260611,BU,20260605,1,LOWLANDS PATRASCHE,CORN,YC,106592000,MEXICO,NEW ORLEANS,MISSISSIPPI R.,GULF,EAST GULF,48349
20260611,BU,20260605,1,LOWLANDS PATRASCHE,WHEAT,SRW,9920840,MEXICO,NEW ORLEANS,MISSISSIPPI R.,GULF,EAST GULF,4500
20260611,BU,20260605,1,SAPIENTZA,CORN,YC,134921180,NETHERLANDS,NEW ORLEANS,MISSISSIPPI R.,GULF,EAST GULF,61199
20260611,BU,20260605,1,IRIS K,CORN,YC,70833140,MEXICO,NEW ORLEANS,MISSISSIPPI R.,GULF,EAST GULF,32129
20260611,BU,20260606,1,LOWLANDS BLOSSOM,CORN,YC,97000460,COLOMBIA,NEW ORLEANS,MISSISSIPPI R.,GULF,EAST GULF,43999
20260611,BU,20260606,1,ISABELA ISLAND,CORN,YC,17093540,HONDURAS,NEW ORLEANS,MISSISSIPPI R.,GULF,EAST GULF,7754
20260611,BU,20260607,1,ISABELA ISLAND,CORN,WHC,17439870,HONDURAS,NEW ORLEANS,MISSISSIPPI R.,GULF,EAST GULF,7911
20260611,BU,20260607,1,TAN BINH 299,CORN,YC,68552740,DOMINICN REP,NEW ORLEANS,MISSISSIPPI R.,GULF,EAST GULF,31095
20260611,BU,20260607,1,OBSERVATOR,CORN,YC,77421660,NICARAGUA,NEW ORLEANS,MISSISSIPPI R.,GULF,EAST GULF,35118
20260611,BU,20260607,1,OBSERVATOR,WHEAT,SRW,20061260,NICARAGUA,NEW ORLEANS,MISSISSIPPI R.,GULF,EAST GULF,9100
20260611,BU,20260606,1,UBC HALIFAX,CORN,YC,51385640,PANAMA,NEW ORLEANS,MISSISSIPPI R.,GULF,EAST GULF,23308
20260611,BU,20260607,1,ATLANTIS TRADE,CORN,YC,77617330,MEXICO,NEW ORLEANS,MISSISSIPPI R.,GULF,EAST GULF,35207
20260611,BU,20260608,1,LINA AKSOY,CORN,YC,83772810,COSTA RICA,NEW ORLEANS,MISSISSIPPI R.,GULF,EAST GULF,37999
20260611,BU,20260608,1,LINA AKSOY,SOYBEANS,YSB,27399290,COSTA RICA,NEW ORLEANS,MISSISSIPPI R.,GULF,EAST GULF,12428
20260611,BU,20260608,1,MANTA HATICE,CORN,YC,44255220,MOROCCO,NEW ORLEANS,MISSISSIPPI R.,GULF,EAST GULF,20074
20260611,BU,20260609,1,PORT ORIENT,CORN,YC,127832580,SPAIN,NEW ORLEANS,MISSISSIPPI R.,GULF,EAST GULF,57984
20260611,BU,20260609,1,SEAHEAVEN,SOYBEANS,YSB,127860100,EGYPT,NEW ORLEANS,MISSISSIPPI R.,GULF,EAST GULF,57996
20260611,BU,20260606,1,CAPE GULL,WHEAT,HRW,13023300,COLOMBIA,NEW ORLEANS,MISSISSIPPI R.,GULF,EAST GULF,5907
20260611,BU,20260607,1,KP ALBATROSS,CORN,YC,123238380,COLOMBIA,NEW ORLEANS,MISSISSIPPI R.,GULF,EAST GULF,55900
20260611,BU,20260608,1,GLOBAL SPLENDOUR,CORN,YC,84808740,JAPAN,NEW ORLEANS,MISSISSIPPI R.,GULF,EAST GULF,38469
20260611,BU,20260608,1,GLOBAL SPLENDOUR,CORN,YC,22983280,JAPAN,NEW ORLEANS,MISSISSIPPI R.,GULF,EAST GULF,10425
20260611,BU,20260606,1,CAPE GULL,CORN,WHC,59709840,COLOMBIA,NEW ORLEANS,MISSISSIPPI R.,GULF,EAST GULF,27084
20260611,BU,20260609,1,GLORIOUS,CORN,YC,132156780,SPAIN,NEW ORLEANS,MISSISSIPPI R.,GULF,EAST GULF,59945
20260611,BU,20260609,1,DENSA SEA LION,CORN,YC,36375640,MEXICO,NEW ORLEANS,MISSISSIPPI R.,GULF,EAST GULF,16500
20260611,BU,20260609,1,DENSA SEA LION,WHEAT,SRW,32016310,MEXICO,NEW ORLEANS,MISSISSIPPI R.,GULF,EAST GULF,14522
20260611,BU,20260610,1,ANNECY,CORN,YC,81015120,VENEZUELA,NEW ORLEANS,MISSISSIPPI R.,GULF,EAST GULF,36748
20260611,BU,20260609,1,THOR FUTURE,CORN,YC,102513870,MEXICO,NEW ORLEANS,MISSISSIPPI R.,GULF,EAST GULF,46500
20260611,BU,20260610,1,KIWI ARROW,CORN,WHC,15733970,EL SALVADOR,NEW ORLEANS,MISSISSIPPI R.,GULF,EAST GULF,7137
20260611,BU,20260610,1,FRANBO ACE,CORN,WHC,48229120,EL SALVADOR,NEW ORLEANS,MISSISSIPPI R.,GULF,EAST GULF,21876
20260611,BU,20260610,1,MODEST SW,SOYBEANS,YSB,148527780,CHINA,NEW ORLEANS,MISSISSIPPI R.,GULF,EAST GULF,67371
20260611,BU,20260611,1,ARMIA KRAJOWA,CORN,YC,48501100,MOROCCO,NEW ORLEANS,MISSISSIPPI R.,GULF,EAST GULF,22000
20260611,BU,20260611,1,AMIS ELEGANCE,SOYBEANS,YSB,112284380,EGYPT,NEW ORLEANS,MISSISSIPPI R.,GULF,EAST GULF,50931
20260611,BU,20260609,1,SIDER MADEIRA,SOYBEANS,YSB,132444570,EGYPT,NEW ORLEANS,MISSISSIPPI R.,GULF,EAST GULF,60076
20260611,BU,20260611,1,ULTRA CRIMSON,CORN,YC,20445480,JAPAN,NEW ORLEANS,MISSISSIPPI R.,GULF,EAST GULF,9274
20260611,BU,20260611,1,ULTRA CRIMSON,CORN,WHC,9488740,JAPAN,NEW ORLEANS,MISSISSIPPI R.,GULF,EAST GULF,4304
20260611,BU,20260611,1,ULTRA CRIMSON,CORN,YC,13823690,JAPAN,NEW ORLEANS,MISSISSIPPI R.,GULF,EAST GULF,6270
20260611,BU,20260611,1,ULTRA CRIMSON,CORN,YC,21370370,JAPAN,NEW ORLEANS,MISSISSIPPI R.,GULF,EAST GULF,9693
20260611,BU,20260610,1,ULTRA CRIMSON,CORN,YC,14454910,JAPAN,NEW ORLEANS,MISSISSIPPI R.,GULF,EAST GULF,6557
20260611,BU,20260610,1,ULTRA CRIMSON,SOYBEANS,YSB,9286030,JAPAN,NEW ORLEANS,MISSISSIPPI R.,GULF,EAST GULF,4212
20260611,BU,20260611,1,ULTRA CRIMSON,CORN,YC,24513770,JAPAN,NEW ORLEANS,MISSISSIPPI R.,GULF,EAST GULF,11119
20260611,BU,20260611,1,KIWI ARROW,CORN,YC,66074290,EL SALVADOR,NEW ORLEANS,MISSISSIPPI R.,GULF,EAST GULF,29971
20260611,BU,20260611,1,DESERT RANGER,WHEAT,HRS,24184120,NIGERIA,NEW ORLEANS,MISSISSIPPI R.,GULF,EAST GULF,10970
20260618,BU,20260612,1,EVER ALLIANCE,SOYBEANS,YSB,25046180,COLOMBIA,NEW ORLEANS,MISSISSIPPI R.,GULF,EAST GULF,11361
20260618,BU,20260612,1,EVER ALLIANCE,CORN,YC,83666440,COLOMBIA,NEW ORLEANS,MISSISSIPPI R.,GULF,EAST GULF,37950
20260618,BU,20260612,1,SPAR OCTANS,CORN,YC,101777040,DOMINICN REP,NEW ORLEANS,MISSISSIPPI R.,GULF,EAST GULF,46165
20260618,BU,20260612,1,SPAR OCTANS,SOYBEANS,YSB,25037420,DOMINICN REP,NEW ORLEANS,MISSISSIPPI R.,GULF,EAST GULF,11357
20260618,BU,20260613,1,VALENTINA,SOYBEANS,YSB,15690400,COLOMBIA,NEW ORLEANS,MISSISSIPPI R.,GULF,EAST GULF,7117
20260618,BU,20260613,1,VALENTINA,CORN,YC,55327560,COLOMBIA,NEW ORLEANS,MISSISSIPPI R.,GULF,EAST GULF,25096
20260618,BU,20260614,1,STELLA L,CORN,YC,111557000,JAPAN,NEW ORLEANS,MISSISSIPPI R.,GULF,EAST GULF,50601
20260618,BU,20260615,1,CORAL QUEEN,CORN,YC,71971970,COLOMBIA,NEW ORLEANS,MISSISSIPPI R.,GULF,EAST GULF,32646
20260618,BU,20260613,1,ASPRI,CORN,YC,32343560,HONDURAS,NEW ORLEANS,MISSISSIPPI R.,GULF,EAST GULF,14671
20260618,BU,20260612,1,SEATTLE HARMONY,CORN,YC,75175240,MEXICO,NEW ORLEANS,MISSISSIPPI R.,GULF,EAST GULF,34099
20260618,BU,20260614,1,SPRING LOTUS,CORN,YC,62565980,MEXICO,NEW ORLEANS,MISSISSIPPI R.,GULF,EAST GULF,28379
20260618,BU,20260614,1,SPRING LOTUS,SOYBEANS,YSB,26675460,MEXICO,NEW ORLEANS,MISSISSIPPI R.,GULF,EAST GULF,12100
20260618,BU,20260615,1,CENTURY EMERALD,WHEAT,HRW,9487540,ST. VINCENT,NEW ORLEANS,MISSISSIPPI R.,GULF,EAST GULF,4303
20260618,BU,20260615,1,CENTURY EMERALD,WHEAT,HRS,7164900,ST. VINCENT,NEW ORLEANS,MISSISSIPPI R.,GULF,EAST GULF,3250
20260618,BU,20260614,1,CENTURY EMERALD,CORN,YC,9359210,ST. VINCENT,NEW ORLEANS,MISSISSIPPI R.,GULF,EAST GULF,4245
20260618,BU,20260616,1,TIZIANA,CORN,YC,75488460,MEXICO,NEW ORLEANS,MISSISSIPPI R.,GULF,EAST GULF,34241
20260618,BU,20260616,1,FRANZ SCHULTE,CORN,WHC,73337800,MEXICO,NEW ORLEANS,MISSISSIPPI R.,GULF,EAST GULF,33265
20260618,BU,20260617,1,IONA ISLAND,CORN,YC,61618570,MEXICO,NEW ORLEANS,MISSISSIPPI R.,GULF,EAST GULF,27950
20260618,BU,20260612,1,DESERT RANGER,WHEAT,SRW,68846160,NIGERIA,NEW ORLEANS,MISSISSIPPI R.,GULF,EAST GULF,31228
20260618,BU,20260618,1,COAL PEARL,SOYBEANS,YSB,153239300,CHINA,NEW ORLEANS,MISSISSIPPI R.,GULF,EAST GULF,69508
20260618,BU,20260617,1,GH PRIDE,WHEAT,SRW,26413120,DOMINICN REP,NEW ORLEANS,MISSISSIPPI R.,GULF,EAST GULF,11981
20260618,BU,20260617,1,ARKLOW SPIRIT,CORN,YC,51591310,HONDURAS,NEW ORLEANS,MISSISSIPPI R.,GULF,EAST GULF,23401
20260618,BU,20260617,1,IRIS K,SOYBEANS,YSB,10569160,MEXICO,NEW ORLEANS,MISSISSIPPI R.,GULF,EAST GULF,4794
20260625,BU,20260619,1,GH PRIDE,WHEAT,HRW,69752900,DOMINICN REP,NEW ORLEANS,MISSISSIPPI R.,GULF,EAST GULF,31639
20260625,BU,20260619,1,GH PRIDE,CORN,YC,21865660,DOMINICN REP,NEW ORLEANS,MISSISSIPPI R.,GULF,EAST GULF,9918
20260625,BU,20260619,1,TANZANITE,CORN,YC,120133780,COLOMBIA,NEW ORLEANS,MISSISSIPPI R.,GULF,EAST GULF,54492
20260625,BU,20260620,1,SIDER CARTAGENA,CORN,YC,14526240,TRINIDAD,NEW ORLEANS,MISSISSIPPI R.,GULF,EAST GULF,6589
20260625,BU,20260620,1,SIDER CARTAGENA,SOYBEANS,YSB,8351050,TRINIDAD,NEW ORLEANS,MISSISSIPPI R.,GULF,EAST GULF,3788
20260625,BU,20260620,1,TZAREVETZ,CORN,YC,96510140,PORTUGAL,NEW ORLEANS,MISSISSIPPI R.,GULF,EAST GULF,43776
20260625,BU,20260619,1,IRIS K,CORN,YC,58872720,MEXICO,NEW ORLEANS,MISSISSIPPI R.,GULF,EAST GULF,26704
20260625,BU,20260621,1,PERSEAS,SOYBEANS,YSB,144157280,CHINA,NEW ORLEANS,MISSISSIPPI R.,GULF,EAST GULF,65389
20260625,BU,20260621,1,JADE WEALTH,WHEAT,SRW,23986000,MEXICO,NEW ORLEANS,MISSISSIPPI R.,GULF,EAST GULF,10880
20260625,BU,20260622,1,JADE WEALTH,CORN,YC,91408980,MEXICO,NEW ORLEANS,MISSISSIPPI R.,GULF,EAST GULF,41462
20260625,BU,20260621,1,MAMMA MIA,CORN,YC,15652500,JAPAN,NEW ORLEANS,MISSISSIPPI R.,GULF,EAST GULF,7100
20260625,BU,20260620,1,MAMMA MIA,SOYBEANS,YSB,52040460,JAPAN,NEW ORLEANS,MISSISSIPPI R.,GULF,EAST GULF,23605
20260625,BU,20260621,1,MAMMA MIA,CORN,YC,26640820,JAPAN,NEW ORLEANS,MISSISSIPPI R.,GULF,EAST GULF,12084
20260625,BU,20260621,1,MAMMA MIA,CORN,YC,20414600,JAPAN,NEW ORLEANS,MISSISSIPPI R.,GULF,EAST GULF,9260
20260625,BU,20260622,1,AEOLOS,CORN,YC,132320920,SPAIN,NEW ORLEANS,MISSISSIPPI R.,GULF,EAST GULF,60020
20260625,BU,20260621,1,INDIGO GARLAND,CORN,YC,135800880,IRELAND,NEW ORLEANS,MISSISSIPPI R.,GULF,EAST GULF,61598
20260625,BU,20260621,1,YASA CANARY,CORN,YC,114019710,MOROCCO,NEW ORLEANS,MISSISSIPPI R.,GULF,EAST GULF,51718
20260625,BU,20260622,1,JIANGMEN TRADER,CORN,YC,16796810,HONDURAS,NEW ORLEANS,MISSISSIPPI R.,GULF,EAST GULF,7619
20260625,BU,20260622,1,AGIA DYNAMI,CORN,YC,49782970,DOMINICN REP,NEW ORLEANS,MISSISSIPPI R.,GULF,EAST GULF,22581
20260625,BU,20260622,1,ROYAL MIDORI,CORN,YC,136500880,PORTUGAL,NEW ORLEANS,MISSISSIPPI R.,GULF,EAST GULF,61916
20260625,BU,20260622,1,LOWLANDS MUZE,CORN,YC,34645290,GUATEMALA,NEW ORLEANS,MISSISSIPPI R.,GULF,EAST GULF,15715
20260625,BU,20260621,1,LOWLANDS MUZE,WHEAT,SRW,17148900,GUATEMALA,NEW ORLEANS,MISSISSIPPI R.,GULF,EAST GULF,7779
20260625,BU,20260623,1,STELLAR RIONI,CORN,YC,81456920,GUATEMALA,NEW ORLEANS,MISSISSIPPI R.,GULF,EAST GULF,36948
20260625,BU,20260623,1,SANYU,SOYBEANS,YSB,49152040,JAPAN,NEW ORLEANS,MISSISSIPPI R.,GULF,EAST GULF,22295
20260625,BU,20260623,1,SANYU,CORN,YC,33346340,JAPAN,NEW ORLEANS,MISSISSIPPI R.,GULF,EAST GULF,15126
20260625,BU,20260623,1,OCEAN EAST,CORN,YC,56206440,COLOMBIA,NEW ORLEANS,MISSISSIPPI R.,GULF,EAST GULF,25495
20260625,BU,20260623,1,OCEAN EAST,SOYBEANS,YSB,26067800,COLOMBIA,NEW ORLEANS,MISSISSIPPI R.,GULF,EAST GULF,11824
20260625,BU,20260620,1,21 HONOR,WHEAT,HRW,12137240,GUATEMALA,NEW ORLEANS,MISSISSIPPI R.,GULF,EAST GULF,5505
20260625,BU,20260620,1,21 HONOR,CORN,WHC,29216840,GUATEMALA,NEW ORLEANS,MISSISSIPPI R.,GULF,EAST GULF,13253
20260625,BU,20260624,1,SPAR APUS,CORN,YC,96999380,COLOMBIA,NEW ORLEANS,MISSISSIPPI R.,GULF,EAST GULF,43998
20260625,BU,20260624,1,SPAR APUS,CORN,WHC,24097340,COLOMBIA,NEW ORLEANS,MISSISSIPPI R.,GULF,EAST GULF,10930
20260625,BU,20260623,1,JIANGMEN TRADER,WHEAT,HRS,16580590,HONDURAS,NEW ORLEANS,MISSISSIPPI R.,GULF,EAST GULF,7521
20260625,BU,20260624,1,AURORA VEGA,CORN,YC,44753200,VENEZUELA,NEW ORLEANS,MISSISSIPPI R.,GULF,EAST GULF,20300
20260625,BU,20260625,1,GREEN WINDS,CORN,YC,69306920,JAPAN,NEW ORLEANS,MISSISSIPPI R.,GULF,EAST GULF,31437
20260625,BU,20260624,1,GREEN WINDS,SOYBEANS,YSB,5092660,JAPAN,NEW ORLEANS,MISSISSIPPI R.,GULF,EAST GULF,2310
20260625,BU,20260625,1,GREEN WINDS,CORN,YC,32786600,JAPAN,NEW ORLEANS,MISSISSIPPI R.,GULF,EAST GULF,14872
20260625,BU,20260625,1,DISKO ISLAND,SOYBEANS,YSB,119191600,EGYPT,NEW ORLEANS,MISSISSIPPI R.,GULF,EAST GULF,54064
20260625,BU,20260625,1,ARCOLA,CORN,YC,24250420,COLOMBIA,NEW ORLEANS,MISSISSIPPI R.,GULF,EAST GULF,11000
20260625,BU,20260625,1,ARCOLA,WHEAT,SRW,21151980,COLOMBIA,NEW ORLEANS,MISSISSIPPI R.,GULF,EAST GULF,9594
20260625,BU,20260624,1,ARCOLA,SOYBEANS,YSB,22731280,COLOMBIA,NEW ORLEANS,MISSISSIPPI R.,GULF,EAST GULF,10311
20260625,BU,20260625,1,JABAL ALKAWR,CORN,YC,76267240,NETHERLANDS,NEW ORLEANS,MISSISSIPPI R.,GULF,EAST GULF,34594
20260625,BU,20260625,1,NICHOLAS,CORN,YC,44662500,MOROCCO,NEW ORLEANS,MISSISSIPPI R.,GULF,EAST GULF,20259
20260625,BU,20260625,1,ASAHI OCEAN,SOYBEANS,YSB,12124540,MEXICO,NEW ORLEANS,MISSISSIPPI R.,GULF,EAST GULF,5500
20260625,BU,20260625,1,MELODY FAIR,SOYBEANS,YSB,6982380,JAPAN,NEW ORLEANS,MISSISSIPPI R.,GULF,EAST GULF,3167
20260702,BU,20260626,1,ASAHI OCEAN,CORN,YC,54565270,MEXICO,NEW ORLEANS,MISSISSIPPI R.,GULF,EAST GULF,24750
20260702,BU,20260626,1,MELODY FAIR,SOYBEANS,YSB,76455880,JAPAN,NEW ORLEANS,MISSISSIPPI R.,GULF,EAST GULF,34680
20260702,BU,20260626,1,MELODY FAIR,SOYBEANS,YSB,21823820,JAPAN,NEW ORLEANS,MISSISSIPPI R.,GULF,EAST GULF,9899
20260702,BU,20260626,1,MELODY FAIR,SOYBEANS,YSB,3520060,JAPAN,NEW ORLEANS,MISSISSIPPI R.,GULF,EAST GULF,1597
20260702,BU,20260626,1,AMOY GLORY,CORN,YC,102293080,COLOMBIA,NEW ORLEANS,MISSISSIPPI R.,GULF,EAST GULF,46399
20260702,BU,20260626,1,AMOY GLORY,CORN,WHC,27410300,COLOMBIA,NEW ORLEANS,MISSISSIPPI R.,GULF,EAST GULF,12433
20260702,BU,20260627,1,NING JING HAI,CORN,YC,121250970,COLOMBIA,NEW ORLEANS,MISSISSIPPI R.,GULF,EAST GULF,54999
20260702,BU,20260628,1,AFRICAN AVOCET,CORN,YC,102541700,MEXICO,NEW ORLEANS,MISSISSIPPI R.,GULF,EAST GULF,46512
20260702,BU,20260627,1,AFRICAN AVOCET,WHEAT,HRW,12125120,MEXICO,NEW ORLEANS,MISSISSIPPI R.,GULF,EAST GULF,5500
20260702,BU,20260627,1,NORDSEINE,CORN,YC,46211220,GUATEMALA,NEW ORLEANS,MISSISSIPPI R.,GULF,EAST GULF,20961
20260702,BU,20260628,1,RUBINA,SOYBEANS,YSB,153511780,CHINA,NEW ORLEANS,MISSISSIPPI R.,GULF,EAST GULF,69632
20260702,BU,20260628,1,FALCON TRADER,CORN,YC,39674250,DOMINICN REP,NEW ORLEANS,MISSISSIPPI R.,GULF,EAST GULF,17996
20260702,BU,20260628,1,ATLANTIS TRADE,CORN,YC,61837080,MEXICO,NEW ORLEANS,MISSISSIPPI R.,GULF,EAST GULF,28049
20260702,BU,20260628,1,NM CHERRY BLOSSOM,CORN,YC,121251260,COLOMBIA,NEW ORLEANS,MISSISSIPPI R.,GULF,EAST GULF,54999
20260702,BU,20260628,1,CL CENTURY,WHEAT,SRW,27557100,MEXICO,NEW ORLEANS,MISSISSIPPI R.,GULF,EAST GULF,12500
20260702,BU,20260629,1,CL CENTURY,CORN,YC,86726340,MEXICO,NEW ORLEANS,MISSISSIPPI R.,GULF,EAST GULF,39338
20260702,BU,20260628,1,GLENPARK,CORN,YC,79661280,MEXICO,NEW ORLEANS,MISSISSIPPI R.,GULF,EAST GULF,36134
20260702,BU,20260630,1,SANTA CAROLINA,CORN,YC,68684280,COSTA RICA,NEW ORLEANS,MISSISSIPPI R.,GULF,EAST GULF,31155
20260702,BU,20260629,1,SANTA CAROLINA,SOYBEANS,YSB,27032200,COSTA RICA,NEW ORLEANS,MISSISSIPPI R.,GULF,EAST GULF,12262
20260702,BU,20260629,1,UBC TARRAGONA,CORN,YC,56993960,JAMAICA,NEW ORLEANS,MISSISSIPPI R.,GULF,EAST GULF,25852
20260702,BU,20260627,1,PAC CANOPUS,SOYBEANS,YSB,55129180,INDONESIA,NEW ORLEANS,MISSISSIPPI R.,GULF,EAST GULF,25006
20260702,BU,20260629,1,HONG FU,SOYBEANS,YSB,147148800,CHINA,NEW ORLEANS,MISSISSIPPI R.,GULF,EAST GULF,66746
20260702,BU,20260630,1,UBC STAVANGER,SOYBEANS,YSB,12124720,VENEZUELA,NEW ORLEANS,MISSISSIPPI R.,GULF,EAST GULF,5500
20260702,BU,20260630,1,UBC STAVANGER,CORN,YC,54188040,VENEZUELA,NEW ORLEANS,MISSISSIPPI R.,GULF,EAST GULF,24579
20260702,BU,20260630,1,UBC HALIFAX,CORN,WHC,72751060,VENEZUELA,NEW ORLEANS,MISSISSIPPI R.,GULF,EAST GULF,32999
20260702,BU,20260630,1,SEATTLE HARMONY,WHEAT,SRW,77656200,ECUADOR,NEW ORLEANS,MISSISSIPPI R.,GULF,EAST GULF,35224
20260702,BU,20260701,1,BERGE JUNGFRAU,CORN,YC,70987770,MEXICO,NEW ORLEANS,MISSISSIPPI R.,GULF,EAST GULF,32200
20260702,BU,20260629,1,TEGEA,SOYBEANS,YSB,16667030,PANAMA,NEW ORLEANS,MISSISSIPPI R.,GULF,EAST GULF,7560
20260702,BU,20260701,1,TEGEA,CORN,YC,70893280,PANAMA,NEW ORLEANS,MISSISSIPPI R.,GULF,EAST GULF,32157
20260702,BU,20260702,1,LOWLANDS PATRASCHE,CORN,YC,133375360,MEXICO,NEW ORLEANS,MISSISSIPPI R.,GULF,EAST GULF,60498
20260702,BU,20260702,1,ANNECY,CORN,YC,53742640,HONDURAS,NEW ORLEANS,MISSISSIPPI R.,GULF,EAST GULF,24377
20260702,BU,20260702,1,FORTUNE GRACE,CORN,YC,27610050,COLOMBIA,NEW ORLEANS,MISSISSIPPI R.,GULF,EAST GULF,12524
20260702,BU,20260702,1,FORTUNE GRACE,SOYBEANS,YSB,21166010,COLOMBIA,NEW ORLEANS,MISSISSIPPI R.,GULF,EAST GULF,9601
20260702,BU,20260701,1,FORTUNE GRACE,WHEAT,HRW,24250440,COLOMBIA,NEW ORLEANS,MISSISSIPPI R.,GULF,EAST GULF,11000
20260702,BU,20260702,1,FORTUNE GRACE,WHEAT,SRW,15957080,COLOMBIA,NEW ORLEANS,MISSISSIPPI R.,GULF,EAST GULF,7238
20260702,BU,20260701,1,GNG CONCORD 2,SOYBEANS,YSB,144803080,CHINA,NEW ORLEANS,MISSISSIPPI R.,GULF,EAST GULF,65682
20260702,BU,20260702,1,SPAR VEGA,SOYBEANS,YSB,57538100,KOREA REP,NEW ORLEANS,MISSISSIPPI R.,GULF,EAST GULF,26099
20260702,BU,20260702,1,OCEAN GENOVA,CORN,YC,89129840,COLOMBIA,NEW ORLEANS,MISSISSIPPI R.,GULF,EAST GULF,40429
20260702,BU,20260701,1,OCEAN GENOVA,WHEAT,SRW,23919540,COLOMBIA,NEW ORLEANS,MISSISSIPPI R.,GULF,EAST GULF,10850
20260709,BU,20260703,1,SPAR VEGA,CORN,YC,48499940,KOREA REP,NEW ORLEANS,MISSISSIPPI R.,GULF,EAST GULF,21999
20260709,BU,20260703,1,CENTURY GOLD,WHEAT,SRW,9561160,JAMAICA,NEW ORLEANS,MISSISSIPPI R.,GULF,EAST GULF,4337
20260709,BU,20260703,1,CENTURY GOLD,WHEAT,HRS,23799620,JAMAICA,NEW ORLEANS,MISSISSIPPI R.,GULF,EAST GULF,10795
20260709,BU,20260703,1,OCEAN HELOS,CORN,YC,49926060,DOMINICN REP,NEW ORLEANS,MISSISSIPPI R.,GULF,EAST GULF,22646
20260709,BU,20260704,1,JOSCO SHENGZHOU,CORN,YC,97002400,PANAMA,NEW ORLEANS,MISSISSIPPI R.,GULF,EAST GULF,44000
20260709,BU,20260704,1,BRILLIANT TRADER,CORN,YC,112138380,SAUDI ARABIA,NEW ORLEANS,MISSISSIPPI R.,GULF,EAST GULF,50865
20260709,BU,20260704,1,BRILLIANT TRADER,SOYBEANS,YSB,47561000,SAUDI ARABIA,NEW ORLEANS,MISSISSIPPI R.,GULF,EAST GULF,21573
20260709,BU,20260704,1,LEFTERIS T,CORN,YC,12699830,COSTA RICA,NEW ORLEANS,MISSISSIPPI R.,GULF,EAST GULF,5761
20260709,BU,20260704,1,LEFTERIS T,SOYBEANS,YSB,30516700,COSTA RICA,NEW ORLEANS,MISSISSIPPI R.,GULF,EAST GULF,13842
20260709,BU,20260705,1,LEFTERIS T,WHEAT,SRW,16812030,COSTA RICA,NEW ORLEANS,MISSISSIPPI R.,GULF,EAST GULF,7626
20260709,BU,20260703,1,XIN AN NING,SOYBEANS,YSB,111772020,EGYPT,NEW ORLEANS,MISSISSIPPI R.,GULF,EAST GULF,50699
20260709,BU,20260705,1,ST GEORGE,CORN,YC,48435130,COLOMBIA,NEW ORLEANS,MISSISSIPPI R.,GULF,EAST GULF,21970
20260709,BU,20260705,1,ST GEORGE,CORN,WHC,17479610,COLOMBIA,NEW ORLEANS,MISSISSIPPI R.,GULF,EAST GULF,7929
20260709,BU,20260704,1,SOPOT,WHEAT,HRW,14321490,HONDURAS,NEW ORLEANS,MISSISSIPPI R.,GULF,EAST GULF,6496
20260709,BU,20260706,1,SOPOT,WHEAT,SRW,20392930,HONDURAS,NEW ORLEANS,MISSISSIPPI R.,GULF,EAST GULF,9250
20260709,BU,20260705,1,SOPOT,WHEAT,HRS,12579520,HONDURAS,NEW ORLEANS,MISSISSIPPI R.,GULF,EAST GULF,5706
20260709,BU,20260706,1,SANTOS TRADER,CORN,YC,54080185,MEXICO,NEW ORLEANS,MISSISSIPPI R.,GULF,EAST GULF,24530
20260709,BU,20260705,1,SANTOS TRADER,SOYBEANS,YSB,26675280,MEXICO,NEW ORLEANS,MISSISSIPPI R.,GULF,EAST GULF,12100
20260709,BU,20260705,1,AUGUST,SOYBEANS,YSB,111406000,JAPAN,NEW ORLEANS,MISSISSIPPI R.,GULF,EAST GULF,50533
20260709,BU,20260706,1,DIAMOND SKY,CORN,YC,95174590,COLOMBIA,NEW ORLEANS,MISSISSIPPI R.,GULF,EAST GULF,43170
20260709,BU,20260707,1,CONDOR ARROW,CORN,YC,91856820,MEXICO,NEW ORLEANS,MISSISSIPPI R.,GULF,EAST GULF,41666
20260709,BU,20260706,1,CONDOR ARROW,WHEAT,SRW,22421600,MEXICO,NEW ORLEANS,MISSISSIPPI R.,GULF,EAST GULF,10170
20260709,BU,20260707,1,UNION TAYLOR,WHEAT,HRW,16974980,HONDURAS,NEW ORLEANS,MISSISSIPPI R.,GULF,EAST GULF,7700
20260709,BU,20260707,1,RI GUAN FENG,SOYBEANS,YSB,145216980,CHINA,NEW ORLEANS,MISSISSIPPI R.,GULF,EAST GULF,65869
20260709,BU,20260708,1,TAI STEADINESS,CORN,YC,109123080,MEXICO,NEW ORLEANS,MISSISSIPPI R.,GULF,EAST GULF,49497
20260709,BU,20260707,1,KYRA  PANAGHIA,CORN,YC,129986240,NETHERLANDS,NEW ORLEANS,MISSISSIPPI R.,GULF,EAST GULF,58961
20260709,BU,20260708,1,SANTA ALEXANDRA,CORN,YC,23328030,JAPAN,NEW ORLEANS,MISSISSIPPI R.,GULF,EAST GULF,10581
20260709,BU,20260707,1,SSI VIGILANT,CORN,YC,84215400,HONDURAS,NEW ORLEANS,MISSISSIPPI R.,GULF,EAST GULF,38199
20260709,BU,20260706,1,SSI VIGILANT,WHEAT,SRW,23697860,HONDURAS,NEW ORLEANS,MISSISSIPPI R.,GULF,EAST GULF,10749
20260709,BU,20260708,1,SANTA ALEXANDRA,CORN,YC,89789720,JAPAN,NEW ORLEANS,MISSISSIPPI R.,GULF,EAST GULF,40728
20260709,BU,20260708,1,DENSA SEA LION,CORN,YC,24241520,MEXICO,NEW ORLEANS,MISSISSIPPI R.,GULF,EAST GULF,10996
20260709,BU,20260708,1,DENSA SEA LION,WHEAT,SRW,49113640,MEXICO,NEW ORLEANS,MISSISSIPPI R.,GULF,EAST GULF,22278
20260709,BU,20260708,1,AMIS STAR,SOYBEANS,YSB,127535850,EGYPT,NEW ORLEANS,MISSISSIPPI R.,GULF,EAST GULF,57849
20260709,BU,20260709,1,JADE WEALTH,CORN,YC,109126620,MEXICO,NEW ORLEANS,MISSISSIPPI R.,GULF,EAST GULF,49499
20260709,BU,20260708,1,PAC SEGINUS,SOYBEANS,YSB,55375580,INDONESIA,NEW ORLEANS,MISSISSIPPI R.,GULF,EAST GULF,25118
20260709,BU,20260706,1,UNION TAYLOR,CORN,WHC,17424610,HONDURAS,NEW ORLEANS,MISSISSIPPI R.,GULF,EAST GULF,7904
20260709,BU,20260709,1,THOR INSUVI,CORN,YC,63721760,MEXICO,NEW ORLEANS,MISSISSIPPI R.,GULF,EAST GULF,28904
20260709,BU,20260709,1,THOR INSUVI,WHEAT,SRW,43699630,MEXICO,NEW ORLEANS,MISSISSIPPI R.,GULF,EAST GULF,19822
20260709,BU,20260709,1,21 HONOR,CORN,YC,49285470,EL SALVADOR,NEW ORLEANS,MISSISSIPPI R.,GULF,EAST GULF,22356
20260716,BU,20260710,1,INDONESIAN BULKER,CORN,YC,71694860,MEXICO,NEW ORLEANS,MISSISSIPPI R.,GULF,EAST GULF,32520
20260716,BU,20260710,1,OSLO BULK 4,WHEAT,HRW,16194940,HAITI,NEW ORLEANS,MISSISSIPPI R.,GULF,EAST GULF,7346
20260716,BU,20260711,1,MAINA,CORN,YC,128559640,SPAIN,NEW ORLEANS,MISSISSIPPI R.,GULF,EAST GULF,58314
20260716,BU,20260711,1,IONIC SPIRIT,CORN,YC,115749400,VENEZUELA,NEW ORLEANS,MISSISSIPPI R.,GULF,EAST GULF,52503
20260716,BU,20260711,1,STELLAR RIONI,SOYBEANS,YSB,29098420,MEXICO,NEW ORLEANS,MISSISSIPPI R.,GULF,EAST GULF,13199
20260716,BU,20260711,1,INSPIRATION LAKE,CORN,YC,31123470,EL SALVADOR,NEW ORLEANS,MISSISSIPPI R.,GULF,EAST GULF,14117
20260716,BU,20260711,1,INSPIRATION LAKE,WHEAT,SRW,17134190,EL SALVADOR,NEW ORLEANS,MISSISSIPPI R.,GULF,EAST GULF,7772
20260716,BU,20260712,1,INSPIRATION LAKE,CORN,WHC,13310990,EL SALVADOR,NEW ORLEANS,MISSISSIPPI R.,GULF,EAST GULF,6038
20260716,BU,20260712,1,MAGIC L,CORN,YC,153277690,SPAIN,NEW ORLEANS,MISSISSIPPI R.,GULF,EAST GULF,69526
20260716,BU,20260713,1,SPRING JASMINE,CORN,YC,91278860,COLOMBIA,NEW ORLEANS,MISSISSIPPI R.,GULF,EAST GULF,41403
20260716,BU,20260712,1,SPRING JASMINE,SOYBEANS,YSB,23919560,COLOMBIA,NEW ORLEANS,MISSISSIPPI R.,GULF,EAST GULF,10850
20260716,BU,20260711,1,STELLAR RIONI,CORN,YC,47932360,MEXICO,NEW ORLEANS,MISSISSIPPI R.,GULF,EAST GULF,21742
20260716,BU,20260711,1,HU PO HAI,CORN,YC,55019270,PANAMA,NEW ORLEANS,MISSISSIPPI R.,GULF,EAST GULF,24956
20260716,BU,20260712,1,ARKLOW SPIRIT,CORN,YC,50849450,MEXICO,NEW ORLEANS,MISSISSIPPI R.,GULF,EAST GULF,23065
20260716,BU,20260713,1,ARKLOW SPIRIT,SOYBEANS,YSB,24843700,MEXICO,NEW ORLEANS,MISSISSIPPI R.,GULF,EAST GULF,11269
20260716,BU,20260714,1,AFRICAN JUNIPER,WHEAT,HRS,21388940,ST. LUCIA,NEW ORLEANS,MISSISSIPPI R.,GULF,EAST GULF,9702
20260716,BU,20260713,1,AFRICAN JUNIPER,WHEAT,SRW,12748320,ST. LUCIA,NEW ORLEANS,MISSISSIPPI R.,GULF,EAST GULF,5783
20260716,BU,20260713,1,HYDRA,CORN,YC,129721500,MEXICO,NEW ORLEANS,MISSISSIPPI R.,GULF,EAST GULF,58841
20260716,BU,20260713,1,REIWA BREEZE,WHEAT,SRW,72749220,MEXICO,NEW ORLEANS,MISSISSIPPI R.,GULF,EAST GULF,32999
20260716,BU,20260713,1,CENTURION GORYO,CORN,YC,84580840,VENEZUELA,NEW ORLEANS,MISSISSIPPI R.,GULF,EAST GULF,38365
20260716,BU,20260715,1,JIANGMEN TRADER,CORN,YC,62654740,MEXICO,NEW ORLEANS,MISSISSIPPI R.,GULF,EAST GULF,28420
20260716,BU,20260715,1,JIANGMEN TRADER,WHEAT,SRW,9103800,MEXICO,NEW ORLEANS,MISSISSIPPI R.,GULF,EAST GULF,4129
20260716,BU,20260715,1,SUNNY BAY,CORN,YC,110911020,HONDURAS,NEW ORLEANS,MISSISSIPPI R.,GULF,EAST GULF,50308
20260716,BU,20260716,1,ROYAL PEARL,SOYBEANS,YSB,129344765,GERMANY,NEW ORLEANS,MISSISSIPPI R.,GULF,EAST GULF,58670
20260716,BU,20260716,1,SOLE,CANOLA,,103219320,GERMANY,NEW ORLEANS,MISSISSIPPI R.,GULF,EAST GULF,46820
20260716,BU,20260716,1,SAKURA GLORY,CORN,YC,22431500,JAPAN,NEW ORLEANS,MISSISSIPPI R.,GULF,EAST GULF,10175
20260716,BU,20260716,1,SAKURA GLORY,CORN,YC,23152960,JAPAN,NEW ORLEANS,MISSISSIPPI R.,GULF,EAST GULF,10502
20260716,BU,20260716,1,LU XIANG,CORN,YC,88705070,JAPAN,NEW ORLEANS,MISSISSIPPI R.,GULF,EAST GULF,40236
20260716,BU,20260716,1,LU XIANG,CORN,YC,12968460,JAPAN,NEW ORLEANS,MISSISSIPPI R.,GULF,EAST GULF,5882
20260716,BU,20260716,1,LU XIANG,CORN,WHC,6610100,JAPAN,NEW ORLEANS,MISSISSIPPI R.,GULF,EAST GULF,2998
20260716,BU,20260716,1,TRUST STAR,CORN,YC,26675640,UN KINGDOM,NEW ORLEANS,MISSISSIPPI R.,GULF,EAST GULF,12100
20260716,BU,20260715,1,PAN IMPERIAL,CORN,YC,32156220,JAPAN,NEW ORLEANS,MISSISSIPPI R.,GULF,EAST GULF,14586
20260716,BU,20260716,1,VINCA,SOYBEANS,YSB,144683720,CHINA,NEW ORLEANS,MISSISSIPPI R.,GULF,EAST GULF,65627
20260716,BU,20260716,1,PAN IMPERIAL,CORN,YC,27148500,JAPAN,NEW ORLEANS,MISSISSIPPI R.,GULF,EAST GULF,12314
20260716,BU,20260716,1,SAKURA GLORY,SOYBEANS,YSB,45280360,JAPAN,NEW ORLEANS,MISSISSIPPI R.,GULF,EAST GULF,20539
20260716,BU,20260716,1,SAKURA GLORY,SOYBEANS,YSB,17627780,JAPAN,NEW ORLEANS,MISSISSIPPI R.,GULF,EAST GULF,7996
20260716,BU,20260716,1,ORIENT PEARL,WHEAT,HRW,8867660,MEXICO,NEW ORLEANS,MISSISSIPPI R.,GULF,EAST GULF,4022
20260723,BU,20260717,1,PAN IMPERIAL,CORN,YC,53207900,JAPAN,NEW ORLEANS,MISSISSIPPI R.,GULF,EAST GULF,24135
20260723,BU,20260717,1,INOI,CORN,YC,55751560,MEXICO,NEW ORLEANS,MISSISSIPPI R.,GULF,EAST GULF,25288
20260723,BU,20260717,1,S-BOND,WHEAT,SRW,58701360,PERU,NEW ORLEANS,MISSISSIPPI R.,GULF,EAST GULF,26626
20260723,BU,20260718,1,SOLINA,WHEAT,SRW,33069140,BRAZIL,NEW ORLEANS,MISSISSIPPI R.,GULF,EAST GULF,15000
20260723,BU,20260717,1,ORIENT PEARL,SOYBEANS,YSB,32348260,MEXICO,NEW ORLEANS,MISSISSIPPI R.,GULF,EAST GULF,14673
20260723,BU,20260718,1,ORIENT PEARL,WHEAT,SRW,24242580,MEXICO,NEW ORLEANS,MISSISSIPPI R.,GULF,EAST GULF,10996
20260723,BU,20260717,1,COOPER ISLAND,CORN,YC,105993405,MEXICO,NEW ORLEANS,MISSISSIPPI R.,GULF,EAST GULF,48078
20260723,BU,20260717,1,CL YANGJIANG,CORN,YC,91500540,COLOMBIA,NEW ORLEANS,MISSISSIPPI R.,GULF,EAST GULF,41504
20260723,BU,20260717,1,CL YANGJIANG,SOYBEANS,YSB,23882220,COLOMBIA,NEW ORLEANS,MISSISSIPPI R.,GULF,EAST GULF,10833
20260723,BU,20260718,1,OUTRIDER,CORN,YC,69336700,ITALY,NEW ORLEANS,MISSISSIPPI R.,GULF,EAST GULF,31451
20260723,BU,20260719,1,IRIS K,CORN,YC,70737880,MEXICO,NEW ORLEANS,MISSISSIPPI R.,GULF,EAST GULF,32086
20260723,BU,20260719,1,MALTO ELAN,SOYBEANS,YSB,88414480,JAPAN,NEW ORLEANS,MISSISSIPPI R.,GULF,EAST GULF,40104
20260723,BU,20260719,1,MALTO ELAN,CORN,YC,21711420,JAPAN,NEW ORLEANS,MISSISSIPPI R.,GULF,EAST GULF,9848
20260723,BU,20260718,1,OLITA,CORN,WHC,26978400,COLOMBIA,NEW ORLEANS,MISSISSIPPI R.,GULF,EAST GULF,12237
20260723,BU,20260719,1,OLITA,WHEAT,SRW,22114720,COLOMBIA,NEW ORLEANS,MISSISSIPPI R.,GULF,EAST GULF,10031
20260723,BU,20260719,1,OLITA,WHEAT,HRW,55114220,COLOMBIA,NEW ORLEANS,MISSISSIPPI R.,GULF,EAST GULF,24999
20260723,BU,20260720,1,THOR COURAGE,CORN,YC,121253020,COLOMBIA,NEW ORLEANS,MISSISSIPPI R.,GULF,EAST GULF,54999
20260723,BU,20260720,1,SEASTAR TROJAN,CORN,YC,20327010,CUBA,NEW ORLEANS,MISSISSIPPI R.,GULF,EAST GULF,9220
20260723,BU,20260720,1,UBC TILBURY,WHEAT,HRS,24250200,TRINIDAD,NEW ORLEANS,MISSISSIPPI R.,GULF,EAST GULF,11000
20260723,BU,20260720,1,UBC TILBURY,CORN,YC,13094960,TRINIDAD,NEW ORLEANS,MISSISSIPPI R.,GULF,EAST GULF,5940
20260723,BU,20260721,1,UBC STOCKHOLM,CORN,YC,54198340,COSTA RICA,NEW ORLEANS,MISSISSIPPI R.,GULF,EAST GULF,24584
20260723,BU,20260720,1,AFROESSA,SOYBEANS,YSB,143639200,EGYPT,NEW ORLEANS,MISSISSIPPI R.,GULF,EAST GULF,65154
20260723,BU,20260720,1,TOMINI FELICITY,CORN,YC,133141840,SPAIN,NEW ORLEANS,MISSISSIPPI R.,GULF,EAST GULF,60392
20260723,BU,20260717,1,S-BOND,CORN,YC,49537640,COLOMBIA,NEW ORLEANS,MISSISSIPPI R.,GULF,EAST GULF,22470
20260723,BU,20260722,1,DESERT LEOPARD,CORN,YC,111840040,COLOMBIA,NEW ORLEANS,MISSISSIPPI R.,GULF,EAST GULF,50730
20260723,BU,20260720,1,UBC TILBURY,WHEAT,SRW,20007340,TRINIDAD,NEW ORLEANS,MISSISSIPPI R.,GULF,EAST GULF,9075
20260723,BU,20260719,1,IVORY GULL,CORN,YC,60968165,VENEZUELA,NEW ORLEANS,MISSISSIPPI R.,GULF,EAST GULF,27655
20260723,BU,20260722,1,MP ULTRAMAX 2,CORN,YC,23147750,JAPAN,NEW ORLEANS,MISSISSIPPI R.,GULF,EAST GULF,10500
20260723,BU,20260721,1,ATLANTIS TRADE,CORN,YC,52137980,MEXICO,NEW ORLEANS,MISSISSIPPI R.,GULF,EAST GULF,23649
20260723,BU,20260721,1,ATLANTIS TRADE,CORN,WHC,24250020,MEXICO,NEW ORLEANS,MISSISSIPPI R.,GULF,EAST GULF,11000
20260723,BU,20260722,1,MP ULTRAMAX 2,CORN,YC,91379280,JAPAN,NEW ORLEANS,MISSISSIPPI R.,GULF,EAST GULF,41449
20260723,BU,20260722,1,FUTURE,SOYBEANS,YSB,22800060,COLOMBIA,NEW ORLEANS,MISSISSIPPI R.,GULF,EAST GULF,10342
20260723,BU,20260722,1,GENCO SCORPION,CORN,YC,23767730,COLOMBIA,NEW ORLEANS,MISSISSIPPI R.,GULF,EAST GULF,10781
20260723,BU,20260722,1,GENCO SCORPION,SOYBEANS,YSB,25815900,COLOMBIA,NEW ORLEANS,MISSISSIPPI R.,GULF,EAST GULF,11710
20260723,BU,20260722,1,FUTURE,CORN,YC,95660200,COLOMBIA,NEW ORLEANS,MISSISSIPPI R.,GULF,EAST GULF,43391
20260723,BU,20260723,1,CL CENTURY,SOYBEANS,YSB,109127060,ALGERIA,NEW ORLEANS,MISSISSIPPI R.,GULF,EAST GULF,49499
20260723,BU,20260723,1,AFRICAN WAGTAIL,CORN,YC,58571180,JAPAN,NEW ORLEANS,MISSISSIPPI R.,GULF,EAST GULF,26567
20260723,BU,20260723,1,AFRICAN  WAGTAIL,SOYBEANS,YSB,37133960,JAPAN,NEW ORLEANS,MISSISSIPPI R.,GULF,EAST GULF,16844
20260723,BU,20260722,1,AFRICAN  WAGTAIL,CORN,YC,16681740,JAPAN,NEW ORLEANS,MISSISSIPPI R.,GULF,EAST GULF,7567
20260723,BU,20260723,1,GLENPARK,CORN,YC,79315740,MEXICO,NEW ORLEANS,MISSISSIPPI R.,GULF,EAST GULF,35977
20260730,BU,20260724,1,ADVENTURE,CORN,YC,70487375,MEXICO,NEW ORLEANS,MISSISSIPPI R.,GULF,EAST GULF,31973
20260730,BU,20260724,1,TANZANITE,CORN,YC,90638300,PANAMA,NEW ORLEANS,MISSISSIPPI R.,GULF,EAST GULF,41113
20260730,BU,20260725,1,ACHI,SOYBEANS,YSB,125540800,EGYPT,NEW ORLEANS,MISSISSIPPI R.,GULF,EAST GULF,56944
20260730,BU,20260724,1,BUNUN TREASURE,CORN,YC,67815320,MEXICO,NEW ORLEANS,MISSISSIPPI R.,GULF,EAST GULF,30761
20260730,BU,20260725,1,AMIS FORTUNE,CORN,YC,116571440,COLOMBIA,NEW ORLEANS,MISSISSIPPI R.,GULF,EAST GULF,52876
20260730,BU,20260725,1,ELSABETH C,CORN,YC,69850240,COLOMBIA,NEW ORLEANS,MISSISSIPPI R.,GULF,EAST GULF,31684
20260730,BU,20260724,1,VASSOS,CORN,YC,45130950,UN KINGDOM,NEW ORLEANS,MISSISSIPPI R.,GULF,EAST GULF,20471
20260730,BU,20260725,1,MOUNT HIKURANGI,WHEAT,SRW,15713630,DOMINICN REP,NEW ORLEANS,MISSISSIPPI R.,GULF,EAST GULF,7128
20260730,BU,20260726,1,EVANGELOS,CORN,YC,116443460,COLOMBIA,NEW ORLEANS,MISSISSIPPI R.,GULF,EAST GULF,52818
20260730,BU,20260726,1,CL GUANGZHOU,CORN,YC,89503000,NICARAGUA,NEW ORLEANS,MISSISSIPPI R.,GULF,EAST GULF,40598
20260730,BU,20260725,1,NORD RIVER,SOYBEANS,YSB,128153065,GERMANY,NEW ORLEANS,MISSISSIPPI R.,GULF,EAST GULF,58129
20260730,BU,20260727,1,RABEA,CORN,YC,76528820,GUATEMALA,NEW ORLEANS,MISSISSIPPI R.,GULF,EAST GULF,34713
20260730,BU,20260727,1,ISE BAY,CORN,YC,42328120,VENEZUELA,NEW ORLEANS,MISSISSIPPI R.,GULF,EAST GULF,19200
20260730,BU,20260726,1,LOWLANDS PATRASCHE,CORN,YC,95849000,COLOMBIA,NEW ORLEANS,MISSISSIPPI R.,GULF,EAST GULF,43476
20260730,BU,20260727,1,ANNECY,CORN,YC,75178140,MEXICO,NEW ORLEANS,MISSISSIPPI R.,GULF,EAST GULF,34100
20260730,BU,20260727,1,ARMERIA,CORN,YC,109126890,MEXICO,NEW ORLEANS,MISSISSIPPI R.,GULF,EAST GULF,49499
20260730,BU,20260728,1,SPAR APUS,SOYBEANS,YSB,27418780,COSTA RICA,NEW ORLEANS,MISSISSIPPI R.,GULF,EAST GULF,12437
20260730,BU,20260728,1,SPAR APUS,CORN,YC,62187420,COSTA RICA,NEW ORLEANS,MISSISSIPPI R.,GULF,EAST GULF,28208
20260730,BU,20260728,1,TEGEA,CORN,YC,118796740,PORTUGAL,NEW ORLEANS,MISSISSIPPI R.,GULF,EAST GULF,53885
20260730,BU,20260729,1,BLUE AKIHABARA,SOYBEANS,YSB,127198380,INDONESIA,NEW ORLEANS,MISSISSIPPI R.,GULF,EAST GULF,57696
20260730,BU,20260728,1,POMORZE,CORN,YC,51180560,COSTA RICA,NEW ORLEANS,MISSISSIPPI R.,GULF,EAST GULF,23215
20260730,BU,20260729,1,SOPOT,CORN,YC,76901080,MEXICO,NEW ORLEANS,MISSISSIPPI R.,GULF,EAST GULF,34882
20260730,BU,20260728,1,EFFICIENCY OL,CORN,YC,45045840,NICARAGUA,NEW ORLEANS,MISSISSIPPI R.,GULF,EAST GULF,20432
20260730,BU,20260729,1,CENTURY EMERALD,WHEAT,SRW,2378660,BARBADOS,NEW ORLEANS,MISSISSIPPI R.,GULF,EAST GULF,1079
20260730,BU,20260730,1,CENTURY EMERALD,WHEAT,HRS,8536720,BARBADOS,NEW ORLEANS,MISSISSIPPI R.,GULF,EAST GULF,3872
20260730,BU,20260730,1,FEDERAL KIBUNE,CORN,YC,59804880,COLOMBIA,NEW ORLEANS,MISSISSIPPI R.,GULF,EAST GULF,27127
20260730,BU,20260729,1,FEDERAL KIBUNE,SOYBEANS,YSB,16337620,COLOMBIA,NEW ORLEANS,MISSISSIPPI R.,GULF,EAST GULF,7411
20260730,BU,20260730,1,FEDERAL ICON,CORN,YC,135424500,SPAIN,NEW ORLEANS,MISSISSIPPI R.,GULF,EAST GULF,61428
20260730,BU,20260730,1,JADE WEALTH,CORN,YC,110511505,MEXICO,NEW ORLEANS,MISSISSIPPI R.,GULF,EAST GULF,50127
20260730,BU,20260728,1,OCEAN ANG,CORN,YC,72748620,COLOMBIA,NEW ORLEANS,MISSISSIPPI R.,GULF,EAST GULF,32998
20260730,BU,20260730,1,CENTURY EMERALD,CORN,YC,13873710,BARBADOS,NEW ORLEANS,MISSISSIPPI R.,GULF,EAST GULF,6293
20260730,BU,20260730,1,CENTURY EMERALD,SOYBEANS,YSB,6616810,BARBADOS,NEW ORLEANS,MISSISSIPPI R.,GULF,EAST GULF,3001
20260730,BU,20260730,1,MAGIC STRIKER,CORN,YC,67504860,COLOMBIA,NEW ORLEANS,MISSISSIPPI R.,GULF,EAST GULF,30620
20260806,BU,20260731,1,CUI PING FENG,SOYBEANS,YSB,145362380,CHINA,NEW ORLEANS,MISSISSIPPI R.,GULF,EAST GULF,65935
20260806,BU,20260731,1,RIGI VENTURE,CORN,YC,130489720,SPAIN,NEW ORLEANS,MISSISSIPPI R.,GULF,EAST GULF,59189
20260806,BU,20260801,1,JAG AMOL,CORN,YC,164903080,SPAIN,NEW ORLEANS,MISSISSIPPI R.,GULF,EAST GULF,74799
20260806,BU,20260801,1,THOR CHAICHANA,CORN,YC,123517600,NETHERLANDS,NEW ORLEANS,MISSISSIPPI R.,GULF,EAST GULF,56027
20260806,BU,20260731,1,CHRISTINA,CORN,YC,40344320,VENEZUELA,NEW ORLEANS,MISSISSIPPI R.,GULF,EAST GULF,18300
20260806,BU,20260801,1,UBC   TARRAGONA,CORN,YC,45411300,GUATEMALA,NEW ORLEANS,MISSISSIPPI R.,GULF,EAST GULF,20598
20260806,BU,20260731,1,YASA ROSE,CORN,WHC,18193210,HONDURAS,NEW ORLEANS,MISSISSIPPI R.,GULF,EAST GULF,8252
20260806,BU,20260731,1,YASA ROSE,WHEAT,HRS,15432210,HONDURAS,NEW ORLEANS,MISSISSIPPI R.,GULF,EAST GULF,7000
20260806,BU,20260801,1,NISA NAREE,CORN,YC,62382120,MEXICO,NEW ORLEANS,MISSISSIPPI R.,GULF,EAST GULF,28296
20260806,BU,20260802,1,ORIENT PROGRESS,CORN,WHC,17822170,EL SALVADOR,NEW ORLEANS,MISSISSIPPI R.,GULF,EAST GULF,8084
20260806,BU,20260802,1,NEW FACE,SOYBEANS,YSB,23067040,COLOMBIA,NEW ORLEANS,MISSISSIPPI R.,GULF,EAST GULF,10463
20260806,BU,20260802,1,NEW FACE,WHEAT,SRW,22709960,COLOMBIA,NEW ORLEANS,MISSISSIPPI R.,GULF,EAST GULF,10301
20260806,BU,20260803,1,ARMONIA,CORN,YC,96991220,PANAMA,NEW ORLEANS,MISSISSIPPI R.,GULF,EAST GULF,43994
20260806,BU,20260802,1,LYSIAS,CORN,YC,66137970,JAPAN,NEW ORLEANS,MISSISSIPPI R.,GULF,EAST GULF,30000
20260806,BU,20260803,1,LYSIAS,CORN,YC,47637690,JAPAN,NEW ORLEANS,MISSISSIPPI R.,GULF,EAST GULF,21608
20260806,BU,20260803,1,AQUILA TRADER,CORN,YC,43650900,HONDURAS,NEW ORLEANS,MISSISSIPPI R.,GULF,EAST GULF,19800
20260806,BU,20260804,1,DESERT SEEKER,CORN,YC,87479020,COLOMBIA,NEW ORLEANS,MISSISSIPPI R.,GULF,EAST GULF,39680
20260806,BU,20260803,1,GRACE C,CORN,YC,51295705,MEXICO,NEW ORLEANS,MISSISSIPPI R.,GULF,EAST GULF,23267
20260806,BU,20260803,1,GRACE C,SOYBEANS,YSB,24250420,MEXICO,NEW ORLEANS,MISSISSIPPI R.,GULF,EAST GULF,11000
20260806,BU,20260804,1,BELHAWK,CANOLA,,66420200,NETHERLANDS,NEW ORLEANS,MISSISSIPPI R.,GULF,EAST GULF,30128
20260806,BU,20260803,1,ORIENT PROGRESS,WHEAT,SRW,14550260,EL SALVADOR,NEW ORLEANS,MISSISSIPPI R.,GULF,EAST GULF,6600
20260806,BU,20260804,1,BORDO MAVI,SOYBEANS,YSB,115139560,JAPAN,NEW ORLEANS,MISSISSIPPI R.,GULF,EAST GULF,52226
20260806,BU,20260803,1,ALTUS,CORN,YC,22222370,JAPAN,NEW ORLEANS,MISSISSIPPI R.,GULF,EAST GULF,10080
20260806,BU,20260805,1,ALTUS,SOYBEANS,YSB,43447000,JAPAN,NEW ORLEANS,MISSISSIPPI R.,GULF,EAST GULF,19707
20260806,BU,20260804,1,ALTUS,CORN,YC,15976800,JAPAN,NEW ORLEANS,MISSISSIPPI R.,GULF,EAST GULF,7247
20260806,BU,20260804,1,ALTUS,SOYBEANS,YSB,21531140,JAPAN,NEW ORLEANS,MISSISSIPPI R.,GULF,EAST GULF,9766
20260806,BU,20260805,1,BULK JAMAICA,CORN,YC,124744860,SPAIN,NEW ORLEANS,MISSISSIPPI R.,GULF,EAST GULF,56583
20260806,BU,20260802,1,NEW FACE,CORN,YC,63094160,COLOMBIA,NEW ORLEANS,MISSISSIPPI R.,GULF,EAST GULF,28619
20260806,BU,20260805,1,ATLANTIC OLIVE,SOYBEANS,YSB,12047520,COLOMBIA,NEW ORLEANS,MISSISSIPPI R.,GULF,EAST GULF,5465
20260806,BU,20260804,1,HAMPTON OCEAN,CORN,YC,156287680,SPAIN,NEW ORLEANS,MISSISSIPPI R.,GULF,EAST GULF,70891
20260806,BU,20260805,1,NOOTKA ISLAND,CORN,YC,121246960,COLOMBIA,NEW ORLEANS,MISSISSIPPI R.,GULF,EAST GULF,54997
20260806,BU,20260804,1,ALTUS,CORN,YC,10733400,JAPAN,NEW ORLEANS,MISSISSIPPI R.,GULF,EAST GULF,4869
20260806,BU,20260806,1,PAN REGINA,CORN,YC,129679680,SPAIN,NEW ORLEANS,MISSISSIPPI R.,GULF,EAST GULF,58822
20260806,BU,20260806,1,FEDERAL TWEED,CORN,YC,77006220,COLOMBIA,NEW ORLEANS,MISSISSIPPI R.,GULF,EAST GULF,34929
20260806,BU,20260806,1,AFRICAN RAIL,CORN,YC,72863480,MEXICO,NEW ORLEANS,MISSISSIPPI R.,GULF,EAST GULF,33050
20260806,BU,20260806,1,ATLANTIC OLIVE,CORN,YC,48497720,COLOMBIA,NEW ORLEANS,MISSISSIPPI R.,GULF,EAST GULF,21998
20260806,BU,20260806,1,ATLANTIC OLIVE,WHEAT,SRW,16302640,COLOMBIA,NEW ORLEANS,MISSISSIPPI R.,GULF,EAST GULF,7395
20260806,BU,20260805,1,UBC SAGUNTO,CORN,YC,52522320,VENEZUELA,NEW ORLEANS,MISSISSIPPI R.,GULF,EAST GULF,23824
20260806,BU,20260804,1,UBC SAGUNTO,WHEAT,SRW,13985880,VENEZUELA,NEW ORLEANS,MISSISSIPPI R.,GULF,EAST GULF,6344
20260806,BU,20260806,1,PANOCEANIS,CORN,YC,74956380,VENEZUELA,NEW ORLEANS,MISSISSIPPI R.,GULF,EAST GULF,34000
20260806,BU,20260806,1,BELHAWK,CORN,YC,50494300,NETHERLANDS,NEW ORLEANS,MISSISSIPPI R.,GULF,EAST GULF,22904
20260806,BU,20260806,1,HARVEST RAIN,SOYBEANS,YSB,190170690,GERMANY,NEW ORLEANS,MISSISSIPPI R.,GULF,EAST GULF,86260
20260806,BU,20260806,1,AMOY GLORY,CORN,WHC,23460240,MEXICO,NEW ORLEANS,MISSISSIPPI R.,GULF,EAST GULF,10641
20260806,BU,20260806,1,NORDULTRA,WHEAT,SRW,113661200,PERU,NEW ORLEANS,MISSISSIPPI R.,GULF,EAST GULF,51556
20260813,BU,20260807,1,PAC CAPELLA,SOYBEANS,YSB,55301740,INDONESIA,NEW ORLEANS,MISSISSIPPI R.,GULF,EAST GULF,25084
20260813,BU,20260807,1,UNION TAYLOR,CORN,WHC,34685160,HONDURAS,NEW ORLEANS,MISSISSIPPI R.,GULF,EAST GULF,15733
20260813,BU,20260807,1,AMOY  GLORY,CORN,YC,81803060,MEXICO,NEW ORLEANS,MISSISSIPPI R.,GULF,EAST GULF,37105
20260813,BU,20260807,1,UNION TAYLOR,WHEAT,HRS,13998900,HONDURAS,NEW ORLEANS,MISSISSIPPI R.,GULF,EAST GULF,6350
20260813,BU,20260808,1,BBC CERES,CORN,WHC,17165150,EL SALVADOR,NEW ORLEANS,MISSISSIPPI R.,GULF,EAST GULF,7786
20260813,BU,20260808,1,BBC CERES,CORN,YC,18037350,EL SALVADOR,NEW ORLEANS,MISSISSIPPI R.,GULF,EAST GULF,8182
20260813,BU,20260808,1,NIGHTINGALE ISLAND,CORN,YC,129341660,MEXICO,NEW ORLEANS,MISSISSIPPI R.,GULF,EAST GULF,58668
20260813,BU,20260808,1,ULTRA MARGAY,CORN,YC,162996520,PORTUGAL,NEW ORLEANS,MISSISSIPPI R.,GULF,EAST GULF,73934
20260813,BU,20260809,1,UBC STAVANGER,CORN,YC,45246110,MEXICO,NEW ORLEANS,MISSISSIPPI R.,GULF,EAST GULF,20523
20260813,BU,20260809,1,UBC STAVANGER,WHEAT,HRW,8818430,MEXICO,NEW ORLEANS,MISSISSIPPI R.,GULF,EAST GULF,4000
20260813,BU,20260809,1,ARNICA,CORN,YC,83534420,MEXICO,NEW ORLEANS,MISSISSIPPI R.,GULF,EAST GULF,37891
20260813,BU,20260808,1,ARNICA,WHEAT,SRW,27077920,MEXICO,NEW ORLEANS,MISSISSIPPI R.,GULF,EAST GULF,12282
20260813,BU,20260807,1,UNION TAYLOR,WHEAT,HRW,14197260,HONDURAS,NEW ORLEANS,MISSISSIPPI R.,GULF,EAST GULF,6440
20260813,BU,20260810,1,MEIYU,CORN,YC,18086960,JAPAN,NEW ORLEANS,MISSISSIPPI R.,GULF,EAST GULF,8204
20260813,BU,20260810,1,MEIYU,SOYBEANS,YSB,14288420,JAPAN,NEW ORLEANS,MISSISSIPPI R.,GULF,EAST GULF,6481
20260813,BU,20260810,1,CROWN TRADER,WHEAT,SRW,72751640,MEXICO,NEW ORLEANS,MISSISSIPPI R.,GULF,EAST GULF,33000
20260813,BU,20260808,1,SUNNY BAY,CORN,YC,84876360,MEXICO,NEW ORLEANS,MISSISSIPPI R.,GULF,EAST GULF,38499
20260813,BU,20260808,1,SUNNY BAY,WHEAT,SRW,24249060,MEXICO,NEW ORLEANS,MISSISSIPPI R.,GULF,EAST GULF,10999
20260813,BU,20260808,1,GOLDEN WAVE,CORN,YC,154334420,SPAIN,NEW ORLEANS,MISSISSIPPI R.,GULF,EAST GULF,70005
20260813,BU,20260809,1,ADVENTURE,CORN,YC,71771180,MEXICO,NEW ORLEANS,MISSISSIPPI R.,GULF,EAST GULF,32555
20260813,BU,20260809,1,COOPER ISLAND,CORN,YC,121249660,COLOMBIA,NEW ORLEANS,MISSISSIPPI R.,GULF,EAST GULF,54998
20260813,BU,20260809,1,BUNUN  TREASURE,CORN,WHC,14550360,GUATEMALA,NEW ORLEANS,MISSISSIPPI R.,GULF,EAST GULF,6600
20260813,BU,20260810,1,WINTER SEA,CORN,YC,43710130,GUATEMALA,NEW ORLEANS,MISSISSIPPI R.,GULF,EAST GULF,19827
20260813,BU,20260810,1,AMBER STAR GR,CORN,YC,62401155,MEXICO,NEW ORLEANS,MISSISSIPPI R.,GULF,EAST GULF,28305
20260813,BU,20260810,1,AMBER STAR GR,WHEAT,SRW,9698950,MEXICO,NEW ORLEANS,MISSISSIPPI R.,GULF,EAST GULF,4399
20260813,BU,20260809,1,ULTRA INFINITY,SOYBEANS,YSB,127228440,EGYPT,NEW ORLEANS,MISSISSIPPI R.,GULF,EAST GULF,57710
20260813,BU,20260809,1,CECILIE F,CORN,YC,104545360,NETHERLANDS,NEW ORLEANS,MISSISSIPPI R.,GULF,EAST GULF,47421
20260813,BU,20260811,1,ORIENT PEARL,CORN,YC,51348800,HONDURAS,NEW ORLEANS,MISSISSIPPI R.,GULF,EAST GULF,23291
20260813,BU,20260811,1,ATLANTIS TRADE,CORN,YC,78328720,MEXICO,NEW ORLEANS,MISSISSIPPI R.,GULF,EAST GULF,35529
20260813,BU,20260812,1,NEW BLISS,CORN,YC,52328480,JAPAN,NEW ORLEANS,MISSISSIPPI R.,GULF,EAST GULF,23736
20260813,BU,20260812,1,NEW BLISS,SOYBEANS,YSB,31789400,JAPAN,NEW ORLEANS,MISSISSIPPI R.,GULF,EAST GULF,14419
20260813,BU,20260812,1,UBC TACOMA,CORN,YC,78083640,VENEZUELA,NEW ORLEANS,MISSISSIPPI R.,GULF,EAST GULF,35418
20260813,BU,20260812,1,NEW BLISS,CORN,YC,22897420,JAPAN,NEW ORLEANS,MISSISSIPPI R.,GULF,EAST GULF,10386
20260813,BU,20260812,1,IRIS K,CORN,YC,77804755,COLOMBIA,NEW ORLEANS,MISSISSIPPI R.,GULF,EAST GULF,35292
20260813,BU,20260810,1,ARUNA ISMAIL,CORN,YC,112890100,COLOMBIA,NEW ORLEANS,MISSISSIPPI R.,GULF,EAST GULF,51206
20260813,BU,20260813,1,SAPIENTZA,CORN,YC,91261660,MEXICO,NEW ORLEANS,MISSISSIPPI R.,GULF,EAST GULF,41396
20260813,BU,20260812,1,SAPIENTZA,WHEAT,SRW,23455920,MEXICO,NEW ORLEANS,MISSISSIPPI R.,GULF,EAST GULF,10639
20260813,BU,20260813,1,CONDOR ARROW,CORN,YC,24139480,JAPAN,NEW ORLEANS,MISSISSIPPI R.,GULF,EAST GULF,10949
20260813,BU,20260811,1,CONDOR ARROW,CORN,WHC,21162600,JAPAN,NEW ORLEANS,MISSISSIPPI R.,GULF,EAST GULF,9599
20260813,BU,20260810,1,MEIYU,SOYBEANS,YSB,43601860,JAPAN,NEW ORLEANS,MISSISSIPPI R.,GULF,EAST GULF,19777
20260813,BU,20260811,1,MEIYU,CORN,YC,36581600,JAPAN,NEW ORLEANS,MISSISSIPPI R.,GULF,EAST GULF,16593
20260813,BU,20260813,1,PRISMA,CORN,YC,109131240,SPAIN,NEW ORLEANS,MISSISSIPPI R.,GULF,EAST GULF,49501
20260813,BU,20260813,1,SUMMER SKY,SOYBEANS,YSB,36600920,JAPAN,NEW ORLEANS,MISSISSIPPI R.,GULF,EAST GULF,16602
20260813,BU,20260813,1,SUMMER SKY,CORN,YC,25198740,JAPAN,NEW ORLEANS,MISSISSIPPI R.,GULF,EAST GULF,11430
20260813,BU,20260813,1,CONDOR ARROW,CORN,YC,64268480,JAPAN,NEW ORLEANS,MISSISSIPPI R.,GULF,EAST GULF,29152
20260813,BU,20260813,1,SUMMER SKY,CORN,YC,24543320,JAPAN,NEW ORLEANS,MISSISSIPPI R.,GULF,EAST GULF,11133
20260813,BU,20260812,1,SUMMER SKY,CORN,YC,28236380,JAPAN,NEW ORLEANS,MISSISSIPPI R.,GULF,EAST GULF,12808
20260813,BU,20260813,1,AQUARIUS,CORN,YC,103835380,MEXICO,NEW ORLEANS,MISSISSIPPI R.,GULF,EAST GULF,47099
20260813,BU,20260813,1,DOVER,WHEAT,SRW,23038100,NICARAGUA,NEW ORLEANS,MISSISSIPPI R.,GULF,EAST GULF,10450
20260813,BU,20260813,1,DOVER,CORN,YC,82121360,NICARAGUA,NEW ORLEANS,MISSISSIPPI R.,GULF,EAST GULF,37250
20260813,BU,20260813,1,IGUAZU,WHEAT,SRW,33949800,MOZAMBIQUE,NEW ORLEANS,MISSISSIPPI R.,GULF,EAST GULF,15399